dep,nb_crib,nb_pos,nb_C1,tx_C1,datetime
01,53.0,433.0,0.0,0.0,2021-06-06
59,1095.0,2946.0,4.0,0.48,2021-06-06
78,721.0,1632.0,4.0,1.37,2021-06-06
87,2.0,227.0,0.0,0.0,2021-06-06
71,204.0,433.0,4.0,4.08,2021-06-06
54,236.0,490.0,0.0,0.0,2021-06-06
32,23.0,129.0,0.0,0.0,2021-06-06
36,70.0,188.0,0.0,0.0,2021-06-06
971,39.0,243.0,0.0,0.0,2021-06-06
23,1.0,24.0,0.0,0.0,2021-06-06
61,108.0,300.0,0.0,0.0,2021-06-06
43,60.0,241.0,0.0,0.0,2021-06-06
48,2.0,30.0,0.0,0.0,2021-06-06
80,260.0,474.0,1.0,0.51,2021-06-06
02,102.0,445.0,0.0,0.0,2021-06-06
976,1.0,34.0,0.0,0.0,2021-06-06
91,634.0,1504.0,13.0,3.47,2021-06-06
72,107.0,533.0,2.0,40.0,2021-06-06
04,15.0,105.0,0.0,0.0,2021-06-06
25,240.0,481.0,0.0,0.0,2021-06-06
09,25.0,71.0,0.0,0.0,2021-06-06
2A,27.0,52.0,0.0,0.0,2021-06-06
11,74.0,240.0,0.0,0.0,2021-06-06
82,10.0,197.0,0.0,0.0,2021-06-06
31,374.0,1395.0,0.0,0.0,2021-06-06
86,169.0,215.0,0.0,0.0,2021-06-06
37,97.0,371.0,2.0,2.44,2021-06-06
15,17.0,71.0,0.0,0.0,2021-06-06
65,31.0,138.0,0.0,0.0,2021-06-06
85,64.0,362.0,0.0,0.0,2021-06-06
14,120.0,484.0,3.0,3.33,2021-06-06
46,10.0,93.0,0.0,0.0,2021-06-06
18,132.0,193.0,0.0,0.0,2021-06-06
27,274.0,664.0,0.0,0.0,2021-06-06
33,110.0,1272.0,1.0,4.0,2021-06-06
60,338.0,835.0,0.0,0.0,2021-06-06
77,595.0,1558.0,2.0,1.18,2021-06-06
38,163.0,790.0,8.0,22.86,2021-06-06
973,428.0,1089.0,0.0,0.0,2021-06-06
75,691.0,2553.0,7.0,2.99,2021-06-06
62,567.0,1406.0,0.0,0.0,2021-06-06
972,19.0,83.0,0.0,0.0,2021-06-06
67,535.0,1188.0,1.0,12.5,2021-06-06
40,10.0,399.0,5.0,83.33,2021-06-06
39,138.0,195.0,0.0,0.0,2021-06-06
29,364.0,576.0,0.0,0.0,2021-06-06
52,23.0,118.0,0.0,0.0,2021-06-06
24,48.0,228.0,0.0,0.0,2021-06-06
50,152.0,427.0,1.0,0.71,2021-06-06
89,197.0,352.0,0.0,0.0,2021-06-06
34,77.0,997.0,0.0,0.0,2021-06-06
28,31.0,381.0,0.0,0.0,2021-06-06
08,8.0,257.0,0.0,0.0,2021-06-06
84,29.0,429.0,1.0,4.35,2021-06-06
35,356.0,819.0,0.0,0.0,2021-06-06
26,129.0,247.0,0.0,0.0,2021-06-06
974,76.0,1472.0,0.0,0.0,2021-06-06
42,421.0,1110.0,0.0,0.0,2021-06-06
57,365.0,727.0,0.0,0.0,2021-06-06
68,425.0,785.0,0.0,0.0,2021-06-06
2B,10.0,44.0,0.0,0.0,2021-06-06
83,263.0,611.0,0.0,0.0,2021-06-06
69,394.0,1949.0,4.0,4.12,2021-06-06
12,2.0,163.0,0.0,0.0,2021-06-06
51,121.0,420.0,1.0,1.49,2021-06-06
90,3.0,116.0,0.0,0.0,2021-06-06
45,256.0,877.0,0.0,0.0,2021-06-06
73,114.0,282.0,0.0,0.0,2021-06-06
22,50.0,348.0,0.0,0.0,2021-06-06
70,131.0,195.0,0.0,0.0,2021-06-06
55,61.0,102.0,0.0,0.0,2021-06-06
93,470.0,2332.0,9.0,3.88,2021-06-06
10,90.0,144.0,0.0,0.0,2021-06-06
06,162.0,400.0,1.0,14.29,2021-06-06
16,53.0,129.0,0.0,0.0,2021-06-06
58,15.0,100.0,0.0,0.0,2021-06-06
03,6.0,273.0,0.0,0.0,2021-06-06
978,14.0,140.0,0.0,0.0,2021-06-06
17,13.0,248.0,0.0,0.0,2021-06-06
79,150.0,222.0,0.0,0.0,2021-06-06
66,9.0,423.0,1.0,33.33,2021-06-06
30,17.0,609.0,1.0,33.33,2021-06-06
41,47.0,196.0,0.0,0.0,2021-06-06
49,262.0,587.0,0.0,0.0,2021-06-06
92,493.0,1819.0,8.0,7.34,2021-06-06
56,185.0,456.0,0.0,0.0,2021-06-06
63,51.0,471.0,1.0,2.5,2021-06-06
53,218.0,347.0,0.0,0.0,2021-06-06
05,16.0,118.0,0.0,0.0,2021-06-06
95,494.0,1721.0,6.0,3.59,2021-06-06
07,77.0,194.0,0.0,0.0,2021-06-06
21,287.0,724.0,0.0,0.0,2021-06-06
977,2.0,6.0,0.0,0.0,2021-06-06
64,17.0,659.0,3.0,25.0,2021-06-06
13,559.0,2227.0,21.0,10.66,2021-06-06
88,74.0,283.0,0.0,0.0,2021-06-06
94,543.0,1757.0,6.0,4.38,2021-06-06
44,186.0,1154.0,0.0,0.0,2021-06-06
47,40.0,192.0,0.0,0.0,2021-06-06
81,165.0,347.0,0.0,0.0,2021-06-06
74,13.0,637.0,0.0,0.0,2021-06-06
76,439.0,1127.0,1.0,0.52,2021-06-06
19,35.0,168.0,0.0,0.0,2021-06-06
73,116.0,258.0,0.0,0.0,2021-06-07
27,250.0,606.0,0.0,0.0,2021-06-07
69,537.0,1789.0,8.0,5.37,2021-06-07
66,7.0,386.0,1.0,50.0,2021-06-07
52,36.0,110.0,0.0,0.0,2021-06-07
93,478.0,2133.0,15.0,5.77,2021-06-07
60,333.0,724.0,0.0,0.0,2021-06-07
29,346.0,562.0,0.0,0.0,2021-06-07
42,415.0,981.0,0.0,0.0,2021-06-07
81,163.0,310.0,0.0,0.0,2021-06-07
64,21.0,582.0,3.0,20.0,2021-06-07
2B,13.0,46.0,0.0,0.0,2021-06-07
33,127.0,1177.0,3.0,6.67,2021-06-07
972,19.0,81.0,0.0,0.0,2021-06-07
77,547.0,1368.0,7.0,3.85,2021-06-07
95,503.0,1562.0,3.0,1.52,2021-06-07
94,505.0,1514.0,7.0,4.14,2021-06-07
65,32.0,123.0,1.0,6.67,2021-06-07
86,163.0,203.0,0.0,0.0,2021-06-07
82,15.0,202.0,0.0,0.0,2021-06-07
88,96.0,256.0,0.0,0.0,2021-06-07
63,45.0,442.0,1.0,2.94,2021-06-07
68,379.0,713.0,0.0,0.0,2021-06-07
22,45.0,322.0,0.0,0.0,2021-06-07
74,16.0,573.0,0.0,0.0,2021-06-07
25,207.0,429.0,0.0,0.0,2021-06-07
91,593.0,1370.0,12.0,3.17,2021-06-07
47,44.0,193.0,1.0,6.67,2021-06-07
02,126.0,398.0,0.0,0.0,2021-06-07
48,1.0,22.0,0.0,0.0,2021-06-07
43,75.0,203.0,0.0,0.0,2021-06-07
92,544.0,1640.0,9.0,6.98,2021-06-07
51,127.0,359.0,1.0,1.49,2021-06-07
971,37.0,227.0,0.0,0.0,2021-06-07
90,4.0,102.0,0.0,0.0,2021-06-07
78,729.0,1523.0,4.0,1.17,2021-06-07
40,14.0,384.0,10.0,90.91,2021-06-07
14,146.0,458.0,3.0,2.59,2021-06-07
59,1007.0,2656.0,8.0,1.1,2021-06-07
79,134.0,191.0,0.0,0.0,2021-06-07
08,30.0,232.0,0.0,0.0,2021-06-07
87,5.0,198.0,0.0,0.0,2021-06-07
89,188.0,299.0,0.0,0.0,2021-06-07
10,84.0,127.0,0.0,0.0,2021-06-07
62,516.0,1230.0,0.0,0.0,2021-06-07
18,119.0,174.0,0.0,0.0,2021-06-07
06,151.0,396.0,1.0,14.29,2021-06-07
83,246.0,566.0,0.0,0.0,2021-06-07
71,174.0,387.0,4.0,4.94,2021-06-07
32,27.0,128.0,0.0,0.0,2021-06-07
23,0.0,26.0,0.0,0.0,2021-06-07
54,293.0,458.0,0.0,0.0,2021-06-07
36,58.0,162.0,0.0,0.0,2021-06-07
03,24.0,249.0,0.0,0.0,2021-06-07
49,228.0,486.0,0.0,0.0,2021-06-07
70,108.0,169.0,0.0,0.0,2021-06-07
2A,23.0,50.0,0.0,0.0,2021-06-07
15,9.0,61.0,0.0,0.0,2021-06-07
976,1.0,38.0,0.0,0.0,2021-06-07
72,74.0,478.0,1.0,25.0,2021-06-07
04,11.0,82.0,1.0,20.0,2021-06-07
61,95.0,251.0,0.0,0.0,2021-06-07
46,10.0,91.0,0.0,0.0,2021-06-07
30,38.0,562.0,1.0,50.0,2021-06-07
11,70.0,198.0,0.0,0.0,2021-06-07
56,185.0,437.0,0.0,0.0,2021-06-07
31,376.0,1242.0,0.0,0.0,2021-06-07
57,461.0,665.0,0.0,0.0,2021-06-07
37,92.0,346.0,3.0,4.05,2021-06-07
76,427.0,975.0,0.0,0.0,2021-06-07
53,178.0,288.0,0.0,0.0,2021-06-07
07,68.0,188.0,0.0,0.0,2021-06-07
977,2.0,6.0,0.0,0.0,2021-06-07
05,20.0,113.0,0.0,0.0,2021-06-07
19,42.0,160.0,0.0,0.0,2021-06-07
80,202.0,381.0,0.0,0.0,2021-06-07
85,70.0,308.0,0.0,0.0,2021-06-07
978,15.0,133.0,0.0,0.0,2021-06-07
41,39.0,172.0,0.0,0.0,2021-06-07
01,55.0,375.0,0.0,0.0,2021-06-07
09,21.0,64.0,0.0,0.0,2021-06-07
13,528.0,2040.0,19.0,9.27,2021-06-07
38,158.0,714.0,8.0,16.0,2021-06-07
973,367.0,1088.0,0.0,0.0,2021-06-07
44,167.0,1049.0,2.0,3.85,2021-06-07
75,694.0,2438.0,9.0,3.6,2021-06-07
21,280.0,654.0,0.0,0.0,2021-06-07
67,492.0,1119.0,12.0,48.0,2021-06-07
39,134.0,190.0,0.0,0.0,2021-06-07
55,74.0,94.0,0.0,0.0,2021-06-07
45,272.0,817.0,0.0,0.0,2021-06-07
16,47.0,108.0,0.0,0.0,2021-06-07
84,21.0,373.0,2.0,11.76,2021-06-07
12,3.0,146.0,0.0,0.0,2021-06-07
24,51.0,223.0,0.0,0.0,2021-06-07
35,325.0,731.0,0.0,0.0,2021-06-07
974,187.0,1497.0,0.0,0.0,2021-06-07
26,112.0,236.0,0.0,0.0,2021-06-07
28,30.0,322.0,0.0,0.0,2021-06-07
17,41.0,212.0,3.0,9.38,2021-06-07
58,18.0,83.0,0.0,0.0,2021-06-07
50,145.0,369.0,1.0,0.74,2021-06-07
34,162.0,952.0,0.0,0.0,2021-06-07
10,72.0,118.0,0.0,0.0,2021-06-08
06,149.0,363.0,1.0,9.09,2021-06-08
92,557.0,1539.0,13.0,8.9,2021-06-08
93,506.0,2011.0,15.0,5.45,2021-06-08
13,504.0,1917.0,16.0,8.04,2021-06-08
79,107.0,145.0,0.0,0.0,2021-06-08
37,96.0,351.0,2.0,2.7,2021-06-08
41,39.0,136.0,0.0,0.0,2021-06-08
45,249.0,769.0,3.0,25.0,2021-06-08
66,7.0,356.0,1.0,50.0,2021-06-08
56,189.0,419.0,0.0,0.0,2021-06-08
30,52.0,483.0,1.0,100.0,2021-06-08
12,2.0,145.0,0.0,0.0,2021-06-08
49,212.0,454.0,0.0,0.0,2021-06-08
44,176.0,987.0,2.0,2.67,2021-06-08
91,574.0,1295.0,14.0,3.87,2021-06-08
83,236.0,542.0,0.0,0.0,2021-06-08
35,298.0,678.0,0.0,0.0,2021-06-08
59,929.0,2401.0,10.0,1.54,2021-06-08
28,33.0,305.0,0.0,0.0,2021-06-08
87,18.0,176.0,0.0,0.0,2021-06-08
34,222.0,864.0,0.0,0.0,2021-06-08
84,19.0,333.0,2.0,11.76,2021-06-08
29,328.0,540.0,0.0,0.0,2021-06-08
62,475.0,1137.0,1.0,0.33,2021-06-08
46,8.0,82.0,0.0,0.0,2021-06-08
2B,11.0,44.0,0.0,0.0,2021-06-08
77,500.0,1242.0,11.0,5.82,2021-06-08
75,673.0,2296.0,14.0,5.13,2021-06-08
09,20.0,60.0,0.0,0.0,2021-06-08
60,332.0,663.0,0.0,0.0,2021-06-08
18,107.0,160.0,0.0,0.0,2021-06-08
85,76.0,287.0,0.0,0.0,2021-06-08
74,24.0,551.0,0.0,0.0,2021-06-08
80,178.0,347.0,3.0,2.19,2021-06-08
78,680.0,1390.0,4.0,1.17,2021-06-08
22,47.0,291.0,0.0,0.0,2021-06-08
05,18.0,108.0,0.0,0.0,2021-06-08
65,27.0,98.0,1.0,6.25,2021-06-08
53,163.0,259.0,0.0,0.0,2021-06-08
31,358.0,1131.0,0.0,0.0,2021-06-08
11,66.0,186.0,0.0,0.0,2021-06-08
86,147.0,184.0,0.0,0.0,2021-06-08
88,93.0,222.0,0.0,0.0,2021-06-08
04,9.0,60.0,2.0,33.33,2021-06-08
72,72.0,429.0,0.0,0.0,2021-06-08
02,145.0,358.0,1.0,2.78,2021-06-08
48,4.0,25.0,0.0,0.0,2021-06-08
2A,18.0,50.0,0.0,0.0,2021-06-08
36,61.0,141.0,0.0,0.0,2021-06-08
08,38.0,220.0,0.0,0.0,2021-06-08
32,31.0,120.0,2.0,10.53,2021-06-08
21,263.0,581.0,0.0,0.0,2021-06-08
73,115.0,242.0,2.0,6.25,2021-06-08
38,152.0,688.0,9.0,14.75,2021-06-08
42,401.0,880.0,0.0,0.0,2021-06-08
89,168.0,274.0,0.0,0.0,2021-06-08
58,21.0,79.0,0.0,0.0,2021-06-08
76,417.0,901.0,0.0,0.0,2021-06-08
71,170.0,362.0,2.0,2.22,2021-06-08
40,21.0,356.0,11.0,84.62,2021-06-08
971,34.0,214.0,0.0,0.0,2021-06-08
43,77.0,188.0,0.0,0.0,2021-06-08
70,84.0,139.0,0.0,0.0,2021-06-08
03,34.0,224.0,0.0,0.0,2021-06-08
25,196.0,403.0,0.0,0.0,2021-06-08
68,364.0,671.0,1.0,50.0,2021-06-08
978,17.0,130.0,0.0,0.0,2021-06-08
82,15.0,178.0,0.0,0.0,2021-06-08
95,469.0,1470.0,5.0,2.34,2021-06-08
977,5.0,11.0,0.0,0.0,2021-06-08
972,17.0,83.0,0.0,0.0,2021-06-08
07,74.0,175.0,0.0,0.0,2021-06-08
52,41.0,101.0,0.0,0.0,2021-06-08
23,1.0,27.0,0.0,0.0,2021-06-08
54,314.0,426.0,0.0,0.0,2021-06-08
15,12.0,67.0,0.0,0.0,2021-06-08
976,0.0,36.0,0.0,0.0,2021-06-08
974,276.0,1503.0,0.0,0.0,2021-06-08
26,100.0,219.0,0.0,0.0,2021-06-08
61,87.0,245.0,0.0,0.0,2021-06-08
63,44.0,408.0,1.0,3.23,2021-06-08
50,135.0,337.0,0.0,0.0,2021-06-08
39,131.0,195.0,0.0,0.0,2021-06-08
67,483.0,1039.0,20.0,40.82,2021-06-08
973,400.0,1126.0,1.0,0.41,2021-06-08
57,515.0,645.0,0.0,0.0,2021-06-08
27,225.0,551.0,1.0,0.6,2021-06-08
33,150.0,1113.0,4.0,5.19,2021-06-08
19,57.0,170.0,0.0,0.0,2021-06-08
24,51.0,199.0,0.0,0.0,2021-06-08
55,82.0,99.0,0.0,0.0,2021-06-08
14,164.0,436.0,4.0,3.05,2021-06-08
51,137.0,338.0,1.0,1.35,2021-06-08
69,621.0,1705.0,10.0,5.85,2021-06-08
64,33.0,564.0,5.0,17.86,2021-06-08
90,4.0,100.0,0.0,0.0,2021-06-08
01,58.0,341.0,0.0,0.0,2021-06-08
47,54.0,195.0,1.0,3.85,2021-06-08
94,481.0,1390.0,7.0,3.54,2021-06-08
17,59.0,202.0,4.0,8.0,2021-06-08
16,46.0,95.0,0.0,0.0,2021-06-08
81,154.0,267.0,0.0,0.0,2021-06-08
67,457.0,937.0,24.0,32.88,2021-06-09
18,96.0,143.0,1.0,7.14,2021-06-09
51,138.0,312.0,1.0,1.41,2021-06-09
19,58.0,164.0,0.0,0.0,2021-06-09
38,163.0,660.0,10.0,12.5,2021-06-09
09,17.0,56.0,0.0,0.0,2021-06-09
57,495.0,588.0,0.0,0.0,2021-06-09
31,331.0,999.0,1.0,6.25,2021-06-09
73,101.0,207.0,3.0,8.33,2021-06-09
83,234.0,508.0,0.0,0.0,2021-06-09
60,324.0,578.0,0.0,0.0,2021-06-09
53,152.0,224.0,2.0,6.45,2021-06-09
84,20.0,317.0,2.0,11.11,2021-06-09
12,7.0,130.0,0.0,0.0,2021-06-09
33,166.0,1038.0,5.0,5.21,2021-06-09
52,46.0,94.0,0.0,0.0,2021-06-09
10,60.0,106.0,0.0,0.0,2021-06-09
77,481.0,1168.0,11.0,5.88,2021-06-09
07,72.0,151.0,0.0,0.0,2021-06-09
972,18.0,85.0,0.0,0.0,2021-06-09
66,5.0,318.0,0.0,0.0,2021-06-09
46,7.0,67.0,0.0,0.0,2021-06-09
69,680.0,1573.0,12.0,6.67,2021-06-09
977,6.0,11.0,0.0,0.0,2021-06-09
27,215.0,494.0,6.0,3.57,2021-06-09
75,656.0,2170.0,21.0,7.05,2021-06-09
44,180.0,854.0,2.0,2.3,2021-06-09
13,480.0,1746.0,16.0,8.33,2021-06-09
32,36.0,112.0,3.0,12.0,2021-06-09
21,245.0,468.0,0.0,0.0,2021-06-09
2A,15.0,46.0,0.0,0.0,2021-06-09
36,55.0,110.0,0.0,0.0,2021-06-09
15,18.0,64.0,1.0,25.0,2021-06-09
80,165.0,304.0,4.0,2.99,2021-06-09
71,152.0,332.0,2.0,2.27,2021-06-09
01,58.0,307.0,0.0,0.0,2021-06-09
72,85.0,403.0,2.0,50.0,2021-06-09
64,42.0,536.0,5.0,13.89,2021-06-09
976,0.0,32.0,0.0,0.0,2021-06-09
85,82.0,273.0,0.0,0.0,2021-06-09
35,294.0,630.0,0.0,0.0,2021-06-09
974,367.0,1459.0,0.0,0.0,2021-06-09
93,496.0,1883.0,17.0,6.39,2021-06-09
26,91.0,195.0,0.0,0.0,2021-06-09
54,296.0,419.0,0.0,0.0,2021-06-09
28,29.0,274.0,0.0,0.0,2021-06-09
39,116.0,175.0,3.0,18.75,2021-06-09
50,130.0,301.0,0.0,0.0,2021-06-09
34,257.0,759.0,0.0,0.0,2021-06-09
04,8.0,56.0,2.0,40.0,2021-06-09
24,50.0,184.0,0.0,0.0,2021-06-09
61,91.0,231.0,0.0,0.0,2021-06-09
62,444.0,1027.0,1.0,0.37,2021-06-09
68,345.0,617.0,4.0,57.14,2021-06-09
973,418.0,1176.0,1.0,0.31,2021-06-09
11,60.0,170.0,0.0,0.0,2021-06-09
05,12.0,92.0,0.0,0.0,2021-06-09
23,2.0,26.0,0.0,0.0,2021-06-09
42,396.0,822.0,0.0,0.0,2021-06-09
92,561.0,1414.0,15.0,10.14,2021-06-09
56,178.0,370.0,0.0,0.0,2021-06-09
48,4.0,23.0,0.0,0.0,2021-06-09
41,26.0,106.0,0.0,0.0,2021-06-09
95,459.0,1342.0,5.0,2.16,2021-06-09
30,68.0,398.0,2.0,66.67,2021-06-09
2B,10.0,36.0,0.0,0.0,2021-06-09
70,79.0,138.0,0.0,0.0,2021-06-09
06,142.0,344.0,1.0,7.69,2021-06-09
29,325.0,515.0,1.0,0.71,2021-06-09
49,219.0,432.0,0.0,0.0,2021-06-09
81,131.0,232.0,0.0,0.0,2021-06-09
88,86.0,206.0,0.0,0.0,2021-06-09
86,133.0,167.0,0.0,0.0,2021-06-09
02,149.0,314.0,1.0,2.86,2021-06-09
03,38.0,215.0,1.0,2.7,2021-06-09
82,12.0,159.0,0.0,0.0,2021-06-09
25,185.0,376.0,0.0,0.0,2021-06-09
40,21.0,307.0,12.0,85.71,2021-06-09
90,3.0,93.0,0.0,0.0,2021-06-09
978,17.0,125.0,0.0,0.0,2021-06-09
16,34.0,75.0,0.0,0.0,2021-06-09
65,25.0,95.0,1.0,7.69,2021-06-09
43,74.0,168.0,1.0,33.33,2021-06-09
971,32.0,202.0,0.0,0.0,2021-06-09
74,38.0,526.0,0.0,0.0,2021-06-09
17,75.0,195.0,7.0,10.61,2021-06-09
87,22.0,161.0,0.0,0.0,2021-06-09
89,162.0,272.0,0.0,0.0,2021-06-09
94,442.0,1266.0,7.0,3.43,2021-06-09
55,83.0,95.0,0.0,0.0,2021-06-09
37,93.0,337.0,2.0,2.82,2021-06-09
59,867.0,2162.0,10.0,1.77,2021-06-09
14,163.0,398.0,8.0,5.8,2021-06-09
63,34.0,378.0,2.0,9.09,2021-06-09
08,49.0,197.0,0.0,0.0,2021-06-09
79,102.0,136.0,0.0,0.0,2021-06-09
91,535.0,1164.0,19.0,5.38,2021-06-09
76,413.0,850.0,0.0,0.0,2021-06-09
47,55.0,197.0,1.0,3.12,2021-06-09
78,631.0,1265.0,8.0,2.28,2021-06-09
45,210.0,677.0,3.0,25.0,2021-06-09
58,31.0,70.0,1.0,3.7,2021-06-09
22,36.0,260.0,0.0,0.0,2021-06-09
976,0.0,35.0,0.0,0.0,2021-06-10
17,88.0,168.0,7.0,8.86,2021-06-10
36,42.0,92.0,1.0,4.35,2021-06-10
06,123.0,317.0,1.0,7.69,2021-06-10
01,59.0,263.0,0.0,0.0,2021-06-10
45,176.0,621.0,5.0,35.71,2021-06-10
978,17.0,120.0,0.0,0.0,2021-06-10
72,101.0,362.0,2.0,50.0,2021-06-10
15,18.0,61.0,2.0,40.0,2021-06-10
49,206.0,394.0,0.0,0.0,2021-06-10
41,24.0,93.0,0.0,0.0,2021-06-10
05,13.0,71.0,0.0,0.0,2021-06-10
977,6.0,11.0,0.0,0.0,2021-06-10
07,69.0,127.0,1.0,9.09,2021-06-10
12,17.0,127.0,0.0,0.0,2021-06-10
16,35.0,71.0,0.0,0.0,2021-06-10
37,90.0,313.0,3.0,4.35,2021-06-10
44,215.0,762.0,2.0,1.68,2021-06-10
76,424.0,808.0,1.0,0.34,2021-06-10
53,140.0,208.0,2.0,5.88,2021-06-10
83,217.0,473.0,0.0,0.0,2021-06-10
19,63.0,161.0,0.0,0.0,2021-06-10
57,480.0,569.0,0.0,0.0,2021-06-10
56,156.0,316.0,0.0,0.0,2021-06-10
31,299.0,875.0,2.0,5.0,2021-06-10
30,68.0,372.0,1.0,25.0,2021-06-10
11,59.0,154.0,0.0,0.0,2021-06-10
70,73.0,118.0,1.0,7.14,2021-06-10
61,90.0,204.0,0.0,0.0,2021-06-10
04,8.0,57.0,2.0,33.33,2021-06-10
03,45.0,206.0,1.0,2.27,2021-06-10
58,34.0,58.0,1.0,3.7,2021-06-10
54,270.0,404.0,0.0,0.0,2021-06-10
55,65.0,75.0,0.0,0.0,2021-06-10
21,240.0,419.0,0.0,0.0,2021-06-10
32,38.0,99.0,3.0,10.71,2021-06-10
40,20.0,288.0,10.0,71.43,2021-06-10
25,172.0,338.0,0.0,0.0,2021-06-10
02,146.0,293.0,1.0,1.69,2021-06-10
88,78.0,177.0,0.0,0.0,2021-06-10
86,122.0,149.0,0.0,0.0,2021-06-10
2B,8.0,32.0,0.0,0.0,2021-06-10
08,74.0,185.0,0.0,0.0,2021-06-10
91,488.0,1054.0,20.0,5.83,2021-06-10
48,4.0,26.0,0.0,0.0,2021-06-10
78,562.0,1130.0,9.0,2.43,2021-06-10
971,32.0,199.0,0.0,0.0,2021-06-10
23,2.0,24.0,0.0,0.0,2021-06-10
59,800.0,1951.0,12.0,2.21,2021-06-10
14,171.0,372.0,8.0,5.44,2021-06-10
89,164.0,263.0,0.0,0.0,2021-06-10
87,26.0,159.0,0.0,0.0,2021-06-10
43,73.0,156.0,1.0,33.33,2021-06-10
82,17.0,153.0,0.0,0.0,2021-06-10
51,129.0,265.0,0.0,0.0,2021-06-10
95,420.0,1218.0,8.0,3.39,2021-06-10
64,42.0,503.0,5.0,13.51,2021-06-10
93,477.0,1774.0,19.0,7.12,2021-06-10
68,315.0,554.0,4.0,50.0,2021-06-10
69,741.0,1464.0,12.0,6.59,2021-06-10
73,92.0,190.0,3.0,7.32,2021-06-10
10,44.0,85.0,0.0,0.0,2021-06-10
66,6.0,306.0,1.0,50.0,2021-06-10
94,431.0,1176.0,10.0,4.39,2021-06-10
79,100.0,125.0,1.0,3.23,2021-06-10
90,3.0,84.0,0.0,0.0,2021-06-10
81,122.0,221.0,0.0,0.0,2021-06-10
92,521.0,1292.0,13.0,8.28,2021-06-10
47,54.0,190.0,1.0,2.5,2021-06-10
74,46.0,492.0,1.0,4.0,2021-06-10
63,38.0,363.0,2.0,8.33,2021-06-10
22,33.0,227.0,0.0,0.0,2021-06-10
65,21.0,88.0,1.0,8.33,2021-06-10
42,369.0,738.0,0.0,0.0,2021-06-10
29,294.0,472.0,2.0,1.38,2021-06-10
13,456.0,1622.0,16.0,8.42,2021-06-10
80,143.0,280.0,5.0,4.03,2021-06-10
39,124.0,183.0,3.0,20.0,2021-06-10
34,250.0,655.0,0.0,0.0,2021-06-10
24,38.0,148.0,0.0,0.0,2021-06-10
85,88.0,234.0,0.0,0.0,2021-06-10
62,390.0,938.0,1.0,0.44,2021-06-10
973,345.0,1010.0,1.0,0.32,2021-06-10
974,457.0,1404.0,0.0,0.0,2021-06-10
46,4.0,59.0,0.0,0.0,2021-06-10
75,587.0,1991.0,24.0,8.16,2021-06-10
50,108.0,263.0,0.0,0.0,2021-06-10
84,21.0,270.0,2.0,10.53,2021-06-10
71,139.0,314.0,2.0,2.33,2021-06-10
26,78.0,162.0,0.0,0.0,2021-06-10
35,294.0,573.0,0.0,0.0,2021-06-10
28,26.0,238.0,0.0,0.0,2021-06-10
09,12.0,50.0,0.0,0.0,2021-06-10
38,167.0,619.0,10.0,11.11,2021-06-10
972,17.0,90.0,0.0,0.0,2021-06-10
77,455.0,1095.0,11.0,5.56,2021-06-10
18,87.0,130.0,1.0,6.25,2021-06-10
52,44.0,83.0,0.0,0.0,2021-06-10
67,429.0,843.0,28.0,31.11,2021-06-10
33,177.0,947.0,6.0,5.26,2021-06-10
60,294.0,532.0,0.0,0.0,2021-06-10
27,188.0,419.0,6.0,3.92,2021-06-10
2A,12.0,45.0,0.0,0.0,2021-06-10
55,49.0,59.0,0.0,0.0,2021-06-11
68,272.0,476.0,4.0,44.44,2021-06-11
90,2.0,71.0,0.0,0.0,2021-06-11
35,298.0,542.0,0.0,0.0,2021-06-11
2A,13.0,41.0,0.0,0.0,2021-06-11
71,128.0,274.0,1.0,1.19,2021-06-11
58,35.0,59.0,1.0,4.17,2021-06-11
10,40.0,73.0,0.0,0.0,2021-06-11
13,410.0,1468.0,13.0,7.83,2021-06-11
39,119.0,179.0,3.0,20.0,2021-06-11
29,260.0,437.0,2.0,1.48,2021-06-11
51,136.0,240.0,0.0,0.0,2021-06-11
54,249.0,372.0,0.0,0.0,2021-06-11
52,40.0,65.0,0.0,0.0,2021-06-11
25,162.0,319.0,0.0,0.0,2021-06-11
67,429.0,763.0,30.0,27.03,2021-06-11
70,66.0,105.0,1.0,10.0,2021-06-11
08,91.0,158.0,0.0,0.0,2021-06-11
09,12.0,48.0,0.0,0.0,2021-06-11
2B,5.0,30.0,0.0,0.0,2021-06-11
56,167.0,304.0,0.0,0.0,2021-06-11
45,139.0,578.0,5.0,31.25,2021-06-11
88,78.0,170.0,0.0,0.0,2021-06-11
84,15.0,217.0,2.0,14.29,2021-06-11
83,218.0,464.0,0.0,0.0,2021-06-11
11,61.0,131.0,0.0,0.0,2021-06-11
21,254.0,391.0,0.0,0.0,2021-06-11
57,441.0,516.0,0.0,0.0,2021-06-11
22,43.0,198.0,0.0,0.0,2021-06-11
89,149.0,227.0,0.0,0.0,2021-06-11
60,258.0,466.0,0.0,0.0,2021-06-11
64,47.0,496.0,2.0,4.55,2021-06-11
65,29.0,85.0,1.0,4.35,2021-06-11
24,33.0,129.0,0.0,0.0,2021-06-11
26,71.0,151.0,0.0,0.0,2021-06-11
974,553.0,1381.0,0.0,0.0,2021-06-11
82,20.0,143.0,0.0,0.0,2021-06-11
34,255.0,590.0,0.0,0.0,2021-06-11
75,551.0,1887.0,31.0,11.07,2021-06-11
62,333.0,820.0,1.0,0.51,2021-06-11
28,33.0,210.0,0.0,0.0,2021-06-11
50,113.0,229.0,1.0,0.93,2021-06-11
95,388.0,1116.0,9.0,3.63,2021-06-11
74,53.0,418.0,1.0,3.23,2021-06-11
85,103.0,203.0,1.0,4.17,2021-06-11
80,135.0,272.0,7.0,5.69,2021-06-11
23,3.0,19.0,0.0,0.0,2021-06-11
973,357.0,1036.0,1.0,0.3,2021-06-11
38,194.0,575.0,3.0,3.33,2021-06-11
18,77.0,115.0,1.0,5.56,2021-06-11
91,435.0,949.0,25.0,7.89,2021-06-11
14,172.0,330.0,9.0,5.92,2021-06-11
971,35.0,198.0,0.0,0.0,2021-06-11
48,4.0,22.0,0.0,0.0,2021-06-11
43,68.0,137.0,1.0,25.0,2021-06-11
78,491.0,1004.0,9.0,2.52,2021-06-11
59,737.0,1821.0,15.0,2.84,2021-06-11
87,34.0,141.0,0.0,0.0,2021-06-11
15,24.0,67.0,2.0,20.0,2021-06-11
42,372.0,673.0,2.0,4.76,2021-06-11
86,113.0,132.0,0.0,0.0,2021-06-11
33,192.0,851.0,6.0,4.41,2021-06-11
46,8.0,63.0,0.0,0.0,2021-06-11
27,163.0,373.0,6.0,4.32,2021-06-11
40,23.0,263.0,13.0,72.22,2021-06-11
77,414.0,971.0,11.0,5.73,2021-06-11
02,130.0,257.0,1.0,1.69,2021-06-11
972,22.0,98.0,0.0,0.0,2021-06-11
976,0.0,30.0,0.0,0.0,2021-06-11
92,452.0,1179.0,14.0,8.97,2021-06-11
63,38.0,329.0,2.0,8.33,2021-06-11
49,205.0,364.0,0.0,0.0,2021-06-11
978,11.0,110.0,0.0,0.0,2021-06-11
03,45.0,171.0,1.0,2.27,2021-06-11
81,120.0,198.0,0.0,0.0,2021-06-11
17,101.0,145.0,7.0,7.61,2021-06-11
30,71.0,346.0,1.0,25.0,2021-06-11
44,241.0,682.0,2.0,1.65,2021-06-11
93,487.0,1713.0,18.0,6.79,2021-06-11
76,390.0,755.0,1.0,0.36,2021-06-11
32,34.0,90.0,3.0,13.04,2021-06-11
16,36.0,65.0,0.0,0.0,2021-06-11
37,78.0,275.0,3.0,5.0,2021-06-11
977,7.0,11.0,0.0,0.0,2021-06-11
94,409.0,1107.0,10.0,4.24,2021-06-11
06,116.0,294.0,2.0,12.5,2021-06-11
05,14.0,66.0,0.0,0.0,2021-06-11
07,67.0,116.0,1.0,9.09,2021-06-11
72,113.0,308.0,2.0,50.0,2021-06-11
01,63.0,252.0,1.0,3.7,2021-06-11
04,9.0,52.0,2.0,28.57,2021-06-11
61,83.0,168.0,0.0,0.0,2021-06-11
36,34.0,73.0,1.0,5.56,2021-06-11
12,33.0,123.0,0.0,0.0,2021-06-11
53,132.0,184.0,2.0,6.06,2021-06-11
79,104.0,127.0,1.0,2.5,2021-06-11
47,54.0,170.0,1.0,2.44,2021-06-11
69,773.0,1337.0,10.0,5.88,2021-06-11
19,63.0,145.0,0.0,0.0,2021-06-11
73,86.0,176.0,3.0,6.98,2021-06-11
31,303.0,800.0,2.0,3.17,2021-06-11
66,4.0,285.0,1.0,100.0,2021-06-11
41,24.0,91.0,0.0,0.0,2021-06-11
43,63.0,131.0,1.0,50.0,2021-06-12
90,2.0,66.0,0.0,0.0,2021-06-12
47,57.0,174.0,1.0,2.08,2021-06-12
81,119.0,192.0,0.0,0.0,2021-06-12
40,32.0,260.0,18.0,66.67,2021-06-12
82,20.0,130.0,0.0,0.0,2021-06-12
51,119.0,219.0,1.0,1.56,2021-06-12
95,396.0,1051.0,8.0,3.23,2021-06-12
63,39.0,313.0,2.0,8.0,2021-06-12
25,155.0,301.0,0.0,0.0,2021-06-12
94,394.0,1036.0,10.0,4.39,2021-06-12
67,411.0,713.0,36.0,29.03,2021-06-12
13,410.0,1405.0,14.0,7.82,2021-06-12
971,31.0,191.0,0.0,0.0,2021-06-12
01,62.0,253.0,1.0,3.85,2021-06-12
55,46.0,55.0,0.0,0.0,2021-06-12
16,33.0,54.0,0.0,0.0,2021-06-12
978,10.0,113.0,0.0,0.0,2021-06-12
03,48.0,162.0,1.0,2.13,2021-06-12
17,115.0,152.0,7.0,6.6,2021-06-12
76,374.0,708.0,1.0,0.37,2021-06-12
70,66.0,98.0,1.0,9.09,2021-06-12
977,6.0,10.0,0.0,0.0,2021-06-12
07,64.0,108.0,1.0,9.09,2021-06-12
19,62.0,131.0,0.0,0.0,2021-06-12
61,76.0,158.0,0.0,0.0,2021-06-12
57,414.0,477.0,0.0,0.0,2021-06-12
54,223.0,333.0,0.0,0.0,2021-06-12
976,0.0,29.0,0.0,0.0,2021-06-12
15,25.0,59.0,2.0,20.0,2021-06-12
23,3.0,17.0,0.0,0.0,2021-06-12
14,184.0,327.0,9.0,5.49,2021-06-12
33,196.0,803.0,12.0,8.28,2021-06-12
42,374.0,645.0,2.0,4.17,2021-06-12
972,22.0,96.0,0.0,0.0,2021-06-12
52,38.0,49.0,0.0,0.0,2021-06-12
27,155.0,351.0,6.0,4.41,2021-06-12
89,129.0,202.0,0.0,0.0,2021-06-12
38,215.0,572.0,3.0,3.12,2021-06-12
69,796.0,1277.0,12.0,7.14,2021-06-12
26,69.0,144.0,0.0,0.0,2021-06-12
39,110.0,169.0,3.0,20.0,2021-06-12
71,123.0,255.0,1.0,1.19,2021-06-12
974,572.0,1361.0,0.0,0.0,2021-06-12
50,123.0,219.0,1.0,0.89,2021-06-12
973,354.0,1071.0,1.0,0.31,2021-06-12
24,29.0,105.0,0.0,0.0,2021-06-12
93,470.0,1538.0,17.0,6.54,2021-06-12
34,264.0,565.0,0.0,0.0,2021-06-12
04,9.0,47.0,2.0,33.33,2021-06-12
78,468.0,922.0,10.0,2.82,2021-06-12
59,692.0,1685.0,15.0,2.94,2021-06-12
87,39.0,135.0,0.0,0.0,2021-06-12
37,73.0,254.0,3.0,5.56,2021-06-12
05,13.0,59.0,0.0,0.0,2021-06-12
46,8.0,58.0,0.0,0.0,2021-06-12
29,255.0,427.0,2.0,1.47,2021-06-12
77,409.0,906.0,11.0,5.88,2021-06-12
58,38.0,56.0,1.0,3.85,2021-06-12
60,232.0,424.0,0.0,0.0,2021-06-12
18,81.0,121.0,1.0,4.55,2021-06-12
53,122.0,160.0,2.0,6.9,2021-06-12
48,4.0,19.0,0.0,0.0,2021-06-12
83,235.0,475.0,1.0,1.32,2021-06-12
31,300.0,765.0,2.0,2.6,2021-06-12
68,261.0,453.0,4.0,40.0,2021-06-12
09,9.0,43.0,0.0,0.0,2021-06-12
2A,11.0,37.0,0.0,0.0,2021-06-12
84,22.0,208.0,2.0,9.52,2021-06-12
75,534.0,1791.0,32.0,11.43,2021-06-12
62,291.0,737.0,3.0,1.69,2021-06-12
28,36.0,192.0,0.0,0.0,2021-06-12
85,107.0,189.0,1.0,3.57,2021-06-12
80,119.0,250.0,7.0,6.54,2021-06-12
35,281.0,499.0,0.0,0.0,2021-06-12
32,35.0,84.0,3.0,13.04,2021-06-12
72,136.0,281.0,2.0,66.67,2021-06-12
11,58.0,118.0,0.0,0.0,2021-06-12
08,94.0,132.0,1.0,1.16,2021-06-12
36,31.0,60.0,1.0,5.88,2021-06-12
92,445.0,1123.0,14.0,8.7,2021-06-12
10,38.0,67.0,0.0,0.0,2021-06-12
73,91.0,177.0,3.0,6.38,2021-06-12
12,37.0,107.0,0.0,0.0,2021-06-12
79,95.0,116.0,6.0,12.77,2021-06-12
30,69.0,316.0,1.0,9.09,2021-06-12
74,57.0,393.0,2.0,5.71,2021-06-12
41,26.0,89.0,0.0,0.0,2021-06-12
06,112.0,278.0,2.0,12.5,2021-06-12
65,32.0,80.0,1.0,3.85,2021-06-12
45,125.0,538.0,7.0,25.93,2021-06-12
22,53.0,197.0,0.0,0.0,2021-06-12
91,426.0,902.0,26.0,8.2,2021-06-12
02,115.0,224.0,1.0,1.61,2021-06-12
88,77.0,166.0,0.0,0.0,2021-06-12
56,177.0,285.0,0.0,0.0,2021-06-12
2B,7.0,30.0,0.0,0.0,2021-06-12
49,202.0,332.0,0.0,0.0,2021-06-12
21,251.0,364.0,0.0,0.0,2021-06-12
86,101.0,117.0,0.0,0.0,2021-06-12
44,251.0,630.0,3.0,2.44,2021-06-12
64,56.0,494.0,2.0,3.77,2021-06-12
66,4.0,271.0,1.0,100.0,2021-06-12
36,31.0,58.0,1.0,5.88,2021-06-13
39,108.0,165.0,3.0,20.0,2021-06-13
12,38.0,109.0,0.0,0.0,2021-06-13
57,409.0,473.0,0.0,0.0,2021-06-13
76,367.0,692.0,1.0,0.37,2021-06-13
16,32.0,53.0,0.0,0.0,2021-06-13
41,25.0,83.0,0.0,0.0,2021-06-13
61,76.0,157.0,1.0,2.78,2021-06-13
19,61.0,128.0,0.0,0.0,2021-06-13
45,109.0,529.0,7.0,25.0,2021-06-13
11,57.0,116.0,0.0,0.0,2021-06-13
17,113.0,147.0,7.0,6.73,2021-06-13
30,69.0,310.0,1.0,8.33,2021-06-13
31,294.0,743.0,4.0,4.65,2021-06-13
37,74.0,257.0,3.0,5.45,2021-06-13
68,261.0,445.0,4.0,33.33,2021-06-13
23,3.0,17.0,0.0,0.0,2021-06-13
21,248.0,359.0,0.0,0.0,2021-06-13
64,57.0,490.0,2.0,3.7,2021-06-13
66,5.0,269.0,1.0,50.0,2021-06-13
81,118.0,192.0,0.0,0.0,2021-06-13
47,57.0,172.0,1.0,2.08,2021-06-13
79,95.0,116.0,6.0,12.77,2021-06-13
65,32.0,79.0,1.0,3.85,2021-06-13
82,20.0,129.0,0.0,0.0,2021-06-13
40,32.0,261.0,18.0,66.67,2021-06-13
88,77.0,165.0,0.0,0.0,2021-06-13
2B,7.0,30.0,0.0,0.0,2021-06-13
25,158.0,307.0,0.0,0.0,2021-06-13
67,414.0,715.0,38.0,30.4,2021-06-13
86,102.0,116.0,0.0,0.0,2021-06-13
48,4.0,16.0,0.0,0.0,2021-06-13
14,181.0,310.0,8.0,5.03,2021-06-13
33,196.0,805.0,12.0,8.28,2021-06-13
87,40.0,134.0,0.0,0.0,2021-06-13
46,8.0,59.0,0.0,0.0,2021-06-13
18,81.0,122.0,1.0,4.55,2021-06-13
34,264.0,568.0,0.0,0.0,2021-06-13
27,153.0,348.0,6.0,4.41,2021-06-13
24,29.0,105.0,0.0,0.0,2021-06-13
09,9.0,43.0,0.0,0.0,2021-06-13
2A,11.0,36.0,0.0,0.0,2021-06-13
28,34.0,188.0,0.0,0.0,2021-06-13
50,122.0,216.0,1.0,0.9,2021-06-13
32,34.0,80.0,3.0,13.04,2021-06-13
58,38.0,57.0,1.0,3.85,2021-06-13
89,126.0,195.0,0.0,0.0,2021-06-13
15,25.0,58.0,2.0,20.0,2021-06-13
83,235.0,471.0,1.0,1.32,2021-06-13
07,64.0,107.0,1.0,9.09,2021-06-13
73,92.0,175.0,3.0,6.25,2021-06-13
35,279.0,489.0,0.0,0.0,2021-06-13
84,22.0,207.0,2.0,9.52,2021-06-13
93,463.0,1516.0,18.0,6.95,2021-06-13
29,257.0,432.0,2.0,1.44,2021-06-13
08,97.0,134.0,1.0,1.12,2021-06-13
973,354.0,1077.0,1.0,0.31,2021-06-13
38,209.0,564.0,3.0,3.3,2021-06-13
69,786.0,1257.0,12.0,7.27,2021-06-13
94,385.0,1017.0,10.0,4.48,2021-06-13
22,55.0,198.0,0.0,0.0,2021-06-13
10,38.0,67.0,0.0,0.0,2021-06-13
63,41.0,314.0,3.0,11.11,2021-06-13
90,2.0,67.0,0.0,0.0,2021-06-13
51,119.0,221.0,1.0,1.56,2021-06-13
95,392.0,1048.0,8.0,3.24,2021-06-13
03,49.0,161.0,1.0,2.08,2021-06-13
56,176.0,282.0,0.0,0.0,2021-06-13
92,426.0,1093.0,12.0,7.84,2021-06-13
74,60.0,384.0,3.0,7.89,2021-06-13
13,412.0,1368.0,15.0,8.2,2021-06-13
75,527.0,1755.0,31.0,11.11,2021-06-13
62,290.0,733.0,3.0,1.69,2021-06-13
60,230.0,420.0,0.0,0.0,2021-06-13
77,408.0,893.0,11.0,5.82,2021-06-13
85,110.0,191.0,1.0,3.23,2021-06-13
80,120.0,250.0,7.0,6.48,2021-06-13
974,583.0,1338.0,0.0,0.0,2021-06-13
26,69.0,147.0,0.0,0.0,2021-06-13
72,138.0,269.0,2.0,100.0,2021-06-13
978,10.0,112.0,0.0,0.0,2021-06-13
04,9.0,46.0,2.0,28.57,2021-06-13
78,467.0,915.0,8.0,2.26,2021-06-13
976,0.0,31.0,0.0,0.0,2021-06-13
53,121.0,154.0,2.0,6.9,2021-06-13
05,12.0,59.0,0.0,0.0,2021-06-13
02,116.0,223.0,1.0,1.59,2021-06-13
49,203.0,327.0,0.0,0.0,2021-06-13
06,113.0,279.0,2.0,11.76,2021-06-13
91,421.0,890.0,26.0,8.25,2021-06-13
44,265.0,611.0,3.0,2.38,2021-06-13
59,661.0,1631.0,17.0,3.48,2021-06-13
52,38.0,48.0,0.0,0.0,2021-06-13
977,6.0,12.0,0.0,0.0,2021-06-13
01,61.0,253.0,1.0,4.0,2021-06-13
54,223.0,333.0,0.0,0.0,2021-06-13
70,67.0,98.0,1.0,9.09,2021-06-13
55,46.0,54.0,0.0,0.0,2021-06-13
43,64.0,131.0,1.0,33.33,2021-06-13
971,27.0,185.0,0.0,0.0,2021-06-13
42,367.0,624.0,2.0,4.55,2021-06-13
972,22.0,97.0,0.0,0.0,2021-06-13
71,111.0,241.0,1.0,1.3,2021-06-13
57,338.0,396.0,0.0,0.0,2021-06-14
50,101.0,176.0,2.0,2.13,2021-06-14
23,3.0,11.0,0.0,0.0,2021-06-14
64,110.0,463.0,12.0,11.11,2021-06-14
52,30.0,37.0,1.0,20.0,2021-06-14
77,357.0,784.0,9.0,5.45,2021-06-14
27,139.0,294.0,9.0,7.76,2021-06-14
05,8.0,40.0,0.0,0.0,2021-06-14
29,233.0,379.0,3.0,2.16,2021-06-14
43,54.0,112.0,1.0,11.11,2021-06-14
973,436.0,1067.0,2.0,0.5,2021-06-14
14,156.0,264.0,7.0,5.38,2021-06-14
08,87.0,117.0,1.0,1.23,2021-06-14
53,107.0,139.0,2.0,5.13,2021-06-14
39,98.0,146.0,6.0,23.08,2021-06-14
49,195.0,285.0,2.0,4.44,2021-06-14
2B,8.0,24.0,0.0,0.0,2021-06-14
19,57.0,94.0,0.0,0.0,2021-06-14
62,242.0,602.0,4.0,2.38,2021-06-14
46,11.0,42.0,0.0,0.0,2021-06-14
69,711.0,1117.0,13.0,7.56,2021-06-14
76,324.0,600.0,1.0,0.4,2021-06-14
48,3.0,14.0,0.0,0.0,2021-06-14
37,74.0,227.0,2.0,3.45,2021-06-14
09,13.0,41.0,0.0,0.0,2021-06-14
79,70.0,88.0,7.0,17.07,2021-06-14
54,197.0,298.0,0.0,0.0,2021-06-14
30,71.0,246.0,1.0,3.03,2021-06-14
01,80.0,218.0,5.0,11.11,2021-06-14
977,5.0,11.0,0.0,0.0,2021-06-14
73,77.0,144.0,3.0,6.82,2021-06-14
45,89.0,437.0,7.0,17.07,2021-06-14
86,84.0,97.0,2.0,10.53,2021-06-14
83,215.0,407.0,1.0,1.47,2021-06-14
16,29.0,45.0,1.0,4.76,2021-06-14
35,260.0,428.0,1.0,0.84,2021-06-14
02,95.0,179.0,1.0,1.59,2021-06-14
971,31.0,175.0,0.0,0.0,2021-06-14
84,28.0,172.0,1.0,4.0,2021-06-14
2A,10.0,29.0,0.0,0.0,2021-06-14
61,70.0,150.0,2.0,4.35,2021-06-14
11,60.0,104.0,0.0,0.0,2021-06-14
93,420.0,1359.0,20.0,8.66,2021-06-14
92,371.0,970.0,15.0,9.55,2021-06-14
56,166.0,240.0,0.0,0.0,2021-06-14
33,253.0,749.0,21.0,10.14,2021-06-14
06,118.0,244.0,4.0,16.67,2021-06-14
60,186.0,341.0,0.0,0.0,2021-06-14
32,37.0,76.0,3.0,12.0,2021-06-14
66,28.0,223.0,1.0,4.0,2021-06-14
85,94.0,165.0,2.0,5.71,2021-06-14
07,60.0,94.0,1.0,5.56,2021-06-14
04,10.0,37.0,1.0,12.5,2021-06-14
90,9.0,68.0,0.0,0.0,2021-06-14
40,56.0,240.0,27.0,54.0,2021-06-14
55,40.0,49.0,0.0,0.0,2021-06-14
51,97.0,192.0,2.0,3.33,2021-06-14
72,148.0,233.0,2.0,100.0,2021-06-14
12,54.0,103.0,0.0,0.0,2021-06-14
95,331.0,936.0,11.0,4.78,2021-06-14
03,44.0,139.0,1.0,2.33,2021-06-14
87,49.0,124.0,0.0,0.0,2021-06-14
41,25.0,77.0,0.0,0.0,2021-06-14
25,136.0,255.0,1.0,5.56,2021-06-14
65,34.0,73.0,0.0,0.0,2021-06-14
974,588.0,1290.0,0.0,0.0,2021-06-14
978,11.0,95.0,0.0,0.0,2021-06-14
74,85.0,326.0,10.0,17.24,2021-06-14
82,21.0,96.0,0.0,0.0,2021-06-14
80,118.0,242.0,13.0,11.71,2021-06-14
18,57.0,90.0,1.0,4.55,2021-06-14
58,33.0,48.0,1.0,4.76,2021-06-14
67,402.0,602.0,40.0,23.26,2021-06-14
89,98.0,160.0,0.0,0.0,2021-06-14
972,28.0,107.0,0.0,0.0,2021-06-14
63,67.0,274.0,3.0,5.56,2021-06-14
71,104.0,205.0,0.0,0.0,2021-06-14
68,236.0,409.0,7.0,14.0,2021-06-14
38,229.0,498.0,10.0,8.33,2021-06-14
88,62.0,149.0,1.0,5.88,2021-06-14
94,332.0,939.0,10.0,5.0,2021-06-14
976,0.0,28.0,0.0,0.0,2021-06-14
91,382.0,822.0,30.0,10.99,2021-06-14
81,94.0,167.0,0.0,0.0,2021-06-14
78,395.0,811.0,15.0,4.89,2021-06-14
70,57.0,78.0,1.0,7.14,2021-06-14
22,66.0,168.0,0.0,0.0,2021-06-14
31,304.0,691.0,9.0,6.34,2021-06-14
13,396.0,1210.0,19.0,8.6,2021-06-14
10,27.0,61.0,0.0,0.0,2021-06-14
59,605.0,1416.0,14.0,2.93,2021-06-14
36,22.0,43.0,1.0,8.33,2021-06-14
24,26.0,82.0,1.0,11.11,2021-06-14
75,462.0,1559.0,38.0,14.45,2021-06-14
15,40.0,69.0,8.0,28.57,2021-06-14
21,220.0,310.0,1.0,3.45,2021-06-14
42,329.0,534.0,2.0,4.26,2021-06-14
44,284.0,516.0,1.0,0.72,2021-06-14
47,60.0,169.0,0.0,0.0,2021-06-14
26,65.0,112.0,1.0,4.55,2021-06-14
17,105.0,135.0,5.0,5.15,2021-06-14
28,35.0,166.0,0.0,0.0,2021-06-14
34,209.0,491.0,1.0,1.45,2021-06-14
973,433.0,1048.0,1.0,0.25,2021-06-15
41,19.0,68.0,0.0,0.0,2021-06-15
06,124.0,250.0,4.0,13.79,2021-06-15
91,336.0,722.0,26.0,10.61,2021-06-15
58,26.0,39.0,1.0,6.25,2021-06-15
52,27.0,36.0,1.0,16.67,2021-06-15
02,76.0,147.0,0.0,0.0,2021-06-15
80,106.0,220.0,11.0,10.68,2021-06-15
974,587.0,1300.0,0.0,0.0,2021-06-15
42,293.0,485.0,2.0,3.45,2021-06-15
87,46.0,111.0,0.0,0.0,2021-06-15
55,40.0,48.0,0.0,0.0,2021-06-15
72,149.0,207.0,2.0,25.0,2021-06-15
04,11.0,34.0,0.0,0.0,2021-06-15
36,14.0,37.0,1.0,12.5,2021-06-15
46,13.0,41.0,0.0,0.0,2021-06-15
15,40.0,60.0,8.0,27.59,2021-06-15
59,607.0,1319.0,12.0,2.36,2021-06-15
31,334.0,663.0,10.0,5.1,2021-06-15
70,53.0,68.0,1.0,5.88,2021-06-15
976,0.0,32.0,0.0,0.0,2021-06-15
78,358.0,767.0,19.0,6.64,2021-06-15
53,104.0,131.0,2.0,4.55,2021-06-15
05,6.0,33.0,0.0,0.0,2021-06-15
26,63.0,101.0,2.0,6.9,2021-06-15
37,57.0,179.0,2.0,4.44,2021-06-15
48,0.0,8.0,0.0,0.0,2021-06-15
77,325.0,732.0,6.0,4.0,2021-06-15
86,68.0,82.0,2.0,8.33,2021-06-15
28,38.0,137.0,0.0,0.0,2021-06-15
30,70.0,237.0,2.0,4.35,2021-06-15
61,82.0,157.0,4.0,7.84,2021-06-15
49,166.0,229.0,2.0,4.08,2021-06-15
33,303.0,717.0,30.0,11.86,2021-06-15
57,300.0,359.0,0.0,0.0,2021-06-15
19,47.0,77.0,1.0,5.56,2021-06-15
2B,9.0,25.0,0.0,0.0,2021-06-15
69,637.0,984.0,17.0,8.54,2021-06-15
76,279.0,542.0,2.0,0.91,2021-06-15
88,70.0,150.0,1.0,3.33,2021-06-15
94,306.0,866.0,10.0,5.62,2021-06-15
16,31.0,42.0,1.0,4.55,2021-06-15
81,89.0,157.0,0.0,0.0,2021-06-15
22,67.0,153.0,0.0,0.0,2021-06-15
71,97.0,177.0,0.0,0.0,2021-06-15
43,48.0,94.0,1.0,6.25,2021-06-15
10,24.0,52.0,1.0,6.25,2021-06-15
38,227.0,431.0,13.0,9.92,2021-06-15
75,467.0,1522.0,51.0,19.62,2021-06-15
21,204.0,287.0,2.0,4.88,2021-06-15
47,54.0,159.0,0.0,0.0,2021-06-15
17,92.0,115.0,5.0,5.75,2021-06-15
03,47.0,136.0,1.0,2.22,2021-06-15
67,372.0,558.0,45.0,25.86,2021-06-15
82,28.0,89.0,0.0,0.0,2021-06-15
978,7.0,83.0,0.0,0.0,2021-06-15
972,36.0,110.0,1.0,4.55,2021-06-15
25,130.0,235.0,3.0,8.82,2021-06-15
89,92.0,144.0,0.0,0.0,2021-06-15
74,100.0,270.0,16.0,23.53,2021-06-15
95,304.0,850.0,12.0,5.71,2021-06-15
51,81.0,173.0,3.0,5.56,2021-06-15
40,73.0,232.0,41.0,56.94,2021-06-15
90,15.0,57.0,1.0,7.14,2021-06-15
34,181.0,454.0,2.0,2.35,2021-06-15
68,226.0,402.0,8.0,10.13,2021-06-15
63,77.0,250.0,4.0,5.88,2021-06-15
50,97.0,155.0,3.0,3.33,2021-06-15
39,86.0,115.0,7.0,23.33,2021-06-15
08,83.0,104.0,1.0,1.28,2021-06-15
83,205.0,380.0,1.0,1.37,2021-06-15
23,2.0,7.0,0.0,0.0,2021-06-15
11,51.0,90.0,0.0,0.0,2021-06-15
92,327.0,891.0,15.0,9.93,2021-06-15
07,53.0,83.0,1.0,4.35,2021-06-15
45,85.0,377.0,6.0,12.77,2021-06-15
56,156.0,228.0,0.0,0.0,2021-06-15
29,208.0,345.0,4.0,2.92,2021-06-15
79,65.0,84.0,8.0,17.78,2021-06-15
13,387.0,1103.0,25.0,10.08,2021-06-15
54,178.0,272.0,1.0,1.75,2021-06-15
44,264.0,452.0,1.0,0.76,2021-06-15
85,87.0,143.0,3.0,7.5,2021-06-15
12,70.0,94.0,0.0,0.0,2021-06-15
65,41.0,74.0,0.0,0.0,2021-06-15
24,23.0,65.0,1.0,7.69,2021-06-15
14,143.0,245.0,7.0,5.93,2021-06-15
32,32.0,65.0,1.0,4.76,2021-06-15
971,32.0,151.0,0.0,0.0,2021-06-15
18,51.0,82.0,1.0,5.0,2021-06-15
01,87.0,190.0,6.0,12.0,2021-06-15
62,208.0,510.0,4.0,2.48,2021-06-15
35,243.0,368.0,2.0,1.77,2021-06-15
2A,13.0,27.0,0.0,0.0,2021-06-15
977,2.0,6.0,0.0,0.0,2021-06-15
66,48.0,202.0,2.0,4.55,2021-06-15
93,361.0,1275.0,29.0,13.68,2021-06-15
60,170.0,304.0,0.0,0.0,2021-06-15
73,59.0,110.0,1.0,2.5,2021-06-15
09,10.0,31.0,0.0,0.0,2021-06-15
64,125.0,419.0,15.0,12.4,2021-06-15
84,29.0,143.0,1.0,3.85,2021-06-15
27,112.0,236.0,9.0,9.89,2021-06-15
50,91.0,141.0,3.0,3.7,2021-06-16
46,14.0,39.0,0.0,0.0,2021-06-16
77,288.0,685.0,8.0,5.26,2021-06-16
14,137.0,226.0,5.0,4.59,2021-06-16
75,446.0,1418.0,52.0,19.55,2021-06-16
974,565.0,1291.0,0.0,0.0,2021-06-16
79,58.0,76.0,8.0,18.18,2021-06-16
59,576.0,1226.0,14.0,2.69,2021-06-16
82,35.0,89.0,0.0,0.0,2021-06-16
972,42.0,110.0,1.0,3.12,2021-06-16
95,285.0,780.0,14.0,6.8,2021-06-16
40,92.0,242.0,57.0,62.64,2021-06-16
43,45.0,84.0,0.0,0.0,2021-06-16
63,91.0,228.0,4.0,4.88,2021-06-16
47,49.0,142.0,0.0,0.0,2021-06-16
38,215.0,375.0,18.0,13.95,2021-06-16
81,91.0,155.0,1.0,1.39,2021-06-16
94,298.0,824.0,11.0,6.29,2021-06-16
69,599.0,916.0,24.0,10.48,2021-06-16
93,327.0,1164.0,31.0,15.74,2021-06-16
64,142.0,376.0,18.0,13.04,2021-06-16
27,100.0,215.0,4.0,5.19,2021-06-16
66,64.0,195.0,2.0,3.33,2021-06-16
73,53.0,102.0,0.0,0.0,2021-06-16
971,29.0,146.0,0.0,0.0,2021-06-16
92,288.0,800.0,16.0,10.46,2021-06-16
24,29.0,64.0,1.0,4.76,2021-06-16
65,39.0,65.0,0.0,0.0,2021-06-16
74,96.0,215.0,16.0,22.22,2021-06-16
973,411.0,1015.0,1.0,0.26,2021-06-16
91,307.0,695.0,26.0,11.45,2021-06-16
02,70.0,126.0,0.0,0.0,2021-06-16
86,63.0,76.0,3.0,9.68,2021-06-16
48,0.0,7.0,0.0,0.0,2021-06-16
26,58.0,88.0,2.0,6.45,2021-06-16
42,269.0,442.0,4.0,4.88,2021-06-16
78,335.0,728.0,20.0,7.41,2021-06-16
87,48.0,99.0,0.0,0.0,2021-06-16
18,48.0,73.0,0.0,0.0,2021-06-16
60,154.0,282.0,1.0,1.35,2021-06-16
84,37.0,123.0,0.0,0.0,2021-06-16
12,72.0,95.0,0.0,0.0,2021-06-16
03,48.0,117.0,0.0,0.0,2021-06-16
53,93.0,117.0,0.0,0.0,2021-06-16
05,7.0,26.0,0.0,0.0,2021-06-16
67,342.0,519.0,48.0,28.07,2021-06-16
11,44.0,79.0,0.0,0.0,2021-06-16
978,10.0,76.0,0.0,0.0,2021-06-16
976,0.0,29.0,0.0,0.0,2021-06-16
37,47.0,159.0,1.0,2.56,2021-06-16
88,57.0,131.0,2.0,7.41,2021-06-16
25,116.0,206.0,3.0,7.14,2021-06-16
07,56.0,87.0,1.0,3.33,2021-06-16
76,237.0,477.0,4.0,2.02,2021-06-16
89,90.0,131.0,0.0,0.0,2021-06-16
09,9.0,31.0,0.0,0.0,2021-06-16
45,99.0,335.0,6.0,11.32,2021-06-16
51,71.0,178.0,4.0,6.9,2021-06-16
19,49.0,79.0,1.0,4.35,2021-06-16
13,369.0,1009.0,26.0,9.7,2021-06-16
10,22.0,41.0,2.0,11.11,2021-06-16
17,78.0,99.0,3.0,4.05,2021-06-16
41,22.0,66.0,0.0,0.0,2021-06-16
21,187.0,264.0,2.0,4.55,2021-06-16
04,13.0,34.0,0.0,0.0,2021-06-16
22,72.0,144.0,0.0,0.0,2021-06-16
06,126.0,245.0,6.0,16.22,2021-06-16
49,152.0,200.0,2.0,3.17,2021-06-16
56,161.0,225.0,0.0,0.0,2021-06-16
61,72.0,145.0,4.0,9.52,2021-06-16
30,63.0,192.0,2.0,3.77,2021-06-16
90,24.0,64.0,1.0,4.35,2021-06-16
68,218.0,371.0,6.0,5.94,2021-06-16
31,360.0,636.0,10.0,4.08,2021-06-16
52,19.0,28.0,1.0,25.0,2021-06-16
33,344.0,663.0,36.0,11.96,2021-06-16
16,33.0,42.0,1.0,4.35,2021-06-16
58,21.0,34.0,0.0,0.0,2021-06-16
34,165.0,412.0,5.0,4.72,2021-06-16
62,205.0,491.0,4.0,2.33,2021-06-16
55,31.0,38.0,0.0,0.0,2021-06-16
70,43.0,51.0,1.0,5.88,2021-06-16
23,2.0,3.0,0.0,0.0,2021-06-16
977,1.0,4.0,0.0,0.0,2021-06-16
85,72.0,111.0,3.0,6.67,2021-06-16
28,41.0,123.0,1.0,3.7,2021-06-16
29,168.0,305.0,4.0,3.17,2021-06-16
57,258.0,315.0,0.0,0.0,2021-06-16
2A,12.0,27.0,0.0,0.0,2021-06-16
01,95.0,184.0,6.0,10.17,2021-06-16
54,161.0,231.0,1.0,1.52,2021-06-16
35,205.0,305.0,2.0,2.06,2021-06-16
2B,8.0,27.0,0.0,0.0,2021-06-16
36,15.0,35.0,1.0,11.11,2021-06-16
72,140.0,176.0,0.0,0.0,2021-06-16
32,28.0,58.0,1.0,5.56,2021-06-16
83,221.0,354.0,2.0,1.87,2021-06-16
15,36.0,56.0,7.0,23.33,2021-06-16
44,269.0,439.0,1.0,0.72,2021-06-16
71,85.0,149.0,1.0,1.52,2021-06-16
39,71.0,93.0,4.0,15.38,2021-06-16
08,79.0,97.0,1.0,1.39,2021-06-16
80,104.0,210.0,14.0,14.0,2021-06-16
93,313.0,1077.0,37.0,18.5,2021-06-17
29,156.0,290.0,3.0,2.31,2021-06-17
94,283.0,769.0,10.0,6.25,2021-06-17
22,75.0,134.0,0.0,0.0,2021-06-17
88,51.0,121.0,2.0,7.14,2021-06-17
2B,9.0,26.0,0.0,0.0,2021-06-17
69,527.0,845.0,28.0,11.16,2021-06-17
03,48.0,107.0,0.0,0.0,2021-06-17
84,38.0,106.0,2.0,5.88,2021-06-17
81,91.0,146.0,1.0,1.39,2021-06-17
08,63.0,83.0,1.0,1.79,2021-06-17
76,212.0,450.0,6.0,3.17,2021-06-17
50,98.0,135.0,4.0,4.49,2021-06-17
17,77.0,99.0,3.0,4.17,2021-06-17
14,126.0,207.0,6.0,6.12,2021-06-17
58,17.0,28.0,0.0,0.0,2021-06-17
42,235.0,395.0,5.0,5.15,2021-06-17
70,34.0,44.0,0.0,0.0,2021-06-17
54,145.0,195.0,2.0,2.67,2021-06-17
971,30.0,145.0,0.0,0.0,2021-06-17
57,216.0,271.0,0.0,0.0,2021-06-17
01,95.0,177.0,6.0,9.23,2021-06-17
39,54.0,72.0,5.0,15.62,2021-06-17
71,79.0,124.0,1.0,1.56,2021-06-17
43,43.0,80.0,0.0,0.0,2021-06-17
978,8.0,68.0,0.0,0.0,2021-06-17
40,95.0,245.0,60.0,63.83,2021-06-17
52,27.0,34.0,2.0,40.0,2021-06-17
16,25.0,32.0,1.0,5.26,2021-06-17
82,40.0,82.0,0.0,0.0,2021-06-17
67,310.0,479.0,47.0,27.01,2021-06-17
25,100.0,175.0,5.0,9.8,2021-06-17
972,46.0,112.0,1.0,2.7,2021-06-17
95,276.0,731.0,16.0,7.92,2021-06-17
51,72.0,210.0,4.0,6.06,2021-06-17
90,27.0,61.0,1.0,3.85,2021-06-17
68,208.0,340.0,7.0,6.25,2021-06-17
63,103.0,203.0,4.0,4.26,2021-06-17
38,231.0,359.0,27.0,18.88,2021-06-17
21,163.0,223.0,3.0,6.38,2021-06-17
47,50.0,133.0,0.0,0.0,2021-06-17
10,20.0,40.0,2.0,11.11,2021-06-17
89,71.0,104.0,0.0,0.0,2021-06-17
73,48.0,87.0,0.0,0.0,2021-06-17
27,96.0,209.0,7.0,9.86,2021-06-17
30,70.0,152.0,2.0,3.51,2021-06-17
64,169.0,352.0,29.0,17.58,2021-06-17
86,64.0,81.0,4.0,9.52,2021-06-17
973,478.0,1128.0,1.0,0.22,2021-06-17
48,0.0,2.0,0.0,0.0,2021-06-17
37,49.0,141.0,1.0,2.33,2021-06-17
02,47.0,100.0,0.0,0.0,2021-06-17
26,48.0,81.0,2.0,6.45,2021-06-17
05,7.0,26.0,0.0,0.0,2021-06-17
78,320.0,679.0,27.0,10.47,2021-06-17
53,84.0,103.0,0.0,0.0,2021-06-17
04,12.0,28.0,0.0,0.0,2021-06-17
31,370.0,612.0,13.0,4.96,2021-06-17
36,15.0,30.0,0.0,0.0,2021-06-17
59,562.0,1135.0,13.0,2.57,2021-06-17
72,122.0,147.0,0.0,0.0,2021-06-17
15,43.0,64.0,10.0,27.03,2021-06-17
75,437.0,1341.0,50.0,18.59,2021-06-17
34,200.0,378.0,5.0,3.73,2021-06-17
60,145.0,259.0,5.0,5.88,2021-06-17
55,34.0,42.0,0.0,0.0,2021-06-17
62,206.0,444.0,11.0,6.15,2021-06-17
23,3.0,3.0,0.0,0.0,2021-06-17
49,136.0,169.0,4.0,5.63,2021-06-17
85,60.0,92.0,6.0,14.63,2021-06-17
77,260.0,617.0,9.0,6.67,2021-06-17
974,563.0,1296.0,0.0,0.0,2021-06-17
32,25.0,53.0,4.0,20.0,2021-06-17
46,15.0,39.0,0.0,0.0,2021-06-17
80,95.0,191.0,18.0,19.57,2021-06-17
87,52.0,85.0,1.0,4.76,2021-06-17
28,57.0,128.0,2.0,5.41,2021-06-17
06,133.0,242.0,11.0,20.37,2021-06-17
976,0.0,30.0,0.0,0.0,2021-06-17
33,400.0,612.0,45.0,12.71,2021-06-17
92,272.0,754.0,21.0,12.73,2021-06-17
18,44.0,67.0,0.0,0.0,2021-06-17
11,37.0,67.0,0.0,0.0,2021-06-17
45,114.0,306.0,9.0,13.04,2021-06-17
56,150.0,206.0,0.0,0.0,2021-06-17
61,69.0,138.0,4.0,9.76,2021-06-17
83,220.0,332.0,6.0,5.31,2021-06-17
35,168.0,253.0,2.0,2.25,2021-06-17
07,61.0,92.0,0.0,0.0,2021-06-17
79,52.0,63.0,7.0,17.5,2021-06-17
2A,11.0,23.0,0.0,0.0,2021-06-17
13,368.0,953.0,25.0,8.71,2021-06-17
24,31.0,58.0,1.0,4.35,2021-06-17
65,43.0,69.0,0.0,0.0,2021-06-17
977,1.0,3.0,0.0,0.0,2021-06-17
19,42.0,67.0,1.0,4.17,2021-06-17
41,26.0,66.0,0.0,0.0,2021-06-17
74,98.0,179.0,15.0,19.23,2021-06-17
09,11.0,29.0,0.0,0.0,2021-06-17
66,87.0,189.0,1.0,1.23,2021-06-17
44,245.0,413.0,3.0,2.24,2021-06-17
91,296.0,663.0,26.0,11.71,2021-06-17
12,83.0,105.0,0.0,0.0,2021-06-17
03,51.0,98.0,0.0,0.0,2021-06-18
977,0.0,3.0,0.0,0.0,2021-06-18
23,2.0,3.0,0.0,0.0,2021-06-18
50,96.0,124.0,3.0,3.49,2021-06-18
27,95.0,189.0,7.0,10.0,2021-06-18
61,63.0,129.0,4.0,10.0,2021-06-18
24,32.0,48.0,1.0,4.35,2021-06-18
15,40.0,58.0,10.0,28.57,2021-06-18
978,9.0,75.0,0.0,0.0,2021-06-18
76,208.0,438.0,9.0,4.74,2021-06-18
07,52.0,80.0,0.0,0.0,2021-06-18
17,71.0,97.0,3.0,4.41,2021-06-18
26,41.0,66.0,2.0,7.14,2021-06-18
973,454.0,1078.0,1.0,0.23,2021-06-18
19,40.0,62.0,1.0,4.35,2021-06-18
976,1.0,34.0,0.0,0.0,2021-06-18
38,201.0,320.0,29.0,19.46,2021-06-18
972,51.0,111.0,1.0,2.17,2021-06-18
974,558.0,1274.0,0.0,0.0,2021-06-18
01,93.0,147.0,5.0,7.35,2021-06-18
55,29.0,37.0,1.0,4.35,2021-06-18
31,378.0,611.0,21.0,7.22,2021-06-18
45,124.0,247.0,9.0,11.11,2021-06-18
56,141.0,195.0,0.0,0.0,2021-06-18
13,345.0,845.0,25.0,8.47,2021-06-18
12,76.0,101.0,0.0,0.0,2021-06-18
41,26.0,60.0,0.0,0.0,2021-06-18
44,221.0,369.0,4.0,2.88,2021-06-18
06,125.0,233.0,12.0,21.05,2021-06-18
49,117.0,146.0,5.0,7.58,2021-06-18
30,77.0,117.0,2.0,3.08,2021-06-18
37,55.0,123.0,1.0,1.92,2021-06-18
05,6.0,22.0,0.0,0.0,2021-06-18
53,72.0,98.0,0.0,0.0,2021-06-18
04,13.0,27.0,0.0,0.0,2021-06-18
33,424.0,560.0,55.0,14.47,2021-06-18
36,16.0,30.0,0.0,0.0,2021-06-18
72,105.0,123.0,0.0,0.0,2021-06-18
80,82.0,162.0,23.0,29.11,2021-06-18
32,21.0,47.0,4.0,23.53,2021-06-18
28,57.0,117.0,2.0,5.26,2021-06-18
85,40.0,65.0,5.0,14.29,2021-06-18
62,229.0,444.0,21.0,10.77,2021-06-18
11,33.0,56.0,0.0,0.0,2021-06-18
83,204.0,305.0,6.0,5.04,2021-06-18
35,131.0,202.0,2.0,2.6,2021-06-18
2A,9.0,24.0,0.0,0.0,2021-06-18
58,15.0,21.0,0.0,0.0,2021-06-18
70,29.0,40.0,0.0,0.0,2021-06-18
54,130.0,182.0,2.0,2.53,2021-06-18
57,193.0,248.0,0.0,0.0,2021-06-18
39,52.0,68.0,7.0,20.0,2021-06-18
71,73.0,114.0,1.0,1.64,2021-06-18
52,34.0,41.0,2.0,50.0,2021-06-18
67,284.0,447.0,58.0,33.14,2021-06-18
25,81.0,141.0,7.0,12.73,2021-06-18
89,61.0,90.0,0.0,0.0,2021-06-18
34,234.0,365.0,10.0,6.06,2021-06-18
51,60.0,203.0,4.0,6.78,2021-06-18
21,138.0,188.0,4.0,7.14,2021-06-18
90,28.0,52.0,1.0,3.7,2021-06-18
10,22.0,40.0,2.0,10.53,2021-06-18
22,66.0,119.0,0.0,0.0,2021-06-18
08,55.0,75.0,1.0,2.04,2021-06-18
88,50.0,119.0,2.0,6.25,2021-06-18
2B,10.0,22.0,1.0,12.5,2021-06-18
29,149.0,273.0,4.0,3.01,2021-06-18
84,50.0,97.0,2.0,4.76,2021-06-18
09,12.0,27.0,0.0,0.0,2021-06-18
68,198.0,313.0,7.0,5.51,2021-06-18
18,48.0,67.0,0.0,0.0,2021-06-18
16,23.0,29.0,1.0,5.26,2021-06-18
95,245.0,649.0,15.0,8.15,2021-06-18
65,38.0,59.0,0.0,0.0,2021-06-18
92,257.0,683.0,29.0,15.68,2021-06-18
74,108.0,172.0,18.0,21.69,2021-06-18
63,113.0,178.0,6.0,5.71,2021-06-18
47,54.0,128.0,1.0,2.08,2021-06-18
91,288.0,604.0,25.0,11.21,2021-06-18
86,61.0,77.0,4.0,8.16,2021-06-18
93,262.0,946.0,43.0,23.89,2021-06-18
75,413.0,1211.0,46.0,16.73,2021-06-18
43,40.0,73.0,0.0,0.0,2021-06-18
82,43.0,75.0,0.0,0.0,2021-06-18
48,1.0,4.0,0.0,0.0,2021-06-18
02,43.0,91.0,0.0,0.0,2021-06-18
79,45.0,57.0,11.0,31.43,2021-06-18
66,108.0,179.0,1.0,1.02,2021-06-18
73,54.0,90.0,0.0,0.0,2021-06-18
81,85.0,126.0,2.0,2.86,2021-06-18
69,511.0,811.0,34.0,11.64,2021-06-18
14,117.0,207.0,5.0,5.95,2021-06-18
60,129.0,242.0,9.0,11.11,2021-06-18
42,197.0,333.0,4.0,3.64,2021-06-18
77,226.0,554.0,8.0,6.9,2021-06-18
46,17.0,34.0,0.0,0.0,2021-06-18
78,312.0,672.0,30.0,11.72,2021-06-18
94,254.0,701.0,10.0,6.67,2021-06-18
971,27.0,137.0,0.0,0.0,2021-06-18
87,46.0,71.0,1.0,4.55,2021-06-18
40,137.0,290.0,97.0,71.85,2021-06-18
59,526.0,965.0,10.0,2.13,2021-06-18
64,199.0,324.0,44.0,22.68,2021-06-18
17,64.0,88.0,3.0,5.08,2021-06-19
90,28.0,49.0,1.0,3.7,2021-06-19
22,62.0,108.0,0.0,0.0,2021-06-19
47,50.0,117.0,1.0,2.33,2021-06-19
18,44.0,61.0,0.0,0.0,2021-06-19
21,133.0,178.0,4.0,6.45,2021-06-19
972,52.0,108.0,1.0,2.13,2021-06-19
89,59.0,83.0,0.0,0.0,2021-06-19
95,215.0,596.0,15.0,8.88,2021-06-19
25,66.0,120.0,8.0,14.04,2021-06-19
71,73.0,113.0,1.0,1.69,2021-06-19
978,9.0,70.0,0.0,0.0,2021-06-19
40,135.0,288.0,98.0,73.68,2021-06-19
39,50.0,67.0,7.0,17.95,2021-06-19
971,28.0,136.0,0.0,0.0,2021-06-19
70,26.0,42.0,0.0,0.0,2021-06-19
58,12.0,19.0,0.0,0.0,2021-06-19
94,243.0,677.0,15.0,10.14,2021-06-19
2B,8.0,16.0,1.0,16.67,2021-06-19
35,121.0,188.0,2.0,2.99,2021-06-19
29,144.0,260.0,5.0,3.68,2021-06-19
23,2.0,3.0,0.0,0.0,2021-06-19
75,404.0,1173.0,48.0,16.84,2021-06-19
85,36.0,58.0,5.0,15.15,2021-06-19
28,50.0,106.0,2.0,5.56,2021-06-19
87,44.0,62.0,1.0,4.17,2021-06-19
974,564.0,1274.0,0.0,0.0,2021-06-19
72,93.0,114.0,0.0,0.0,2021-06-19
77,209.0,507.0,11.0,10.0,2021-06-19
36,19.0,33.0,0.0,0.0,2021-06-19
78,299.0,654.0,34.0,13.93,2021-06-19
53,76.0,101.0,0.0,0.0,2021-06-19
973,436.0,1035.0,1.0,0.24,2021-06-19
37,59.0,119.0,2.0,3.51,2021-06-19
93,258.0,921.0,42.0,23.73,2021-06-19
976,1.0,34.0,0.0,0.0,2021-06-19
49,111.0,143.0,6.0,8.11,2021-06-19
44,211.0,344.0,4.0,2.94,2021-06-19
19,36.0,57.0,1.0,4.17,2021-06-19
91,272.0,579.0,25.0,11.9,2021-06-19
41,26.0,56.0,0.0,0.0,2021-06-19
79,37.0,50.0,6.0,22.22,2021-06-19
56,120.0,181.0,0.0,0.0,2021-06-19
45,126.0,233.0,9.0,11.25,2021-06-19
92,238.0,634.0,28.0,15.38,2021-06-19
24,33.0,45.0,1.0,4.0,2021-06-19
2A,10.0,26.0,0.0,0.0,2021-06-19
64,199.0,300.0,44.0,22.68,2021-06-19
977,0.0,5.0,0.0,0.0,2021-06-19
86,62.0,75.0,6.0,11.11,2021-06-19
33,418.0,541.0,50.0,13.3,2021-06-19
16,26.0,32.0,1.0,4.76,2021-06-19
67,288.0,441.0,56.0,30.27,2021-06-19
59,521.0,915.0,15.0,3.25,2021-06-19
52,32.0,39.0,2.0,40.0,2021-06-19
80,96.0,175.0,29.0,31.52,2021-06-19
38,187.0,310.0,34.0,22.82,2021-06-19
63,115.0,166.0,6.0,5.61,2021-06-19
88,45.0,109.0,2.0,6.25,2021-06-19
03,48.0,90.0,0.0,0.0,2021-06-19
30,80.0,119.0,2.0,2.99,2021-06-19
65,36.0,57.0,0.0,0.0,2021-06-19
82,45.0,70.0,0.0,0.0,2021-06-19
84,45.0,95.0,2.0,5.41,2021-06-19
60,120.0,238.0,9.0,11.11,2021-06-19
31,381.0,609.0,25.0,8.47,2021-06-19
04,13.0,26.0,0.0,0.0,2021-06-19
61,61.0,119.0,4.0,10.0,2021-06-19
43,39.0,66.0,0.0,0.0,2021-06-19
09,11.0,23.0,0.0,0.0,2021-06-19
54,137.0,190.0,3.0,3.41,2021-06-19
66,116.0,162.0,1.0,0.94,2021-06-19
50,84.0,112.0,3.0,3.85,2021-06-19
62,215.0,414.0,24.0,12.63,2021-06-19
42,169.0,292.0,5.0,4.46,2021-06-19
11,34.0,61.0,0.0,0.0,2021-06-19
55,32.0,41.0,1.0,3.85,2021-06-19
81,80.0,124.0,2.0,3.03,2021-06-19
07,49.0,73.0,0.0,0.0,2021-06-19
12,80.0,100.0,0.0,0.0,2021-06-19
15,40.0,56.0,10.0,27.78,2021-06-19
57,171.0,221.0,0.0,0.0,2021-06-19
05,6.0,22.0,0.0,0.0,2021-06-19
34,230.0,367.0,10.0,6.33,2021-06-19
06,135.0,254.0,19.0,28.79,2021-06-19
10,21.0,40.0,2.0,11.11,2021-06-19
73,47.0,80.0,1.0,2.63,2021-06-19
26,36.0,64.0,2.0,7.41,2021-06-19
46,17.0,33.0,0.0,0.0,2021-06-19
27,94.0,175.0,7.0,10.0,2021-06-19
74,107.0,153.0,18.0,22.22,2021-06-19
01,94.0,136.0,5.0,7.04,2021-06-19
08,53.0,72.0,0.0,0.0,2021-06-19
14,109.0,189.0,6.0,7.69,2021-06-19
32,20.0,44.0,4.0,23.53,2021-06-19
51,56.0,200.0,3.0,5.45,2021-06-19
83,180.0,276.0,6.0,5.08,2021-06-19
13,319.0,821.0,25.0,9.03,2021-06-19
48,1.0,4.0,0.0,0.0,2021-06-19
69,482.0,776.0,31.0,10.47,2021-06-19
68,180.0,284.0,8.0,6.02,2021-06-19
02,47.0,91.0,0.0,0.0,2021-06-19
76,204.0,412.0,9.0,4.89,2021-06-19
82,47.0,73.0,2.0,5.26,2021-06-20
47,51.0,118.0,1.0,2.22,2021-06-20
06,134.0,251.0,20.0,30.3,2021-06-20
49,112.0,144.0,6.0,7.79,2021-06-20
973,436.0,1039.0,1.0,0.24,2021-06-20
81,79.0,122.0,2.0,3.08,2021-06-20
972,52.0,107.0,1.0,2.13,2021-06-20
971,27.0,135.0,0.0,0.0,2021-06-20
05,6.0,22.0,0.0,0.0,2021-06-20
44,205.0,337.0,6.0,4.35,2021-06-20
26,36.0,61.0,2.0,7.41,2021-06-20
33,412.0,531.0,50.0,13.55,2021-06-20
68,177.0,280.0,8.0,6.02,2021-06-20
2A,10.0,27.0,0.0,0.0,2021-06-20
53,76.0,101.0,0.0,0.0,2021-06-20
38,186.0,309.0,35.0,23.49,2021-06-20
04,12.0,25.0,0.0,0.0,2021-06-20
21,131.0,174.0,4.0,6.45,2021-06-20
40,136.0,287.0,99.0,73.88,2021-06-20
88,45.0,108.0,2.0,6.25,2021-06-20
09,11.0,22.0,0.0,0.0,2021-06-20
14,109.0,193.0,5.0,6.33,2021-06-20
16,26.0,32.0,1.0,4.76,2021-06-20
72,93.0,109.0,0.0,0.0,2021-06-20
31,375.0,605.0,23.0,7.85,2021-06-20
48,1.0,4.0,0.0,0.0,2021-06-20
86,60.0,75.0,6.0,11.32,2021-06-20
02,47.0,91.0,0.0,0.0,2021-06-20
93,248.0,901.0,40.0,23.26,2021-06-20
69,480.0,770.0,32.0,10.81,2021-06-20
78,295.0,649.0,34.0,14.05,2021-06-20
28,51.0,108.0,2.0,5.56,2021-06-20
32,20.0,44.0,4.0,23.53,2021-06-20
74,105.0,152.0,18.0,22.78,2021-06-20
46,18.0,32.0,0.0,0.0,2021-06-20
87,43.0,61.0,1.0,4.17,2021-06-20
91,273.0,593.0,25.0,11.96,2021-06-20
92,236.0,636.0,30.0,16.39,2021-06-20
73,47.0,78.0,1.0,2.63,2021-06-20
18,44.0,58.0,0.0,0.0,2021-06-20
34,227.0,363.0,10.0,6.33,2021-06-20
36,19.0,33.0,0.0,0.0,2021-06-20
77,205.0,505.0,11.0,10.38,2021-06-20
59,502.0,904.0,15.0,3.33,2021-06-20
63,111.0,164.0,5.0,4.85,2021-06-20
42,167.0,289.0,5.0,4.5,2021-06-20
45,132.0,233.0,9.0,10.71,2021-06-20
11,34.0,61.0,0.0,0.0,2021-06-20
95,218.0,596.0,16.0,9.47,2021-06-20
62,216.0,412.0,24.0,12.57,2021-06-20
85,33.0,50.0,5.0,16.67,2021-06-20
66,116.0,163.0,1.0,0.95,2021-06-20
67,281.0,427.0,54.0,29.35,2021-06-20
80,98.0,179.0,30.0,31.91,2021-06-20
41,24.0,54.0,0.0,0.0,2021-06-20
12,80.0,98.0,0.0,0.0,2021-06-20
60,118.0,231.0,9.0,10.98,2021-06-20
75,401.0,1159.0,50.0,17.42,2021-06-20
37,58.0,117.0,2.0,3.57,2021-06-20
65,36.0,58.0,0.0,0.0,2021-06-20
79,38.0,52.0,6.0,21.43,2021-06-20
30,80.0,117.0,2.0,2.99,2021-06-20
94,240.0,670.0,15.0,10.34,2021-06-20
43,40.0,70.0,0.0,0.0,2021-06-20
64,199.0,298.0,44.0,22.68,2021-06-20
2B,8.0,16.0,1.0,16.67,2021-06-20
54,138.0,190.0,3.0,3.37,2021-06-20
61,64.0,120.0,4.0,9.3,2021-06-20
89,59.0,83.0,0.0,0.0,2021-06-20
51,54.0,200.0,3.0,5.66,2021-06-20
57,172.0,222.0,0.0,0.0,2021-06-20
22,60.0,107.0,0.0,0.0,2021-06-20
35,120.0,186.0,3.0,4.29,2021-06-20
58,13.0,20.0,0.0,0.0,2021-06-20
17,66.0,90.0,3.0,5.0,2021-06-20
15,40.0,56.0,10.0,27.78,2021-06-20
55,32.0,41.0,1.0,3.85,2021-06-20
29,139.0,252.0,5.0,3.82,2021-06-20
08,51.0,71.0,0.0,0.0,2021-06-20
84,45.0,92.0,2.0,5.41,2021-06-20
50,84.0,112.0,3.0,3.85,2021-06-20
39,51.0,68.0,7.0,17.5,2021-06-20
76,202.0,409.0,9.0,4.95,2021-06-20
974,546.0,1250.0,0.0,0.0,2021-06-20
23,2.0,3.0,0.0,0.0,2021-06-20
07,49.0,72.0,0.0,0.0,2021-06-20
01,96.0,135.0,6.0,8.22,2021-06-20
977,0.0,3.0,0.0,0.0,2021-06-20
03,47.0,88.0,0.0,0.0,2021-06-20
25,62.0,115.0,8.0,13.79,2021-06-20
10,21.0,41.0,2.0,11.11,2021-06-20
90,27.0,50.0,1.0,3.85,2021-06-20
70,25.0,44.0,0.0,0.0,2021-06-20
83,181.0,276.0,7.0,5.93,2021-06-20
56,117.0,177.0,0.0,0.0,2021-06-20
52,33.0,41.0,2.0,33.33,2021-06-20
24,34.0,45.0,1.0,3.85,2021-06-20
19,36.0,57.0,1.0,4.17,2021-06-20
976,1.0,33.0,0.0,0.0,2021-06-20
978,9.0,69.0,0.0,0.0,2021-06-20
27,92.0,178.0,7.0,10.0,2021-06-20
71,77.0,119.0,1.0,1.61,2021-06-20
13,320.0,818.0,27.0,9.71,2021-06-20
79,44.0,62.0,9.0,31.03,2021-06-21
03,39.0,77.0,0.0,0.0,2021-06-21
65,28.0,48.0,1.0,4.76,2021-06-21
84,45.0,86.0,2.0,5.26,2021-06-21
60,112.0,222.0,11.0,13.41,2021-06-21
94,237.0,625.0,15.0,10.95,2021-06-21
75,371.0,1069.0,48.0,17.91,2021-06-21
12,69.0,87.0,1.0,1.56,2021-06-21
61,51.0,96.0,3.0,8.82,2021-06-21
43,43.0,66.0,0.0,0.0,2021-06-21
19,32.0,50.0,1.0,5.0,2021-06-21
70,20.0,41.0,0.0,0.0,2021-06-21
41,25.0,56.0,1.0,5.88,2021-06-21
64,166.0,258.0,41.0,25.47,2021-06-21
54,111.0,152.0,3.0,3.95,2021-06-21
66,122.0,158.0,10.0,9.17,2021-06-21
37,65.0,102.0,8.0,12.7,2021-06-21
30,61.0,97.0,2.0,3.92,2021-06-21
22,47.0,92.0,0.0,0.0,2021-06-21
52,30.0,38.0,1.0,14.29,2021-06-21
01,78.0,120.0,4.0,6.56,2021-06-21
32,14.0,32.0,4.0,33.33,2021-06-21
74,86.0,129.0,13.0,20.31,2021-06-21
46,16.0,28.0,0.0,0.0,2021-06-21
978,7.0,72.0,0.0,0.0,2021-06-21
89,59.0,82.0,0.0,0.0,2021-06-21
28,52.0,107.0,2.0,5.56,2021-06-21
87,35.0,50.0,1.0,4.35,2021-06-21
18,45.0,56.0,0.0,0.0,2021-06-21
92,200.0,568.0,32.0,19.28,2021-06-21
90,21.0,37.0,1.0,5.0,2021-06-21
73,46.0,82.0,2.0,5.41,2021-06-21
10,20.0,27.0,3.0,17.65,2021-06-21
16,23.0,27.0,0.0,0.0,2021-06-21
91,236.0,542.0,24.0,12.7,2021-06-21
977,0.0,3.0,0.0,0.0,2021-06-21
78,271.0,591.0,38.0,16.67,2021-06-21
69,422.0,699.0,40.0,13.33,2021-06-21
63,91.0,145.0,5.0,5.95,2021-06-21
59,463.0,816.0,25.0,5.98,2021-06-21
71,73.0,110.0,1.0,1.72,2021-06-21
77,183.0,452.0,9.0,9.0,2021-06-21
36,22.0,34.0,0.0,0.0,2021-06-21
85,32.0,47.0,4.0,14.29,2021-06-21
51,53.0,197.0,2.0,3.92,2021-06-21
31,356.0,593.0,26.0,9.29,2021-06-21
17,57.0,85.0,3.0,6.0,2021-06-21
86,56.0,71.0,6.0,12.5,2021-06-21
02,48.0,89.0,3.0,6.52,2021-06-21
76,181.0,375.0,16.0,9.76,2021-06-21
93,217.0,837.0,39.0,24.68,2021-06-21
08,49.0,70.0,0.0,0.0,2021-06-21
48,1.0,5.0,0.0,0.0,2021-06-21
29,137.0,258.0,7.0,5.38,2021-06-21
25,59.0,110.0,11.0,20.0,2021-06-21
40,131.0,285.0,107.0,82.31,2021-06-21
971,31.0,127.0,0.0,0.0,2021-06-21
44,180.0,304.0,8.0,6.3,2021-06-21
972,58.0,109.0,1.0,2.04,2021-06-21
23,2.0,3.0,0.0,0.0,2021-06-21
55,28.0,32.0,1.0,4.0,2021-06-21
2A,9.0,25.0,0.0,0.0,2021-06-21
14,90.0,177.0,5.0,7.58,2021-06-21
27,67.0,142.0,6.0,10.53,2021-06-21
53,64.0,83.0,0.0,0.0,2021-06-21
33,370.0,471.0,46.0,13.81,2021-06-21
35,117.0,180.0,3.0,4.29,2021-06-21
38,154.0,265.0,38.0,29.23,2021-06-21
04,10.0,23.0,0.0,0.0,2021-06-21
21,108.0,146.0,3.0,5.56,2021-06-21
88,49.0,101.0,1.0,2.7,2021-06-21
57,169.0,217.0,0.0,0.0,2021-06-21
68,155.0,222.0,5.0,4.31,2021-06-21
05,5.0,24.0,0.0,0.0,2021-06-21
13,287.0,716.0,22.0,8.87,2021-06-21
15,20.0,26.0,4.0,21.05,2021-06-21
82,49.0,74.0,2.0,5.56,2021-06-21
34,189.0,302.0,10.0,7.58,2021-06-21
2B,5.0,15.0,1.0,25.0,2021-06-21
39,40.0,52.0,6.0,17.65,2021-06-21
974,537.0,1261.0,0.0,0.0,2021-06-21
50,93.0,116.0,3.0,3.45,2021-06-21
09,6.0,16.0,0.0,0.0,2021-06-21
49,95.0,123.0,4.0,5.48,2021-06-21
26,39.0,66.0,1.0,3.33,2021-06-21
42,148.0,262.0,5.0,4.03,2021-06-21
67,260.0,389.0,63.0,37.5,2021-06-21
72,90.0,99.0,1.0,1.89,2021-06-21
83,163.0,250.0,8.0,6.61,2021-06-21
07,46.0,61.0,0.0,0.0,2021-06-21
06,134.0,249.0,25.0,33.33,2021-06-21
47,47.0,104.0,2.0,5.0,2021-06-21
973,375.0,992.0,0.0,0.0,2021-06-21
56,119.0,183.0,1.0,1.04,2021-06-21
45,127.0,201.0,9.0,10.23,2021-06-21
58,13.0,18.0,0.0,0.0,2021-06-21
976,1.0,35.0,0.0,0.0,2021-06-21
81,81.0,120.0,4.0,5.97,2021-06-21
80,82.0,153.0,31.0,41.33,2021-06-21
24,27.0,37.0,0.0,0.0,2021-06-21
95,202.0,548.0,16.0,10.26,2021-06-21
62,203.0,369.0,27.0,15.0,2021-06-21
11,21.0,51.0,0.0,0.0,2021-06-21
10,16.0,28.0,2.0,15.38,2021-06-22
25,49.0,100.0,12.0,27.27,2021-06-22
08,50.0,67.0,1.0,2.27,2021-06-22
51,51.0,184.0,1.0,2.04,2021-06-22
68,132.0,187.0,4.0,4.17,2021-06-22
21,95.0,128.0,2.0,4.26,2021-06-22
67,263.0,395.0,62.0,36.05,2021-06-22
57,148.0,185.0,2.0,4.08,2021-06-22
06,130.0,232.0,31.0,38.75,2021-06-22
89,54.0,73.0,1.0,3.85,2021-06-22
32,19.0,38.0,6.0,33.33,2021-06-22
74,76.0,119.0,13.0,22.41,2021-06-22
56,134.0,181.0,5.0,4.63,2021-06-22
05,5.0,25.0,0.0,0.0,2021-06-22
18,39.0,50.0,0.0,0.0,2021-06-22
91,226.0,530.0,25.0,13.51,2021-06-22
90,19.0,35.0,0.0,0.0,2021-06-22
28,48.0,99.0,3.0,9.68,2021-06-22
44,175.0,295.0,14.0,10.85,2021-06-22
29,127.0,251.0,8.0,6.67,2021-06-22
2B,4.0,13.0,1.0,25.0,2021-06-22
37,73.0,104.0,11.0,15.94,2021-06-22
75,313.0,936.0,42.0,17.8,2021-06-22
09,5.0,18.0,0.0,0.0,2021-06-22
80,84.0,147.0,35.0,45.45,2021-06-22
70,17.0,39.0,0.0,0.0,2021-06-22
60,107.0,221.0,11.0,12.64,2021-06-22
12,56.0,74.0,3.0,5.66,2021-06-22
58,13.0,17.0,0.0,0.0,2021-06-22
72,86.0,91.0,1.0,1.75,2021-06-22
45,127.0,199.0,7.0,8.05,2021-06-22
41,28.0,61.0,3.0,15.0,2021-06-22
85,27.0,41.0,3.0,12.5,2021-06-22
11,21.0,53.0,0.0,0.0,2021-06-22
62,215.0,372.0,31.0,16.06,2021-06-22
54,86.0,125.0,4.0,6.78,2021-06-22
84,42.0,83.0,2.0,5.71,2021-06-22
49,97.0,118.0,4.0,5.26,2021-06-22
22,43.0,86.0,3.0,8.33,2021-06-22
53,57.0,78.0,0.0,0.0,2021-06-22
02,52.0,95.0,7.0,14.0,2021-06-22
39,41.0,57.0,6.0,20.69,2021-06-22
31,318.0,555.0,27.0,10.71,2021-06-22
13,272.0,665.0,19.0,8.12,2021-06-22
35,116.0,182.0,4.0,5.13,2021-06-22
71,62.0,101.0,1.0,2.04,2021-06-22
83,154.0,224.0,12.0,10.08,2021-06-22
36,23.0,33.0,0.0,0.0,2021-06-22
77,172.0,415.0,14.0,14.43,2021-06-22
88,39.0,80.0,1.0,3.45,2021-06-22
04,8.0,25.0,0.0,0.0,2021-06-22
59,424.0,747.0,33.0,8.59,2021-06-22
55,20.0,23.0,1.0,5.56,2021-06-22
52,27.0,32.0,1.0,14.29,2021-06-22
30,53.0,90.0,2.0,4.55,2021-06-22
2A,6.0,18.0,0.0,0.0,2021-06-22
34,172.0,275.0,10.0,8.0,2021-06-22
78,253.0,546.0,39.0,18.4,2021-06-22
69,420.0,698.0,46.0,15.08,2021-06-22
972,67.0,120.0,0.0,0.0,2021-06-22
978,7.0,62.0,1.0,16.67,2021-06-22
01,78.0,117.0,8.0,13.33,2021-06-22
14,87.0,175.0,7.0,10.94,2021-06-22
976,1.0,31.0,0.0,0.0,2021-06-22
07,41.0,53.0,0.0,0.0,2021-06-22
86,50.0,66.0,7.0,16.28,2021-06-22
95,185.0,495.0,19.0,13.29,2021-06-22
66,110.0,137.0,9.0,9.38,2021-06-22
64,153.0,246.0,36.0,24.0,2021-06-22
48,2.0,6.0,1.0,50.0,2021-06-22
03,25.0,62.0,0.0,0.0,2021-06-22
93,207.0,757.0,37.0,26.06,2021-06-22
973,396.0,976.0,0.0,0.0,2021-06-22
43,41.0,60.0,0.0,0.0,2021-06-22
977,0.0,6.0,0.0,0.0,2021-06-22
26,38.0,71.0,1.0,3.23,2021-06-22
63,83.0,128.0,6.0,7.89,2021-06-22
76,172.0,350.0,17.0,11.04,2021-06-22
17,60.0,88.0,3.0,5.77,2021-06-22
94,224.0,564.0,16.0,12.6,2021-06-22
23,2.0,3.0,0.0,0.0,2021-06-22
33,333.0,436.0,44.0,14.62,2021-06-22
79,45.0,60.0,9.0,31.03,2021-06-22
65,19.0,38.0,1.0,7.69,2021-06-22
42,135.0,249.0,5.0,4.42,2021-06-22
61,39.0,76.0,1.0,3.45,2021-06-22
50,87.0,111.0,3.0,3.7,2021-06-22
87,27.0,41.0,1.0,6.67,2021-06-22
27,60.0,126.0,5.0,9.62,2021-06-22
16,19.0,26.0,0.0,0.0,2021-06-22
38,142.0,254.0,37.0,31.36,2021-06-22
40,115.0,278.0,96.0,86.49,2021-06-22
19,26.0,42.0,0.0,0.0,2021-06-22
92,187.0,527.0,35.0,21.6,2021-06-22
73,45.0,83.0,2.0,5.71,2021-06-22
24,25.0,37.0,0.0,0.0,2021-06-22
15,20.0,25.0,4.0,22.22,2021-06-22
81,83.0,118.0,5.0,7.81,2021-06-22
974,614.0,1251.0,0.0,0.0,2021-06-22
971,35.0,153.0,0.0,0.0,2021-06-22
47,43.0,87.0,2.0,5.88,2021-06-22
46,14.0,22.0,1.0,9.09,2021-06-22
82,41.0,62.0,2.0,6.67,2021-06-22
26,40.0,73.0,2.0,5.71,2021-06-23
47,43.0,81.0,2.0,5.71,2021-06-23
60,99.0,204.0,10.0,12.82,2021-06-23
68,115.0,166.0,8.0,9.88,2021-06-23
43,41.0,61.0,0.0,0.0,2021-06-23
40,128.0,292.0,107.0,87.7,2021-06-23
52,29.0,33.0,1.0,12.5,2021-06-23
12,56.0,71.0,3.0,5.66,2021-06-23
88,37.0,71.0,0.0,0.0,2021-06-23
971,37.0,157.0,0.0,0.0,2021-06-23
50,89.0,114.0,3.0,3.53,2021-06-23
94,216.0,542.0,16.0,13.79,2021-06-23
2A,7.0,14.0,0.0,0.0,2021-06-23
38,151.0,264.0,44.0,35.2,2021-06-23
33,305.0,416.0,53.0,19.7,2021-06-23
75,284.0,871.0,42.0,19.72,2021-06-23
54,72.0,110.0,6.0,12.5,2021-06-23
71,61.0,97.0,0.0,0.0,2021-06-23
21,82.0,107.0,2.0,4.35,2021-06-23
977,0.0,6.0,0.0,0.0,2021-06-23
07,31.0,40.0,0.0,0.0,2021-06-23
19,18.0,30.0,0.0,0.0,2021-06-23
41,26.0,59.0,5.0,22.73,2021-06-23
72,78.0,80.0,3.0,5.17,2021-06-23
70,16.0,35.0,0.0,0.0,2021-06-23
61,30.0,61.0,2.0,7.69,2021-06-23
81,71.0,105.0,5.0,9.43,2021-06-23
83,113.0,205.0,14.0,16.28,2021-06-23
45,131.0,218.0,7.0,7.0,2021-06-23
42,120.0,212.0,3.0,3.09,2021-06-23
04,6.0,23.0,0.0,0.0,2021-06-23
03,25.0,56.0,0.0,0.0,2021-06-23
84,41.0,75.0,7.0,21.21,2021-06-23
974,698.0,1284.0,1.0,0.71,2021-06-23
64,158.0,249.0,36.0,23.53,2021-06-23
11,21.0,57.0,0.0,0.0,2021-06-23
80,87.0,157.0,45.0,56.25,2021-06-23
62,209.0,347.0,38.0,20.99,2021-06-23
95,183.0,497.0,20.0,14.81,2021-06-23
49,76.0,97.0,4.0,6.15,2021-06-23
66,103.0,125.0,9.0,10.47,2021-06-23
09,5.0,17.0,0.0,0.0,2021-06-23
85,30.0,42.0,3.0,12.0,2021-06-23
972,70.0,131.0,0.0,0.0,2021-06-23
22,39.0,78.0,5.0,14.71,2021-06-23
82,35.0,54.0,2.0,7.69,2021-06-23
58,10.0,17.0,0.0,0.0,2021-06-23
976,1.0,30.0,0.0,0.0,2021-06-23
2B,5.0,15.0,2.0,40.0,2021-06-23
65,20.0,43.0,1.0,7.14,2021-06-23
69,388.0,650.0,43.0,15.25,2021-06-23
35,118.0,183.0,6.0,7.32,2021-06-23
02,53.0,97.0,8.0,15.69,2021-06-23
86,46.0,65.0,6.0,15.0,2021-06-23
37,77.0,101.0,14.0,19.18,2021-06-23
15,21.0,23.0,5.0,25.0,2021-06-23
78,237.0,519.0,36.0,18.37,2021-06-23
25,48.0,100.0,12.0,28.57,2021-06-23
28,46.0,95.0,2.0,6.9,2021-06-23
06,119.0,220.0,34.0,40.96,2021-06-23
01,76.0,106.0,11.0,18.64,2021-06-23
978,2.0,57.0,1.0,50.0,2021-06-23
92,195.0,525.0,40.0,24.69,2021-06-23
32,23.0,39.0,5.0,22.73,2021-06-23
89,45.0,69.0,1.0,4.17,2021-06-23
13,267.0,635.0,23.0,10.18,2021-06-23
56,130.0,174.0,6.0,5.71,2021-06-23
24,22.0,30.0,0.0,0.0,2021-06-23
74,74.0,119.0,16.0,28.57,2021-06-23
27,56.0,125.0,6.0,12.24,2021-06-23
46,14.0,19.0,1.0,9.09,2021-06-23
87,21.0,32.0,1.0,10.0,2021-06-23
91,210.0,478.0,22.0,13.02,2021-06-23
57,137.0,178.0,3.0,6.67,2021-06-23
18,33.0,45.0,0.0,0.0,2021-06-23
16,20.0,27.0,0.0,0.0,2021-06-23
73,46.0,78.0,2.0,5.56,2021-06-23
10,15.0,29.0,2.0,16.67,2021-06-23
34,155.0,254.0,7.0,6.6,2021-06-23
39,52.0,69.0,9.0,22.5,2021-06-23
51,54.0,163.0,0.0,0.0,2021-06-23
90,11.0,22.0,0.0,0.0,2021-06-23
53,57.0,77.0,2.0,4.55,2021-06-23
31,293.0,529.0,31.0,13.48,2021-06-23
29,130.0,257.0,10.0,8.06,2021-06-23
79,46.0,58.0,9.0,31.03,2021-06-23
05,6.0,23.0,1.0,20.0,2021-06-23
30,48.0,82.0,2.0,5.13,2021-06-23
17,62.0,87.0,4.0,7.27,2021-06-23
23,1.0,2.0,0.0,0.0,2021-06-23
59,383.0,684.0,38.0,10.95,2021-06-23
63,76.0,113.0,6.0,8.96,2021-06-23
55,16.0,19.0,1.0,6.67,2021-06-23
76,162.0,337.0,16.0,11.03,2021-06-23
08,50.0,66.0,1.0,2.27,2021-06-23
67,259.0,389.0,64.0,35.56,2021-06-23
44,161.0,273.0,17.0,13.08,2021-06-23
14,78.0,174.0,9.0,15.25,2021-06-23
77,179.0,394.0,18.0,17.31,2021-06-23
36,24.0,33.0,0.0,0.0,2021-06-23
93,208.0,727.0,37.0,26.43,2021-06-23
48,3.0,6.0,1.0,33.33,2021-06-23
973,382.0,912.0,0.0,0.0,2021-06-23
33,258.0,408.0,55.0,23.91,2021-06-24
57,133.0,170.0,12.0,21.43,2021-06-24
58,9.0,15.0,0.0,0.0,2021-06-24
49,71.0,88.0,2.0,3.39,2021-06-24
05,4.0,16.0,1.0,33.33,2021-06-24
24,23.0,33.0,0.0,0.0,2021-06-24
88,35.0,65.0,0.0,0.0,2021-06-24
27,58.0,116.0,3.0,5.66,2021-06-24
40,160.0,303.0,130.0,86.09,2021-06-24
972,79.0,136.0,0.0,0.0,2021-06-24
07,18.0,25.0,0.0,0.0,2021-06-24
973,374.0,905.0,0.0,0.0,2021-06-24
38,134.0,250.0,41.0,36.28,2021-06-24
29,133.0,254.0,12.0,9.45,2021-06-24
39,51.0,71.0,10.0,25.64,2021-06-24
67,251.0,372.0,71.0,39.23,2021-06-24
15,15.0,16.0,1.0,7.14,2021-06-24
04,5.0,22.0,0.0,0.0,2021-06-24
976,1.0,25.0,0.0,0.0,2021-06-24
50,79.0,101.0,2.0,2.74,2021-06-24
14,76.0,175.0,12.0,20.34,2021-06-24
2B,4.0,15.0,2.0,50.0,2021-06-24
25,47.0,98.0,13.0,36.11,2021-06-24
68,114.0,167.0,7.0,8.05,2021-06-24
06,121.0,222.0,40.0,47.06,2021-06-24
83,92.0,185.0,10.0,15.15,2021-06-24
82,27.0,47.0,3.0,15.0,2021-06-24
13,247.0,573.0,31.0,14.83,2021-06-24
26,40.0,72.0,4.0,11.11,2021-06-24
44,144.0,237.0,15.0,13.04,2021-06-24
56,121.0,163.0,6.0,6.19,2021-06-24
55,11.0,13.0,1.0,9.09,2021-06-24
23,0.0,1.0,0.0,0.0,2021-06-24
35,115.0,182.0,12.0,14.63,2021-06-24
21,81.0,104.0,5.0,10.2,2021-06-24
95,168.0,465.0,18.0,15.0,2021-06-24
79,46.0,57.0,10.0,33.33,2021-06-24
31,298.0,527.0,37.0,15.68,2021-06-24
48,6.0,11.0,1.0,16.67,2021-06-24
90,9.0,21.0,0.0,0.0,2021-06-24
93,195.0,689.0,33.0,26.83,2021-06-24
36,22.0,35.0,0.0,0.0,2021-06-24
77,182.0,397.0,22.0,20.95,2021-06-24
08,53.0,69.0,1.0,2.27,2021-06-24
51,46.0,121.0,0.0,0.0,2021-06-24
76,133.0,289.0,14.0,12.17,2021-06-24
59,358.0,643.0,40.0,12.42,2021-06-24
30,43.0,73.0,2.0,5.56,2021-06-24
17,56.0,85.0,6.0,12.0,2021-06-24
53,55.0,76.0,3.0,6.98,2021-06-24
65,22.0,40.0,3.0,21.43,2021-06-24
37,74.0,94.0,15.0,21.43,2021-06-24
71,61.0,94.0,0.0,0.0,2021-06-24
63,69.0,105.0,8.0,12.7,2021-06-24
75,262.0,832.0,48.0,23.53,2021-06-24
02,57.0,89.0,8.0,14.55,2021-06-24
78,225.0,490.0,32.0,17.2,2021-06-24
91,203.0,452.0,23.0,14.29,2021-06-24
10,18.0,32.0,5.0,33.33,2021-06-24
34,133.0,231.0,12.0,13.48,2021-06-24
73,43.0,72.0,3.0,8.82,2021-06-24
18,24.0,39.0,0.0,0.0,2021-06-24
16,20.0,30.0,0.0,0.0,2021-06-24
87,13.0,22.0,0.0,0.0,2021-06-24
86,39.0,56.0,7.0,21.21,2021-06-24
46,16.0,18.0,1.0,7.69,2021-06-24
978,2.0,55.0,1.0,50.0,2021-06-24
89,40.0,62.0,1.0,4.55,2021-06-24
32,18.0,35.0,2.0,11.11,2021-06-24
92,180.0,504.0,42.0,28.77,2021-06-24
69,392.0,623.0,48.0,16.96,2021-06-24
28,32.0,81.0,2.0,10.0,2021-06-24
01,75.0,105.0,13.0,22.03,2021-06-24
74,81.0,124.0,26.0,42.62,2021-06-24
94,205.0,510.0,16.0,14.29,2021-06-24
974,786.0,1311.0,2.0,0.85,2021-06-24
45,124.0,204.0,5.0,5.26,2021-06-24
47,37.0,73.0,3.0,10.0,2021-06-24
09,2.0,16.0,0.0,0.0,2021-06-24
81,76.0,110.0,6.0,10.34,2021-06-24
61,26.0,56.0,2.0,8.33,2021-06-24
977,0.0,6.0,0.0,0.0,2021-06-24
42,103.0,180.0,3.0,3.57,2021-06-24
971,36.0,174.0,1.0,3.23,2021-06-24
03,20.0,54.0,0.0,0.0,2021-06-24
11,19.0,57.0,0.0,0.0,2021-06-24
84,45.0,75.0,6.0,17.14,2021-06-24
62,200.0,332.0,36.0,21.18,2021-06-24
19,14.0,25.0,0.0,0.0,2021-06-24
70,19.0,35.0,1.0,5.56,2021-06-24
2A,7.0,15.0,0.0,0.0,2021-06-24
72,72.0,74.0,3.0,5.88,2021-06-24
60,86.0,182.0,8.0,12.5,2021-06-24
85,36.0,46.0,1.0,3.12,2021-06-24
22,36.0,72.0,6.0,20.69,2021-06-24
41,25.0,57.0,7.0,33.33,2021-06-24
64,154.0,235.0,29.0,20.14,2021-06-24
12,39.0,51.0,3.0,8.57,2021-06-24
52,21.0,25.0,0.0,0.0,2021-06-24
80,111.0,174.0,58.0,61.7,2021-06-24
66,99.0,123.0,11.0,13.25,2021-06-24
43,37.0,58.0,0.0,0.0,2021-06-24
54,61.0,107.0,7.0,17.5,2021-06-24
83,82.0,162.0,11.0,18.64,2021-06-25
54,56.0,95.0,8.0,22.22,2021-06-25
07,16.0,26.0,0.0,0.0,2021-06-25
89,34.0,58.0,1.0,5.0,2021-06-25
978,4.0,53.0,1.0,25.0,2021-06-25
03,22.0,59.0,0.0,0.0,2021-06-25
29,125.0,246.0,12.0,10.08,2021-06-25
19,11.0,24.0,0.0,0.0,2021-06-25
39,53.0,75.0,14.0,32.56,2021-06-25
16,17.0,26.0,0.0,0.0,2021-06-25
977,0.0,7.0,0.0,0.0,2021-06-25
35,119.0,181.0,17.0,20.0,2021-06-25
17,49.0,73.0,8.0,18.6,2021-06-25
71,58.0,94.0,1.0,2.27,2021-06-25
52,10.0,16.0,0.0,0.0,2021-06-25
50,63.0,89.0,2.0,3.7,2021-06-25
22,34.0,68.0,6.0,23.08,2021-06-25
84,41.0,72.0,7.0,21.88,2021-06-25
08,53.0,69.0,1.0,2.44,2021-06-25
13,235.0,537.0,36.0,18.09,2021-06-25
90,8.0,21.0,0.0,0.0,2021-06-25
58,11.0,17.0,0.0,0.0,2021-06-25
51,42.0,111.0,0.0,0.0,2021-06-25
23,0.0,0.0,0.0,0.0,2021-06-25
61,24.0,57.0,2.0,8.7,2021-06-25
76,112.0,236.0,12.0,12.77,2021-06-25
01,73.0,107.0,15.0,25.42,2021-06-25
70,22.0,38.0,4.0,19.05,2021-06-25
55,11.0,14.0,2.0,18.18,2021-06-25
976,0.0,22.0,0.0,0.0,2021-06-25
91,179.0,442.0,21.0,14.89,2021-06-25
27,53.0,106.0,4.0,8.51,2021-06-25
62,171.0,307.0,34.0,22.37,2021-06-25
36,19.0,32.0,1.0,7.14,2021-06-25
48,6.0,13.0,1.0,16.67,2021-06-25
72,67.0,63.0,3.0,6.12,2021-06-25
47,27.0,60.0,2.0,10.0,2021-06-25
09,2.0,14.0,0.0,0.0,2021-06-25
81,74.0,116.0,9.0,16.07,2021-06-25
971,35.0,164.0,1.0,3.33,2021-06-25
31,272.0,497.0,33.0,14.86,2021-06-25
2A,6.0,12.0,0.0,0.0,2021-06-25
80,122.0,179.0,70.0,67.96,2021-06-25
02,56.0,86.0,8.0,14.81,2021-06-25
86,40.0,59.0,8.0,23.53,2021-06-25
37,63.0,78.0,17.0,28.81,2021-06-25
10,13.0,29.0,5.0,41.67,2021-06-25
45,117.0,199.0,8.0,8.7,2021-06-25
42,83.0,185.0,3.0,4.35,2021-06-25
974,820.0,1335.0,6.0,1.77,2021-06-25
95,168.0,460.0,21.0,17.5,2021-06-25
30,42.0,74.0,3.0,9.09,2021-06-25
75,259.0,830.0,62.0,30.39,2021-06-25
65,21.0,38.0,3.0,17.65,2021-06-25
59,342.0,597.0,46.0,15.18,2021-06-25
94,178.0,480.0,18.0,18.56,2021-06-25
63,72.0,100.0,10.0,16.13,2021-06-25
60,83.0,169.0,5.0,8.77,2021-06-25
38,127.0,251.0,50.0,45.45,2021-06-25
12,33.0,41.0,3.0,10.0,2021-06-25
64,136.0,217.0,21.0,16.54,2021-06-25
41,26.0,62.0,8.0,40.0,2021-06-25
93,196.0,705.0,34.0,27.64,2021-06-25
85,44.0,58.0,1.0,2.5,2021-06-25
77,189.0,410.0,24.0,21.82,2021-06-25
66,91.0,110.0,12.0,15.58,2021-06-25
11,17.0,55.0,0.0,0.0,2021-06-25
43,35.0,55.0,0.0,0.0,2021-06-25
40,142.0,275.0,108.0,81.82,2021-06-25
53,49.0,61.0,5.0,12.5,2021-06-25
69,369.0,590.0,53.0,19.27,2021-06-25
14,74.0,165.0,17.0,26.98,2021-06-25
67,246.0,351.0,71.0,39.01,2021-06-25
973,356.0,890.0,0.0,0.0,2021-06-25
74,74.0,112.0,29.0,49.15,2021-06-25
15,16.0,18.0,3.0,20.0,2021-06-25
25,45.0,96.0,12.0,33.33,2021-06-25
46,11.0,12.0,1.0,11.11,2021-06-25
18,15.0,29.0,0.0,0.0,2021-06-25
24,24.0,35.0,0.0,0.0,2021-06-25
06,134.0,234.0,51.0,52.04,2021-06-25
87,12.0,19.0,0.0,0.0,2021-06-25
73,42.0,70.0,7.0,21.21,2021-06-25
34,104.0,195.0,8.0,12.12,2021-06-25
56,109.0,148.0,6.0,7.5,2021-06-25
57,120.0,155.0,17.0,30.36,2021-06-25
28,27.0,69.0,2.0,13.33,2021-06-25
44,125.0,216.0,18.0,19.15,2021-06-25
79,41.0,50.0,7.0,25.0,2021-06-25
92,169.0,494.0,44.0,33.33,2021-06-25
05,4.0,16.0,1.0,33.33,2021-06-25
49,72.0,82.0,3.0,5.0,2021-06-25
972,73.0,126.0,0.0,0.0,2021-06-25
2B,2.0,12.0,1.0,50.0,2021-06-25
82,24.0,40.0,5.0,27.78,2021-06-25
32,20.0,33.0,2.0,10.53,2021-06-25
26,39.0,71.0,7.0,19.44,2021-06-25
68,112.0,165.0,8.0,8.79,2021-06-25
33,228.0,388.0,55.0,26.96,2021-06-25
21,67.0,91.0,5.0,11.36,2021-06-25
88,29.0,50.0,0.0,0.0,2021-06-25
78,210.0,437.0,33.0,18.86,2021-06-25
04,3.0,19.0,0.0,0.0,2021-06-25
69,362.0,580.0,56.0,20.97,2021-06-26
59,322.0,560.0,44.0,15.33,2021-06-26
73,43.0,71.0,8.0,22.86,2021-06-26
78,198.0,412.0,30.0,18.4,2021-06-26
02,50.0,83.0,10.0,20.41,2021-06-26
92,165.0,494.0,48.0,36.92,2021-06-26
77,177.0,407.0,24.0,23.3,2021-06-26
93,193.0,708.0,35.0,28.0,2021-06-26
978,5.0,51.0,2.0,40.0,2021-06-26
08,55.0,72.0,2.0,4.76,2021-06-26
74,75.0,113.0,29.0,48.33,2021-06-26
63,69.0,97.0,11.0,18.33,2021-06-26
90,10.0,24.0,0.0,0.0,2021-06-26
42,80.0,184.0,2.0,3.08,2021-06-26
01,76.0,103.0,16.0,26.67,2021-06-26
04,2.0,19.0,0.0,0.0,2021-06-26
49,69.0,79.0,4.0,7.27,2021-06-26
972,76.0,132.0,0.0,0.0,2021-06-26
26,42.0,71.0,11.0,28.95,2021-06-26
05,4.0,15.0,1.0,33.33,2021-06-26
44,125.0,223.0,24.0,24.74,2021-06-26
91,185.0,444.0,20.0,13.89,2021-06-26
973,352.0,879.0,0.0,0.0,2021-06-26
35,128.0,185.0,25.0,26.04,2021-06-26
13,245.0,520.0,40.0,19.32,2021-06-26
06,130.0,227.0,52.0,52.0,2021-06-26
56,118.0,149.0,8.0,9.52,2021-06-26
07,15.0,25.0,0.0,0.0,2021-06-26
974,825.0,1326.0,10.0,2.7,2021-06-26
15,15.0,18.0,3.0,21.43,2021-06-26
83,76.0,150.0,10.0,18.18,2021-06-26
29,117.0,245.0,11.0,10.19,2021-06-26
38,128.0,251.0,48.0,42.86,2021-06-26
977,0.0,4.0,0.0,0.0,2021-06-26
94,165.0,461.0,14.0,15.73,2021-06-26
43,34.0,51.0,0.0,0.0,2021-06-26
60,80.0,160.0,6.0,10.71,2021-06-26
85,45.0,58.0,2.0,4.76,2021-06-26
22,30.0,64.0,7.0,30.43,2021-06-26
84,46.0,71.0,9.0,25.0,2021-06-26
95,168.0,468.0,23.0,19.49,2021-06-26
62,154.0,285.0,29.0,21.48,2021-06-26
72,58.0,51.0,3.0,7.32,2021-06-26
971,35.0,165.0,1.0,3.33,2021-06-26
03,25.0,61.0,0.0,0.0,2021-06-26
80,125.0,177.0,79.0,75.24,2021-06-26
53,47.0,61.0,5.0,13.16,2021-06-26
976,0.0,20.0,0.0,0.0,2021-06-26
75,265.0,848.0,66.0,31.88,2021-06-26
10,11.0,31.0,5.0,45.45,2021-06-26
51,44.0,115.0,1.0,2.38,2021-06-26
36,16.0,29.0,1.0,7.69,2021-06-26
79,42.0,48.0,9.0,31.03,2021-06-26
54,47.0,89.0,8.0,26.67,2021-06-26
70,20.0,32.0,6.0,31.58,2021-06-26
23,0.0,0.0,0.0,0.0,2021-06-26
50,62.0,87.0,3.0,5.77,2021-06-26
57,118.0,160.0,21.0,35.59,2021-06-26
65,20.0,41.0,3.0,18.75,2021-06-26
48,8.0,15.0,1.0,12.5,2021-06-26
09,2.0,14.0,0.0,0.0,2021-06-26
86,42.0,61.0,7.0,21.21,2021-06-26
46,12.0,13.0,1.0,10.0,2021-06-26
87,16.0,20.0,1.0,12.5,2021-06-26
19,14.0,26.0,2.0,25.0,2021-06-26
52,10.0,17.0,0.0,0.0,2021-06-26
2A,4.0,8.0,0.0,0.0,2021-06-26
88,32.0,56.0,1.0,4.17,2021-06-26
2B,2.0,13.0,1.0,50.0,2021-06-26
64,132.0,210.0,21.0,17.07,2021-06-26
82,23.0,38.0,6.0,33.33,2021-06-26
40,145.0,283.0,108.0,80.0,2021-06-26
33,230.0,389.0,58.0,27.88,2021-06-26
14,67.0,153.0,17.0,29.82,2021-06-26
25,46.0,94.0,12.0,34.29,2021-06-26
67,220.0,326.0,73.0,43.2,2021-06-26
81,76.0,116.0,9.0,15.52,2021-06-26
47,26.0,52.0,2.0,10.0,2021-06-26
55,9.0,11.0,3.0,33.33,2021-06-26
58,13.0,20.0,0.0,0.0,2021-06-26
21,62.0,84.0,6.0,14.29,2021-06-26
68,110.0,160.0,8.0,8.79,2021-06-26
24,22.0,31.0,0.0,0.0,2021-06-26
27,55.0,111.0,5.0,10.2,2021-06-26
66,85.0,103.0,12.0,17.14,2021-06-26
71,54.0,90.0,2.0,4.88,2021-06-26
45,112.0,194.0,7.0,7.69,2021-06-26
39,57.0,77.0,21.0,45.65,2021-06-26
61,25.0,62.0,3.0,12.5,2021-06-26
11,19.0,56.0,1.0,12.5,2021-06-26
32,20.0,34.0,2.0,10.53,2021-06-26
89,30.0,54.0,1.0,5.0,2021-06-26
76,111.0,237.0,12.0,12.0,2021-06-26
17,46.0,69.0,11.0,26.19,2021-06-26
28,29.0,72.0,2.0,12.5,2021-06-26
12,26.0,34.0,3.0,13.64,2021-06-26
41,24.0,63.0,8.0,40.0,2021-06-26
30,39.0,66.0,3.0,10.71,2021-06-26
18,14.0,26.0,0.0,0.0,2021-06-26
34,91.0,170.0,8.0,12.9,2021-06-26
37,59.0,75.0,18.0,32.73,2021-06-26
16,12.0,21.0,0.0,0.0,2021-06-26
31,270.0,478.0,30.0,13.76,2021-06-26
31,273.0,477.0,32.0,14.35,2021-06-27
68,109.0,160.0,8.0,8.89,2021-06-27
57,117.0,161.0,21.0,36.21,2021-06-27
75,270.0,880.0,68.0,32.23,2021-06-27
32,20.0,34.0,2.0,10.53,2021-06-27
972,77.0,133.0,0.0,0.0,2021-06-27
56,121.0,153.0,10.0,11.49,2021-06-27
21,65.0,84.0,8.0,17.78,2021-06-27
82,21.0,35.0,4.0,25.0,2021-06-27
95,165.0,460.0,22.0,18.8,2021-06-27
05,4.0,15.0,1.0,33.33,2021-06-27
77,178.0,397.0,24.0,23.08,2021-06-27
28,28.0,69.0,2.0,12.5,2021-06-27
42,79.0,183.0,2.0,3.12,2021-06-27
40,144.0,282.0,107.0,79.85,2021-06-27
36,16.0,30.0,1.0,7.69,2021-06-27
47,24.0,51.0,2.0,11.11,2021-06-27
59,326.0,555.0,44.0,15.17,2021-06-27
38,129.0,253.0,48.0,42.86,2021-06-27
66,84.0,103.0,12.0,17.14,2021-06-27
02,49.0,82.0,10.0,20.83,2021-06-27
81,76.0,117.0,9.0,15.52,2021-06-27
971,36.0,165.0,1.0,3.23,2021-06-27
06,132.0,232.0,54.0,52.94,2021-06-27
67,225.0,328.0,75.0,44.12,2021-06-27
30,38.0,66.0,3.0,11.11,2021-06-27
25,45.0,89.0,12.0,35.29,2021-06-27
44,127.0,223.0,24.0,24.74,2021-06-27
49,68.0,78.0,4.0,7.41,2021-06-27
64,131.0,211.0,21.0,17.21,2021-06-27
09,2.0,15.0,0.0,0.0,2021-06-27
91,182.0,429.0,21.0,14.58,2021-06-27
86,42.0,62.0,7.0,21.21,2021-06-27
69,362.0,583.0,56.0,20.9,2021-06-27
72,58.0,54.0,4.0,10.0,2021-06-27
92,170.0,491.0,51.0,38.06,2021-06-27
34,93.0,172.0,8.0,12.5,2021-06-27
46,11.0,12.0,1.0,10.0,2021-06-27
41,24.0,64.0,8.0,40.0,2021-06-27
87,16.0,20.0,1.0,12.5,2021-06-27
73,43.0,74.0,8.0,22.86,2021-06-27
62,153.0,291.0,30.0,22.22,2021-06-27
45,109.0,192.0,7.0,7.78,2021-06-27
11,19.0,55.0,1.0,12.5,2021-06-27
85,45.0,58.0,2.0,4.76,2021-06-27
37,61.0,77.0,18.0,31.58,2021-06-27
2A,4.0,7.0,0.0,0.0,2021-06-27
18,14.0,27.0,0.0,0.0,2021-06-27
43,32.0,45.0,0.0,0.0,2021-06-27
94,165.0,462.0,15.0,16.48,2021-06-27
04,2.0,19.0,0.0,0.0,2021-06-27
2B,2.0,13.0,1.0,50.0,2021-06-27
78,195.0,404.0,30.0,18.75,2021-06-27
88,34.0,57.0,1.0,4.17,2021-06-27
80,125.0,175.0,80.0,76.19,2021-06-27
65,20.0,40.0,3.0,18.75,2021-06-27
79,41.0,46.0,9.0,32.14,2021-06-27
12,25.0,33.0,3.0,14.29,2021-06-27
63,71.0,97.0,11.0,17.74,2021-06-27
53,48.0,62.0,5.0,13.16,2021-06-27
93,192.0,714.0,36.0,28.8,2021-06-27
60,79.0,158.0,6.0,10.91,2021-06-27
74,75.0,115.0,29.0,48.33,2021-06-27
48,8.0,15.0,1.0,12.5,2021-06-27
10,12.0,30.0,5.0,41.67,2021-06-27
58,12.0,18.0,0.0,0.0,2021-06-27
90,10.0,23.0,0.0,0.0,2021-06-27
973,352.0,864.0,0.0,0.0,2021-06-27
27,56.0,109.0,5.0,10.0,2021-06-27
01,79.0,108.0,19.0,30.16,2021-06-27
35,134.0,193.0,27.0,26.21,2021-06-27
03,25.0,61.0,0.0,0.0,2021-06-27
15,15.0,18.0,3.0,21.43,2021-06-27
977,0.0,4.0,0.0,0.0,2021-06-27
55,9.0,11.0,3.0,33.33,2021-06-27
22,30.0,64.0,7.0,30.43,2021-06-27
08,54.0,70.0,2.0,4.88,2021-06-27
17,44.0,69.0,11.0,26.83,2021-06-27
974,854.0,1363.0,10.0,2.5,2021-06-27
23,0.0,0.0,0.0,0.0,2021-06-27
19,15.0,28.0,3.0,33.33,2021-06-27
52,9.0,15.0,0.0,0.0,2021-06-27
71,52.0,85.0,2.0,5.13,2021-06-27
24,21.0,30.0,0.0,0.0,2021-06-27
83,75.0,151.0,10.0,18.18,2021-06-27
76,112.0,237.0,12.0,11.76,2021-06-27
976,0.0,18.0,0.0,0.0,2021-06-27
61,21.0,57.0,2.0,10.0,2021-06-27
51,46.0,114.0,1.0,2.33,2021-06-27
50,62.0,87.0,3.0,5.77,2021-06-27
39,57.0,76.0,22.0,47.83,2021-06-27
70,20.0,30.0,6.0,31.58,2021-06-27
978,5.0,52.0,2.0,40.0,2021-06-27
16,13.0,22.0,0.0,0.0,2021-06-27
26,43.0,70.0,12.0,30.77,2021-06-27
54,47.0,89.0,8.0,26.67,2021-06-27
84,47.0,77.0,9.0,25.0,2021-06-27
29,121.0,252.0,12.0,10.71,2021-06-27
07,15.0,26.0,0.0,0.0,2021-06-27
13,241.0,496.0,39.0,19.02,2021-06-27
14,68.0,152.0,20.0,34.48,2021-06-27
33,233.0,388.0,58.0,27.36,2021-06-27
89,31.0,56.0,1.0,4.76,2021-06-27
46,14.0,16.0,2.0,15.38,2021-06-28
71,46.0,73.0,3.0,8.82,2021-06-28
48,9.0,16.0,1.0,11.11,2021-06-28
09,5.0,19.0,1.0,33.33,2021-06-28
976,0.0,17.0,0.0,0.0,2021-06-28
52,8.0,17.0,1.0,20.0,2021-06-28
62,160.0,286.0,34.0,24.82,2021-06-28
69,377.0,589.0,71.0,24.65,2021-06-28
45,100.0,183.0,9.0,11.11,2021-06-28
80,139.0,199.0,94.0,77.69,2021-06-28
2A,4.0,5.0,0.0,0.0,2021-06-28
72,58.0,55.0,5.0,12.5,2021-06-28
19,16.0,28.0,5.0,41.67,2021-06-28
22,42.0,73.0,7.0,22.58,2021-06-28
84,44.0,72.0,12.0,36.36,2021-06-28
92,176.0,490.0,67.0,48.55,2021-06-28
03,23.0,52.0,0.0,0.0,2021-06-28
86,38.0,57.0,8.0,25.0,2021-06-28
39,61.0,82.0,31.0,62.0,2021-06-28
87,16.0,19.0,2.0,18.18,2021-06-28
51,55.0,120.0,4.0,7.55,2021-06-28
75,288.0,965.0,91.0,40.62,2021-06-28
76,108.0,251.0,17.0,17.35,2021-06-28
89,19.0,50.0,1.0,8.33,2021-06-28
28,20.0,56.0,2.0,22.22,2021-06-28
10,10.0,32.0,6.0,60.0,2021-06-28
37,62.0,89.0,22.0,37.93,2021-06-28
31,264.0,468.0,31.0,13.9,2021-06-28
16,12.0,20.0,0.0,0.0,2021-06-28
30,50.0,77.0,4.0,10.0,2021-06-28
02,44.0,75.0,10.0,24.39,2021-06-28
77,159.0,393.0,31.0,31.96,2021-06-28
978,5.0,43.0,2.0,40.0,2021-06-28
36,17.0,32.0,1.0,9.09,2021-06-28
59,324.0,552.0,49.0,17.19,2021-06-28
11,18.0,54.0,1.0,12.5,2021-06-28
90,9.0,23.0,0.0,0.0,2021-06-28
74,77.0,111.0,40.0,65.57,2021-06-28
61,23.0,59.0,5.0,25.0,2021-06-28
73,39.0,65.0,13.0,38.24,2021-06-28
91,165.0,389.0,26.0,19.55,2021-06-28
41,35.0,75.0,22.0,75.86,2021-06-28
85,43.0,52.0,4.0,9.76,2021-06-28
17,38.0,58.0,15.0,41.67,2021-06-28
78,180.0,380.0,34.0,22.82,2021-06-28
34,115.0,202.0,14.0,17.28,2021-06-28
18,15.0,29.0,2.0,66.67,2021-06-28
60,69.0,151.0,8.0,16.67,2021-06-28
977,0.0,7.0,0.0,0.0,2021-06-28
01,74.0,97.0,17.0,29.82,2021-06-28
12,24.0,27.0,3.0,13.64,2021-06-28
32,24.0,38.0,6.0,26.09,2021-06-28
08,45.0,64.0,2.0,6.06,2021-06-28
93,189.0,705.0,34.0,29.82,2021-06-28
50,52.0,71.0,5.0,11.9,2021-06-28
58,11.0,18.0,0.0,0.0,2021-06-28
27,52.0,117.0,5.0,11.11,2021-06-28
83,80.0,151.0,23.0,38.98,2021-06-28
66,62.0,86.0,7.0,13.73,2021-06-28
68,106.0,160.0,11.0,12.22,2021-06-28
24,22.0,33.0,0.0,0.0,2021-06-28
21,70.0,86.0,13.0,26.53,2021-06-28
95,145.0,437.0,27.0,27.0,2021-06-28
05,5.0,15.0,1.0,25.0,2021-06-28
42,64.0,156.0,6.0,11.32,2021-06-28
55,6.0,8.0,3.0,50.0,2021-06-28
15,13.0,16.0,3.0,25.0,2021-06-28
44,135.0,231.0,36.0,34.29,2021-06-28
81,64.0,106.0,7.0,15.22,2021-06-28
35,129.0,192.0,33.0,32.35,2021-06-28
971,32.0,167.0,1.0,3.45,2021-06-28
67,210.0,311.0,75.0,45.73,2021-06-28
973,350.0,791.0,1.0,0.31,2021-06-28
14,86.0,185.0,38.0,49.35,2021-06-28
25,40.0,80.0,10.0,37.04,2021-06-28
38,141.0,272.0,56.0,46.28,2021-06-28
06,147.0,255.0,72.0,59.02,2021-06-28
40,187.0,348.0,142.0,80.23,2021-06-28
13,243.0,518.0,62.0,29.81,2021-06-28
33,248.0,412.0,71.0,31.7,2021-06-28
82,19.0,38.0,5.0,27.78,2021-06-28
56,109.0,144.0,12.0,15.58,2021-06-28
26,37.0,62.0,16.0,45.71,2021-06-28
972,93.0,162.0,1.0,1.25,2021-06-28
57,123.0,165.0,33.0,40.74,2021-06-28
64,140.0,229.0,21.0,16.15,2021-06-28
49,74.0,81.0,9.0,15.79,2021-06-28
47,20.0,39.0,1.0,6.67,2021-06-28
974,929.0,1364.0,16.0,2.91,2021-06-28
04,6.0,22.0,4.0,80.0,2021-06-28
2B,3.0,9.0,1.0,50.0,2021-06-28
23,1.0,2.0,0.0,0.0,2021-06-28
63,70.0,103.0,14.0,22.95,2021-06-28
65,24.0,44.0,2.0,10.0,2021-06-28
70,18.0,27.0,7.0,41.18,2021-06-28
54,51.0,94.0,8.0,20.0,2021-06-28
53,59.0,79.0,7.0,15.22,2021-06-28
79,35.0,38.0,7.0,29.17,2021-06-28
88,29.0,48.0,1.0,5.88,2021-06-28
07,10.0,18.0,0.0,0.0,2021-06-28
94,151.0,445.0,22.0,26.19,2021-06-28
29,117.0,241.0,14.0,12.84,2021-06-28
43,25.0,38.0,0.0,0.0,2021-06-28
14,94.0,207.0,55.0,62.5,2021-06-29
38,162.0,280.0,69.0,49.29,2021-06-29
19,17.0,27.0,5.0,38.46,2021-06-29
07,9.0,18.0,1.0,12.5,2021-06-29
40,212.0,361.0,167.0,82.27,2021-06-29
971,25.0,153.0,1.0,4.35,2021-06-29
23,1.0,2.0,0.0,0.0,2021-06-29
33,236.0,392.0,81.0,37.33,2021-06-29
50,44.0,66.0,4.0,11.43,2021-06-29
76,108.0,248.0,18.0,18.37,2021-06-29
16,11.0,19.0,0.0,0.0,2021-06-29
79,33.0,39.0,10.0,43.48,2021-06-29
82,26.0,47.0,9.0,37.5,2021-06-29
02,38.0,65.0,6.0,17.14,2021-06-29
77,147.0,384.0,29.0,34.94,2021-06-29
972,125.0,211.0,2.0,1.8,2021-06-29
26,34.0,52.0,17.0,51.52,2021-06-29
978,13.0,51.0,1.0,7.69,2021-06-29
48,8.0,15.0,0.0,0.0,2021-06-29
31,281.0,481.0,35.0,15.09,2021-06-29
78,189.0,392.0,51.0,31.29,2021-06-29
81,51.0,93.0,7.0,18.42,2021-06-29
86,44.0,63.0,10.0,25.0,2021-06-29
27,49.0,116.0,6.0,14.29,2021-06-29
43,23.0,40.0,0.0,0.0,2021-06-29
94,143.0,459.0,26.0,31.33,2021-06-29
66,62.0,92.0,10.0,19.23,2021-06-29
87,14.0,19.0,2.0,20.0,2021-06-29
34,133.0,232.0,23.0,23.96,2021-06-29
46,13.0,15.0,2.0,16.67,2021-06-29
73,40.0,69.0,17.0,45.95,2021-06-29
91,150.0,390.0,28.0,23.53,2021-06-29
24,21.0,31.0,0.0,0.0,2021-06-29
65,25.0,47.0,2.0,9.09,2021-06-29
61,19.0,52.0,7.0,41.18,2021-06-29
17,33.0,55.0,18.0,56.25,2021-06-29
93,181.0,738.0,40.0,34.48,2021-06-29
03,22.0,51.0,0.0,0.0,2021-06-29
95,149.0,456.0,30.0,27.52,2021-06-29
42,61.0,144.0,7.0,13.73,2021-06-29
974,918.0,1388.0,16.0,2.64,2021-06-29
47,23.0,45.0,1.0,5.56,2021-06-29
92,179.0,505.0,79.0,56.03,2021-06-29
18,14.0,25.0,2.0,66.67,2021-06-29
69,381.0,581.0,78.0,26.8,2021-06-29
977,0.0,5.0,0.0,0.0,2021-06-29
01,70.0,93.0,18.0,31.58,2021-06-29
15,15.0,18.0,3.0,23.08,2021-06-29
973,281.0,742.0,2.0,0.75,2021-06-29
32,21.0,35.0,6.0,30.0,2021-06-29
976,0.0,16.0,0.0,0.0,2021-06-29
64,153.0,242.0,26.0,18.31,2021-06-29
74,80.0,117.0,46.0,71.88,2021-06-29
63,80.0,110.0,14.0,21.54,2021-06-29
28,16.0,51.0,2.0,25.0,2021-06-29
04,7.0,20.0,5.0,83.33,2021-06-29
37,57.0,88.0,21.0,38.18,2021-06-29
72,56.0,57.0,8.0,20.0,2021-06-29
85,44.0,51.0,5.0,12.5,2021-06-29
05,5.0,13.0,1.0,25.0,2021-06-29
2B,4.0,9.0,1.0,33.33,2021-06-29
21,64.0,85.0,14.0,29.79,2021-06-29
57,145.0,186.0,40.0,38.46,2021-06-29
39,57.0,77.0,32.0,62.75,2021-06-29
53,52.0,79.0,7.0,17.95,2021-06-29
68,102.0,147.0,13.0,14.94,2021-06-29
08,48.0,68.0,2.0,5.56,2021-06-29
2A,6.0,9.0,1.0,20.0,2021-06-29
12,24.0,26.0,1.0,4.55,2021-06-29
83,76.0,162.0,25.0,44.64,2021-06-29
13,268.0,566.0,78.0,33.62,2021-06-29
62,133.0,251.0,30.0,27.27,2021-06-29
49,75.0,89.0,14.0,23.73,2021-06-29
11,13.0,48.0,1.0,16.67,2021-06-29
71,51.0,78.0,5.0,12.5,2021-06-29
60,64.0,143.0,11.0,26.19,2021-06-29
58,13.0,20.0,0.0,0.0,2021-06-29
75,323.0,1057.0,114.0,44.88,2021-06-29
84,52.0,81.0,13.0,32.5,2021-06-29
45,97.0,187.0,9.0,11.11,2021-06-29
35,129.0,196.0,39.0,36.11,2021-06-29
06,152.0,266.0,83.0,62.88,2021-06-29
10,12.0,33.0,8.0,66.67,2021-06-29
29,114.0,227.0,15.0,14.15,2021-06-29
25,40.0,70.0,8.0,29.63,2021-06-29
67,184.0,269.0,68.0,46.58,2021-06-29
09,5.0,15.0,1.0,33.33,2021-06-29
80,150.0,217.0,104.0,80.0,2021-06-29
88,25.0,45.0,1.0,7.69,2021-06-29
54,47.0,86.0,7.0,17.95,2021-06-29
22,47.0,79.0,6.0,17.14,2021-06-29
41,39.0,85.0,25.0,80.65,2021-06-29
56,93.0,135.0,11.0,17.19,2021-06-29
59,309.0,531.0,55.0,19.93,2021-06-29
44,139.0,229.0,42.0,39.62,2021-06-29
36,14.0,30.0,1.0,10.0,2021-06-29
70,16.0,26.0,7.0,46.67,2021-06-29
89,11.0,45.0,0.0,0.0,2021-06-29
52,9.0,19.0,2.0,40.0,2021-06-29
51,54.0,116.0,4.0,7.84,2021-06-29
90,5.0,18.0,0.0,0.0,2021-06-29
30,62.0,91.0,7.0,14.0,2021-06-29
55,5.0,9.0,3.0,60.0,2021-06-29
55,5.0,10.0,3.0,60.0,2021-06-30
88,26.0,41.0,1.0,8.33,2021-06-30
15,12.0,16.0,2.0,20.0,2021-06-30
36,13.0,30.0,2.0,20.0,2021-06-30
58,12.0,19.0,0.0,0.0,2021-06-30
2A,6.0,9.0,3.0,60.0,2021-06-30
83,82.0,175.0,34.0,56.67,2021-06-30
27,43.0,112.0,7.0,18.42,2021-06-30
93,182.0,763.0,45.0,37.19,2021-06-30
53,43.0,71.0,5.0,14.71,2021-06-30
23,1.0,2.0,0.0,0.0,2021-06-30
48,7.0,14.0,0.0,0.0,2021-06-30
29,113.0,224.0,20.0,19.23,2021-06-30
80,152.0,223.0,108.0,81.2,2021-06-30
79,36.0,45.0,15.0,51.72,2021-06-30
63,74.0,109.0,15.0,24.19,2021-06-30
49,87.0,104.0,17.0,25.37,2021-06-30
04,10.0,20.0,7.0,77.78,2021-06-30
971,26.0,153.0,1.0,3.85,2021-06-30
67,180.0,260.0,74.0,54.41,2021-06-30
40,208.0,364.0,161.0,80.1,2021-06-30
06,173.0,299.0,104.0,69.8,2021-06-30
81,57.0,91.0,7.0,16.28,2021-06-30
56,87.0,150.0,12.0,20.0,2021-06-30
44,129.0,236.0,47.0,48.45,2021-06-30
82,29.0,47.0,13.0,48.15,2021-06-30
47,23.0,47.0,1.0,5.88,2021-06-30
57,162.0,204.0,47.0,39.17,2021-06-30
05,6.0,12.0,0.0,0.0,2021-06-30
42,55.0,145.0,14.0,29.79,2021-06-30
972,158.0,267.0,2.0,1.38,2021-06-30
26,34.0,56.0,21.0,63.64,2021-06-30
65,27.0,49.0,2.0,8.33,2021-06-30
95,145.0,463.0,34.0,30.63,2021-06-30
66,65.0,102.0,14.0,24.56,2021-06-30
68,94.0,144.0,12.0,14.81,2021-06-30
39,56.0,74.0,38.0,76.0,2021-06-30
33,252.0,428.0,92.0,39.32,2021-06-30
2B,3.0,5.0,0.0,0.0,2021-06-30
64,153.0,250.0,34.0,23.61,2021-06-30
13,267.0,631.0,84.0,36.36,2021-06-30
09,6.0,21.0,1.0,25.0,2021-06-30
14,120.0,244.0,73.0,63.48,2021-06-30
43,22.0,36.0,1.0,5.26,2021-06-30
24,16.0,27.0,0.0,0.0,2021-06-30
35,146.0,231.0,43.0,34.4,2021-06-30
94,143.0,471.0,30.0,34.88,2021-06-30
973,251.0,717.0,2.0,0.85,2021-06-30
21,61.0,83.0,17.0,37.78,2021-06-30
974,929.0,1418.0,15.0,2.26,2021-06-30
86,69.0,88.0,31.0,46.97,2021-06-30
38,167.0,283.0,81.0,56.64,2021-06-30
59,326.0,558.0,75.0,25.25,2021-06-30
03,18.0,47.0,1.0,8.33,2021-06-30
78,196.0,431.0,68.0,38.64,2021-06-30
73,42.0,75.0,20.0,52.63,2021-06-30
22,50.0,92.0,9.0,23.08,2021-06-30
76,103.0,251.0,22.0,23.66,2021-06-30
52,8.0,17.0,2.0,50.0,2021-06-30
91,140.0,402.0,30.0,27.52,2021-06-30
41,48.0,99.0,29.0,82.86,2021-06-30
85,38.0,48.0,7.0,19.44,2021-06-30
71,52.0,83.0,7.0,15.56,2021-06-30
61,22.0,56.0,9.0,45.0,2021-06-30
30,70.0,102.0,12.0,22.22,2021-06-30
60,64.0,158.0,12.0,27.27,2021-06-30
18,14.0,28.0,2.0,40.0,2021-06-30
28,18.0,55.0,2.0,22.22,2021-06-30
90,4.0,15.0,0.0,0.0,2021-06-30
17,34.0,68.0,17.0,53.12,2021-06-30
75,348.0,1170.0,133.0,48.36,2021-06-30
32,14.0,30.0,6.0,46.15,2021-06-30
12,22.0,24.0,2.0,10.53,2021-06-30
51,44.0,113.0,7.0,16.67,2021-06-30
08,46.0,69.0,2.0,5.56,2021-06-30
74,80.0,114.0,51.0,75.0,2021-06-30
977,0.0,6.0,0.0,0.0,2021-06-30
37,50.0,84.0,20.0,40.82,2021-06-30
25,40.0,66.0,9.0,34.62,2021-06-30
34,164.0,269.0,43.0,33.33,2021-06-30
31,321.0,537.0,48.0,18.32,2021-06-30
976,0.0,18.0,0.0,0.0,2021-06-30
07,9.0,22.0,1.0,12.5,2021-06-30
978,13.0,60.0,1.0,7.69,2021-06-30
46,16.0,18.0,2.0,14.29,2021-06-30
54,48.0,88.0,5.0,12.5,2021-06-30
45,95.0,179.0,11.0,13.75,2021-06-30
77,129.0,392.0,29.0,40.28,2021-06-30
69,380.0,589.0,90.0,30.93,2021-06-30
70,17.0,25.0,9.0,52.94,2021-06-30
10,13.0,30.0,8.0,61.54,2021-06-30
92,180.0,537.0,88.0,58.67,2021-06-30
89,11.0,43.0,0.0,0.0,2021-06-30
01,71.0,95.0,21.0,34.43,2021-06-30
50,39.0,63.0,6.0,20.69,2021-06-30
02,36.0,67.0,7.0,21.21,2021-06-30
84,52.0,88.0,11.0,28.95,2021-06-30
87,16.0,28.0,5.0,38.46,2021-06-30
16,10.0,17.0,0.0,0.0,2021-06-30
19,16.0,29.0,5.0,33.33,2021-06-30
72,64.0,69.0,14.0,27.45,2021-06-30
62,120.0,237.0,28.0,26.42,2021-06-30
11,12.0,45.0,1.0,20.0,2021-06-30
978,13.0,62.0,1.0,7.69,2021-07-01
25,42.0,68.0,10.0,32.26,2021-07-01
26,35.0,58.0,23.0,67.65,2021-07-01
56,103.0,180.0,21.0,27.27,2021-07-01
972,203.0,348.0,4.0,2.13,2021-07-01
90,3.0,11.0,0.0,0.0,2021-07-01
06,179.0,321.0,115.0,74.68,2021-07-01
10,10.0,23.0,5.0,50.0,2021-07-01
89,15.0,48.0,0.0,0.0,2021-07-01
57,172.0,221.0,54.0,39.71,2021-07-01
16,10.0,18.0,0.0,0.0,2021-07-01
33,268.0,450.0,109.0,45.04,2021-07-01
82,33.0,53.0,12.0,40.0,2021-07-01
76,103.0,267.0,24.0,25.0,2021-07-01
40,190.0,352.0,154.0,82.8,2021-07-01
974,910.0,1425.0,14.0,1.99,2021-07-01
977,0.0,6.0,0.0,0.0,2021-07-01
07,6.0,20.0,1.0,20.0,2021-07-01
54,45.0,80.0,5.0,13.16,2021-07-01
29,104.0,207.0,24.0,25.26,2021-07-01
23,1.0,2.0,0.0,0.0,2021-07-01
70,16.0,27.0,10.0,62.5,2021-07-01
52,9.0,20.0,4.0,80.0,2021-07-01
27,40.0,119.0,9.0,26.47,2021-07-01
83,100.0,201.0,52.0,66.67,2021-07-01
50,34.0,54.0,6.0,24.0,2021-07-01
19,19.0,32.0,6.0,35.29,2021-07-01
58,16.0,25.0,0.0,0.0,2021-07-01
84,54.0,95.0,16.0,39.02,2021-07-01
55,4.0,9.0,4.0,100.0,2021-07-01
976,0.0,18.0,0.0,0.0,2021-07-01
03,17.0,52.0,1.0,8.33,2021-07-01
22,53.0,107.0,17.0,37.78,2021-07-01
15,11.0,13.0,2.0,22.22,2021-07-01
973,190.0,685.0,2.0,1.12,2021-07-01
24,12.0,26.0,1.0,12.5,2021-07-01
71,45.0,80.0,8.0,21.62,2021-07-01
14,128.0,250.0,86.0,69.35,2021-07-01
13,251.0,662.0,85.0,38.81,2021-07-01
61,21.0,58.0,9.0,50.0,2021-07-01
17,33.0,67.0,16.0,51.61,2021-07-01
51,51.0,133.0,12.0,24.49,2021-07-01
39,58.0,74.0,42.0,79.25,2021-07-01
08,40.0,62.0,2.0,6.06,2021-07-01
01,69.0,95.0,22.0,37.29,2021-07-01
35,152.0,262.0,54.0,40.6,2021-07-01
44,128.0,247.0,57.0,58.76,2021-07-01
86,80.0,102.0,40.0,49.38,2021-07-01
48,4.0,10.0,0.0,0.0,2021-07-01
60,60.0,156.0,18.0,42.86,2021-07-01
18,16.0,26.0,2.0,25.0,2021-07-01
79,31.0,44.0,15.0,57.69,2021-07-01
2A,6.0,14.0,4.0,66.67,2021-07-01
88,24.0,39.0,1.0,10.0,2021-07-01
63,71.0,103.0,14.0,24.14,2021-07-01
65,27.0,53.0,3.0,11.54,2021-07-01
32,12.0,28.0,6.0,54.55,2021-07-01
62,107.0,217.0,28.0,28.87,2021-07-01
94,139.0,512.0,38.0,45.78,2021-07-01
43,19.0,30.0,1.0,5.88,2021-07-01
74,79.0,119.0,58.0,82.86,2021-07-01
49,85.0,112.0,19.0,28.36,2021-07-01
04,10.0,21.0,7.0,77.78,2021-07-01
78,197.0,465.0,81.0,46.55,2021-07-01
93,200.0,791.0,60.0,42.55,2021-07-01
91,147.0,424.0,37.0,32.74,2021-07-01
87,18.0,31.0,6.0,42.86,2021-07-01
72,61.0,75.0,16.0,32.0,2021-07-01
92,198.0,567.0,108.0,64.67,2021-07-01
69,381.0,593.0,106.0,36.18,2021-07-01
45,92.0,172.0,9.0,11.39,2021-07-01
34,158.0,297.0,47.0,37.01,2021-07-01
85,29.0,42.0,6.0,23.08,2021-07-01
46,12.0,16.0,2.0,18.18,2021-07-01
38,170.0,288.0,87.0,60.0,2021-07-01
09,5.0,23.0,1.0,25.0,2021-07-01
80,134.0,208.0,103.0,83.06,2021-07-01
41,51.0,103.0,33.0,82.5,2021-07-01
73,56.0,95.0,28.0,54.9,2021-07-01
53,39.0,76.0,4.0,13.33,2021-07-01
11,10.0,52.0,1.0,25.0,2021-07-01
37,47.0,85.0,19.0,41.3,2021-07-01
12,19.0,22.0,2.0,11.76,2021-07-01
2B,3.0,4.0,0.0,0.0,2021-07-01
30,76.0,118.0,16.0,26.67,2021-07-01
02,40.0,74.0,10.0,27.03,2021-07-01
64,158.0,268.0,38.0,24.68,2021-07-01
21,52.0,74.0,15.0,39.47,2021-07-01
31,317.0,556.0,54.0,20.45,2021-07-01
05,6.0,11.0,0.0,0.0,2021-07-01
42,62.0,156.0,19.0,35.85,2021-07-01
28,19.0,57.0,2.0,18.18,2021-07-01
47,24.0,54.0,2.0,11.11,2021-07-01
67,172.0,252.0,70.0,55.56,2021-07-01
95,162.0,512.0,41.0,33.61,2021-07-01
59,337.0,571.0,84.0,27.1,2021-07-01
66,66.0,102.0,28.0,48.28,2021-07-01
36,17.0,35.0,6.0,42.86,2021-07-01
971,26.0,136.0,0.0,0.0,2021-07-01
81,46.0,78.0,8.0,24.24,2021-07-01
75,397.0,1296.0,171.0,54.11,2021-07-01
68,87.0,148.0,13.0,18.31,2021-07-01
77,120.0,397.0,34.0,47.22,2021-07-01
976,0.0,17.0,0.0,0.0,2021-07-02
30,71.0,118.0,17.0,28.81,2021-07-02
77,108.0,396.0,37.0,51.39,2021-07-02
36,18.0,40.0,5.0,38.46,2021-07-02
87,18.0,30.0,6.0,42.86,2021-07-02
34,141.0,339.0,46.0,40.71,2021-07-02
02,33.0,75.0,10.0,33.33,2021-07-02
84,48.0,89.0,18.0,47.37,2021-07-02
10,11.0,27.0,6.0,54.55,2021-07-02
11,9.0,56.0,1.0,33.33,2021-07-02
03,13.0,45.0,2.0,20.0,2021-07-02
22,50.0,114.0,19.0,42.22,2021-07-02
89,15.0,54.0,0.0,0.0,2021-07-02
41,49.0,111.0,33.0,84.62,2021-07-02
73,47.0,92.0,26.0,59.09,2021-07-02
85,21.0,38.0,8.0,44.44,2021-07-02
16,9.0,20.0,0.0,0.0,2021-07-02
01,65.0,92.0,21.0,37.5,2021-07-02
977,0.0,6.0,0.0,0.0,2021-07-02
08,32.0,62.0,2.0,7.14,2021-07-02
78,182.0,551.0,89.0,54.6,2021-07-02
74,88.0,139.0,67.0,84.81,2021-07-02
90,3.0,11.0,0.0,0.0,2021-07-02
37,45.0,98.0,17.0,39.53,2021-07-02
12,16.0,23.0,2.0,14.29,2021-07-02
75,375.0,1446.0,172.0,57.14,2021-07-02
91,147.0,468.0,41.0,36.94,2021-07-02
51,46.0,121.0,12.0,27.27,2021-07-02
59,314.0,570.0,90.0,30.93,2021-07-02
18,14.0,27.0,2.0,25.0,2021-07-02
17,32.0,80.0,15.0,50.0,2021-07-02
28,15.0,54.0,2.0,25.0,2021-07-02
61,21.0,52.0,9.0,50.0,2021-07-02
71,38.0,79.0,7.0,21.88,2021-07-02
31,331.0,606.0,59.0,21.53,2021-07-02
60,57.0,171.0,21.0,46.67,2021-07-02
76,90.0,277.0,26.0,30.23,2021-07-02
32,10.0,33.0,6.0,66.67,2021-07-02
62,93.0,202.0,26.0,30.95,2021-07-02
38,150.0,288.0,79.0,62.2,2021-07-02
50,25.0,44.0,6.0,31.58,2021-07-02
14,115.0,274.0,81.0,71.68,2021-07-02
49,77.0,118.0,20.0,31.75,2021-07-02
65,23.0,50.0,5.0,22.73,2021-07-02
35,149.0,277.0,56.0,42.75,2021-07-02
13,220.0,758.0,79.0,40.31,2021-07-02
64,141.0,292.0,35.0,25.36,2021-07-02
39,56.0,72.0,42.0,82.35,2021-07-02
2B,3.0,9.0,0.0,0.0,2021-07-02
68,85.0,155.0,16.0,24.62,2021-07-02
66,77.0,129.0,45.0,66.18,2021-07-02
95,171.0,555.0,50.0,40.0,2021-07-02
26,33.0,56.0,22.0,68.75,2021-07-02
972,198.0,408.0,4.0,2.17,2021-07-02
24,9.0,28.0,1.0,12.5,2021-07-02
42,68.0,145.0,24.0,41.38,2021-07-02
57,200.0,250.0,67.0,39.18,2021-07-02
47,22.0,52.0,2.0,12.5,2021-07-02
33,264.0,515.0,116.0,48.54,2021-07-02
82,27.0,61.0,10.0,40.0,2021-07-02
44,133.0,263.0,61.0,57.55,2021-07-02
25,39.0,76.0,9.0,33.33,2021-07-02
21,45.0,73.0,17.0,50.0,2021-07-02
67,164.0,246.0,67.0,54.47,2021-07-02
56,92.0,199.0,21.0,28.38,2021-07-02
06,200.0,374.0,139.0,79.89,2021-07-02
81,34.0,64.0,4.0,18.18,2021-07-02
40,166.0,345.0,140.0,85.37,2021-07-02
971,25.0,136.0,0.0,0.0,2021-07-02
05,7.0,12.0,0.0,0.0,2021-07-02
19,17.0,28.0,6.0,37.5,2021-07-02
43,16.0,35.0,2.0,14.29,2021-07-02
55,2.0,7.0,2.0,100.0,2021-07-02
72,62.0,81.0,22.0,43.14,2021-07-02
52,9.0,17.0,5.0,100.0,2021-07-02
70,12.0,24.0,8.0,66.67,2021-07-02
92,212.0,638.0,128.0,69.19,2021-07-02
69,369.0,582.0,115.0,39.93,2021-07-02
45,86.0,175.0,7.0,9.21,2021-07-02
46,11.0,20.0,2.0,20.0,2021-07-02
86,74.0,106.0,40.0,54.79,2021-07-02
07,5.0,21.0,1.0,25.0,2021-07-02
974,901.0,1413.0,11.0,1.58,2021-07-02
09,5.0,23.0,1.0,25.0,2021-07-02
80,121.0,217.0,95.0,84.07,2021-07-02
29,84.0,200.0,24.0,30.77,2021-07-02
94,135.0,531.0,43.0,50.59,2021-07-02
83,112.0,223.0,73.0,76.04,2021-07-02
23,2.0,3.0,0.0,0.0,2021-07-02
27,38.0,120.0,8.0,26.67,2021-07-02
93,198.0,816.0,61.0,42.66,2021-07-02
63,60.0,94.0,11.0,21.57,2021-07-02
54,49.0,86.0,9.0,21.95,2021-07-02
58,12.0,22.0,0.0,0.0,2021-07-02
48,3.0,7.0,0.0,0.0,2021-07-02
79,28.0,45.0,15.0,65.22,2021-07-02
2A,6.0,16.0,4.0,66.67,2021-07-02
88,24.0,39.0,2.0,18.18,2021-07-02
15,7.0,8.0,0.0,0.0,2021-07-02
973,150.0,663.0,2.0,1.38,2021-07-02
04,9.0,22.0,7.0,87.5,2021-07-02
53,31.0,88.0,2.0,8.7,2021-07-02
978,10.0,61.0,1.0,10.0,2021-07-02
