CodeDépartement,Département,Inscrits,Abstentions,Abstentions_ins,Votants,Votants_ins,Blancs,Blancs_ins,Blancs_vot,Nuls,Nuls_ins,Nuls_vot,Exprimés,Exprimés_ins,Exprimés_vot,LE PEN,MACRON,MÉLENCHON,FILLON,HAMON,DUPONT-AIGNAN,LASSALLE,POUTOU,ASSELINEAU,ARTHAUD,CHEMINADE,LE PEN.ins,MACRON.ins,MÉLENCHON.ins,FILLON.ins,HAMON.ins,DUPONT-AIGNAN.ins,LASSALLE.ins,POUTOU.ins,ASSELINEAU.ins,ARTHAUD.ins,CHEMINADE.ins,LE PEN.exp,MACRON.exp,MÉLENCHON.exp,FILLON.exp,HAMON.exp,DUPONT-AIGNAN.exp,LASSALLE.exp,POUTOU.exp,ASSELINEAU.exp,ARTHAUD.exp,CHEMINADE.exp
01,Ain,415886,81507,19.598399561418272,334379,80.40160043858172,6342,1.5249371221921393,1.8966502082965737,2238,0.5381282370649649,0.6693004046306736,325799,78.33853507932463,97.43404938707275,81455,73692,51736,69805,16711,19788,3465,3098,3612,1842,595,19.585896134998535,17.719278840836193,12.439947485609038,16.784647715960624,4.018168440389915,4.758034653727224,0.8331610104692151,0.7449156740068191,0.8685072351557879,0.4429098358684832,0.1430680523027945,25.001611422993932,22.618853955966717,15.879729526487191,21.425787065030892,5.1292361241133335,6.073683467413957,1.0635391759950155,0.9508930352763514,1.108659019825107,0.5653792675852289,0.18262793931227536
02,Aisne,375752,80183,21.33934084183185,295569,78.66065915816816,5047,1.3431731567629712,1.7075539045028403,2382,0.6339287615235581,0.8059031901180436,288140,76.68355723988162,97.48654290537911,102770,51680,48950,46969,12230,14651,2264,3156,2171,2763,536,27.35048649108987,13.753752475036727,13.027209436010986,12.5,3.2548063616427854,3.89911430943814,0.6025250697268411,0.8399156890715153,0.577774702463327,0.735325427409568,0.142647277991867,35.66668980356771,17.93572568890123,16.98826959117096,16.30075657666412,4.244464496425349,5.0846810578191155,0.785729159436385,1.0953008953980703,0.7534531824807386,0.9589088637467897,0.18602068438953287
03,Allier,253508,54275,21.40958076273727,199233,78.59041923726274,4335,1.7100052069362703,2.1758443631326134,2438,0.9617053505214825,1.2236928621262542,192460,75.91870867980498,96.60046277474113,43004,45651,38311,36457,10619,9795,2986,2322,1422,1540,353,16.96356722470297,18.007715732836836,15.112343594679459,14.381005727629898,4.1888224434731844,3.8637833914511575,1.1778720987108888,0.9159474257222652,0.5609290436593717,0.6074758981965066,0.139246098742446,22.344383248467214,23.71973397069521,19.905954484048632,18.942637431154523,5.517510131975476,5.089369219578095,1.551491218954588,1.2064844643042711,0.7388548269770342,0.8001662683154942,0.18341473552946067
04,Alpes-de-Haute-Provence,126578,24323,19.21581949469892,102255,80.78418050530108,1808,1.4283682788478251,1.768128697863185,733,0.5790895732275751,0.7168353625739573,99714,78.77672265322569,97.51503593956285,24463,19960,22448,18442,4983,4861,1721,1178,932,521,205,19.326423233105277,15.768932989935061,17.734519426756624,14.569672454928975,3.936703060563447,3.8403198028093346,1.3596359556953024,0.9306514560192134,0.7363048871051842,0.4116039122122328,0.16195547409502442,24.53316485147522,20.017249333092646,22.5123854223078,18.49489540084642,4.997292255851736,4.874942335078324,1.725936177467557,1.1813787432055678,0.9346731652526225,0.5224943337946527,0.20558798162745454
05,Hautes-Alpes,109907,20821,18.944198276724865,89086,81.05580172327514,1541,1.4020944980756458,1.7297891924657072,618,0.5622935754774491,0.6937116943178502,86927,79.09141364972204,97.57649911321644,18474,18948,18796,16645,5109,4938,1609,1049,783,411,165,16.808756494126854,17.24003020735713,17.101731463874003,15.144622271556862,4.648475529311145,4.492889442892627,1.4639649885812551,0.9544433020644727,0.7124205009690011,0.3739525234971385,0.15012692549155193,21.25231516099716,21.79760028529686,21.622740920542523,19.148250831157178,5.877345358749295,5.68062857340067,1.8509784071692341,1.206759694916424,0.9007558065963395,0.47281051917125866,0.18981444200306005
06,Alpes-Maritimes,761761,161903,21.253779072438732,599858,78.74622092756127,9089,1.1931563836951484,1.5151919287564724,2837,0.37242652222941314,0.47294526371241197,587932,77.18063802163671,98.01186280753112,163141,111953,87941,161036,21067,25175,5262,3622,6067,1729,939,21.416297237585017,14.696604315526788,11.54443454049236,21.139963846928367,2.7655655776549337,3.3048423324376017,0.6907678392566697,0.4754772166073086,0.7964440290327282,0.22697407717118626,0.12326700894375008,27.74827701162719,19.04182796649953,14.957682180932489,27.390242408986072,3.5832375172639015,4.281957777430042,0.895001462754196,0.6160576393188328,1.0319220590136273,0.29408162848764824,0.15971234768646714
07,Ardèche,249258,46618,18.702709642218103,202640,81.29729035778189,3896,1.5630391000489452,1.9226213975523094,3188,1.2789960603069912,1.573233320173707,195556,78.45525519742596,96.50414528227398,45305,42320,42622,33835,11757,9926,3546,2602,1969,1303,371,18.17594620834637,16.978391867061436,17.099551468759277,13.574288488233075,4.7167994607996535,3.9822192266647414,1.4226223431143634,1.0438982901250913,0.7899445554405476,0.5227515265307433,0.14884176235065674,23.167276892552515,21.640859907136576,21.795291374337786,17.30194931375156,6.012088608889525,5.075783918672912,1.8132913334287877,1.3305651578064597,1.0068727116529281,0.6663053038515822,0.18971547791936835
08,Ardennes,194379,44076,22.675288997268222,150303,77.32471100273177,2553,1.3134134860247249,1.698568890840502,947,0.48719254651994304,0.6300606108993168,146803,75.52410497018711,97.67137049826017,47578,26912,26172,25273,7234,7810,1406,1693,1080,1378,267,24.476923947545774,13.845117013669173,13.464417452502586,13.001918931571826,3.721595439836608,4.017923746906816,0.7233291662165152,0.870978860885178,0.5556155757566403,0.7089243179561578,0.1373605173398361,32.40941942603352,18.332050434936615,17.827973542775013,17.215588237297602,4.927692213374386,5.320054767273148,0.9577460951070482,1.1532461870670216,0.7356797885601793,0.9386729154036362,0.1818763921718221
09,Ariège,117409,21392,18.220068308221688,96017,81.77993169177832,1727,1.470926419610081,1.7986398241977983,984,0.8380958870274,1.024818521720112,93306,79.47090938514083,97.17654165408209,20247,19523,24970,11892,7326,3369,3304,1180,799,556,140,17.244844943743665,16.628197156947085,21.2675348567827,10.128695415172603,6.239726085734484,2.8694563449139334,2.814094319856229,1.005033685662939,0.6805270464785493,0.47355824510897804,0.11924128473967072,21.699569159539582,20.923627633807044,26.761408698261636,12.74516108288856,7.85158510706707,3.6107002765095495,3.541037017983838,1.2646560778513707,0.8563222086468181,0.5958887960045443,0.15004394143999314
10,Aube,203847,38951,19.10795841979524,164896,80.89204158020476,2745,1.3465981839320667,1.6646856200271687,1083,0.5312808135513399,0.6567776052784785,161068,79.01416258272135,97.67853677469435,48846,30565,22496,37122,6545,10235,1159,1387,1317,1107,289,23.9620892139693,14.99408870378274,11.035727776224324,18.210716861175293,3.210741389375365,5.020922554661094,0.568563677660206,0.6804122699868038,0.6460727898865325,0.5430543495857187,0.14177299641397714,30.32632180197184,18.976457148533537,13.966771798246702,23.04740854794248,4.063501129957533,6.35445898626667,0.7195718578488589,0.8611269774256836,0.817667072292448,0.6872873568927409,0.17942732262150146
11,Aude,272695,52553,19.271713819468637,220142,80.72828618053136,3867,1.4180678046902218,1.7565934714865858,1914,0.7018830561616457,0.8694388167637253,214361,78.6083353196795,97.37396771174969,60585,43015,46126,32281,13614,8265,4642,2507,1783,1195,348,22.217129026934852,15.774033260602504,16.9148682594107,11.837767469150515,4.992390766240671,3.0308586516071068,1.7022681017253707,0.9193421221511212,0.6538440382111883,0.43821852252516547,0.12761510112029925,28.26307024132188,20.066616595369492,21.517906708776316,15.059175876208824,6.350968692999192,3.8556453832553497,2.1655058522772332,1.169522441115688,0.831774436581281,0.5574708085892489,0.1623429635054884
12,Aveyron,218276,36378,16.66605581923803,181898,83.33394418076197,3630,1.663032124466272,1.9956239210986377,1805,0.8269347065183529,0.9923143739898185,176463,80.84397734977735,97.01206170491155,28588,45584,34689,36664,10878,8554,6461,2322,1304,1106,313,13.09717971742198,20.88365189026737,15.892264839011162,16.797082592680827,4.983598746541077,3.9188916784254797,2.960013927321373,1.0637907969726401,0.5974087852077187,0.506697942055013,0.14339643387271162,16.200563290888176,25.83204411123012,19.65794529164754,20.777160084550303,6.164465071998096,4.847475108096315,3.6613907731365782,1.3158565818330188,0.7389651088330131,0.6267602840255464,0.1773742937612984
13,Bouches-du-Rhône,1372394,300146,21.870250088531428,1072248,78.12974991146856,16578,1.2079621449816889,1.5460975445978915,5972,0.4351520044535316,0.5569607031209198,1049698,76.48663576203334,97.89694175228118,286397,203312,231194,207466,47564,40447,10040,8006,9418,4114,1740,20.868424082297064,14.814404609754925,16.846036925256158,15.117087367038911,3.465768576662387,2.947185720718686,0.7315683397041958,0.5833601720788636,0.6862460780213262,0.299768142384767,0.1267857481160658,27.28375208869599,19.36861840262628,22.02481094562436,19.764351270555913,4.531208023641085,3.853203492814124,0.9564655739079241,0.7626955562457011,0.8972104357634292,0.3919222481132668,0.16576196201193105
14,Calvados,501153,90313,18.021043473749536,410840,81.97895652625047,6292,1.255504805917554,1.531496446305131,2926,0.5838536335211003,0.7121993963586798,401622,80.13959808681182,97.75630415733619,81770,99720,75620,82340,27293,20079,2911,5269,2830,3099,691,16.316374440540116,19.898114946932374,15.08920429489597,16.430112161355915,5.446041428465957,4.006560870632322,0.5808605356048951,1.0513755280323573,0.5646978068573868,0.6183740294880007,0.13788204400652096,20.35994044150968,24.829317119082123,18.828649824959786,20.501864937677716,6.795693463007504,4.999477120277276,0.7248108918336147,1.3119301233498164,0.704642673957104,0.771621076534652,0.1720523278107275
15,Cantal,117425,22767,19.38854588034916,94658,80.61145411965084,2113,1.7994464551841602,2.232246614126645,979,0.8337236533957846,1.0342496144013185,91566,77.9782840110709,96.73350377147204,16641,24477,14566,21589,4810,4047,2840,1179,527,692,198,14.171598892910367,20.844794549712585,12.404513519267619,18.38535235256547,4.096231637215244,3.446455184160102,2.418565041515861,1.0040451351926762,0.4487971045348095,0.589312327017245,0.1686182669789227,18.173776292510322,26.731537907083414,15.907651311622217,23.577528777056987,5.253041521962301,4.419762794050194,3.1015879256492584,1.287595832514252,0.5755411397243518,0.7557390297708757,0.21623746805582858
16,Charente,259954,54980,21.149895750786676,204974,78.85010424921333,3736,1.43717734676135,1.8226701923170743,2225,0.8559206628865107,1.0855035272766302,199013,76.55700623956547,97.0918262804063,42598,49889,40755,33744,12569,10008,3085,2724,1540,1651,450,16.386745347253743,19.191472337413543,15.677773759972919,12.980758134131424,4.835086207559799,3.8499119074913253,1.1867484247212967,1.0478777014394856,0.5924125037506636,0.6351123660339906,0.17310754979727183,21.404631858220316,25.06821162436625,20.478561701999368,16.95567626235472,6.315667820695131,5.028817212945888,1.5501499902016451,1.3687548049624898,0.7738187957570611,0.8295940466200701,0.2261158818770633
17,Charente-Maritime,491369,99351,20.219224248985995,392018,79.780775751014,6848,1.3936573125288736,1.7468585626170228,3105,0.6319079958239123,0.7920554668408084,382065,77.75521044266121,97.46108597054217,80764,91355,72491,78659,22023,20333,5276,4876,3020,2576,692,16.436527334854254,18.59193396408809,14.75286393728542,16.008132381163648,4.481967726901778,4.138030685696493,1.0737348102953177,0.9923295934419957,0.6146093872425815,0.5242495965353939,0.14083102515624715,21.13881145878319,23.910852865350137,18.97347310012694,20.58785808697473,5.764202426288721,5.321869315430621,1.3809168596966486,1.276222632274613,0.7904414170363682,0.6742308245979087,0.18112101344012144
18,Cher,228983,50910,22.233091539546603,178073,77.7669084604534,4010,1.7512217064148867,2.251885462703498,1377,0.6013546857190272,0.7732783745991813,172686,75.41433206831948,96.974836162697315,41753,38076,33694,32967,9157,9554,1925,2106,1479,1630,345,18.234104715197198,16.628308651733974,14.714629470310022,14.397138652214355,3.9989868243494056,4.172362140420905,0.8406737618076451,0.9197189310996886,0.64589947725377,0.711843237270889,0.15066620666162991,24.17856687861205,22.049268614711092,19.51171490450876,19.09071957193982,5.3026881160024555,5.532585154557984,1.1147400484115677,1.219554567249227,0.8564678086237448,0.9439097552783665,0.19978458010493036
19,Corrèze,185277,34299,18.512281610777375,150978,81.48771838922262,3429,1.8507424019171295,2.271191829273139,1936,1.0449219277082422,1.2823060313423147,145613,78.59205405959725,96.44650213938455,25253,39218,30357,25427,9263,7049,4253,2319,1094,1051,329,13.629862314264587,21.167225289701367,16.38465648731359,13.723775751982167,4.999541227459425,3.804573692363326,2.2954819000739435,1.2516394371670525,0.5904672463392651,0.567258753110208,0.17757195982232007,17.34254496507867,26.933034825187313,20.84772650793542,17.46203979040333,6.361382568864044,4.840913929388173,2.9207557017573977,1.5925775857924773,0.75130654543207,0.7217762150357455,0.22594136512536656
2A,Corse-du-Sud,108781,33758,31.03299289397965,75023,68.96700710602035,1208,1.110488044787233,1.6101728803167028,947,0.8705564390840312,1.2622795675992695,72868,66.98596262214909,97.12754755208402,20858,13022,10085,18714,2546,2218,3948,657,485,218,117,19.17430433623519,11.970840496042507,9.270920473244407,17.203371912374404,2.340482253334682,2.03895900938583,3.629310265579467,0.6039657660804736,0.44584991864388085,0.20040264384405365,0.10755554738419394,28.624361859801283,17.87067025306033,13.84009441730252,25.68205522314322,3.4939891310314537,3.0438601306471975,5.418016138771478,0.9016303452818796,0.6655870889828183,0.29917110391392654,0.16056430806389635
2B,Haute-Corse,124875,40907,32.75835835835836,83968,67.24164164164164,1666,1.3341341341341342,1.9840891768292683,794,0.6358358358358358,0.9455983231707318,81508,65.27167167167167,97.0703125,22183,15506,11229,20739,3234,2244,4763,717,480,277,136,17.764164164164164,12.417217217217217,8.992192192192192,16.60780780780781,2.5897897897897897,1.7969969969969972,3.814214214214214,0.5741741741741742,0.3843843843843844,0.22182182182182184,0.1089089089089089,27.21573342493988,19.023899494528145,13.776561809883692,25.444128183736563,3.9677086911714192,2.753103989792413,5.843598174412327,0.8796682534229768,0.5888992491534574,0.3398439416989743,0.16685478726014624
21,Côte-d'Or,360658,68680,19.04297145772449,291978,80.95702854227551,5118,1.4190729167244314,1.7528717917103345,1736,0.48134243521563363,0.5945653439642712,285124,79.05661319033544,97.6525628643254,64200,67436,50859,60625,16810,14980,2635,2818,2457,1795,509,17.800797431361566,18.69804634861836,14.101725180087508,16.809553649163472,4.660925308741245,4.1535194006510325,0.7306090534523011,0.7813496442613224,0.681254817583417,0.49770142350925256,0.14113093290596632,22.516519128519523,23.65146392446795,17.83750227970988,21.26267869418218,5.895680475863133,5.253854463321222,0.9241593131409492,0.9883419143951404,0.8617303348718454,0.6295506516463012,0.17851881988187596
22,Côtes-d'Armor,455958,71617,15.706929146982837,384341,84.29307085301716,6436,1.4115335184381017,1.6745546272710952,2936,0.6439189574478351,0.7639049698054592,374969,82.23761837713123,97.56154040292344,61703,104969,76013,68916,32260,15958,3554,5468,2479,3028,621,13.532606073366408,23.021637957882085,16.67105303558661,15.114550024344348,7.075213067870287,3.499883761223622,0.7794577570741165,1.1992332627127937,0.543690427627106,0.6640962544795793,0.13619675496427303,16.455493654142074,27.994047507927323,20.271809136221925,18.379119340532153,8.603377879238018,4.255818480994429,0.9478116857660233,1.4582538823209386,0.6611213193624006,0.8075334227629485,0.16561369073176715
23,Creuse,93113,19917,21.39013886353141,73196,78.6098611364686,1950,2.094229592001117,2.6640800043718236,995,1.0685940738672366,1.3593638996666486,70251,75.44703747060024,95.97655609596153,13966,15807,14827,12637,5494,3521,1352,1209,580,684,174,14.998979734301333,16.976147261929054,15.923662646461825,13.571681720060571,5.90035762997648,3.7814268684286834,1.451999183787441,1.2984223470406926,0.6228990581336655,0.7345913030403918,0.18686971744009967,19.8801440548889,22.50074732032284,21.1057493843504,17.988356037636475,7.820529245135301,5.012028298529558,1.9245277647293275,1.7209719434598796,0.8256110233306289,0.9736516206175001,0.24768330699918864
24,Dordogne,314020,57520,18.317304630278326,256500,81.68269536972167,5047,1.6072224699063755,1.9676413255360625,2743,0.8735112413222088,1.0693957115009747,248710,79.20196165849309,96.96296296296296,52044,55945,57132,42510,15783,11424,6050,3578,2128,1626,490,16.573466658174638,17.81574422011337,18.193745621298007,13.537354308642763,5.0261129864339855,3.6379848417298257,1.9266288771415834,1.1394178714731547,0.6776638430673205,0.5178014139226801,0.1560410164957646,20.9255759720156,22.494069398094165,22.971332073499255,17.092195729966626,6.345945076595232,4.5933014354066986,2.4325519681556833,1.4386232962084355,0.8556149732620321,0.6537734711109324,0.19701660568533633
25,Doubs,368401,76199,20.68371149915445,292202,79.31628850084554,5807,1.5762715084921048,1.987323837619181,2216,0.6015184540758576,0.7583794772109704,284179,77.13849853827757,97.25429668516985,66635,63954,50803,59929,16318,14733,2532,3565,3129,2051,530,18.08762734085955,17.359887731032217,13.790136291703877,16.267328264581256,4.429412515166897,3.999174812229066,0.6872945513177217,0.9676955274279928,0.8493462287018765,0.5567303020350108,0.14386497322211395,23.44824916689833,22.50482970240588,17.877112664904864,21.088468887567345,5.742155472431108,5.184408418637549,0.8909877225269989,1.2544910074284166,1.1010665812744784,0.7217282065177231,0.18650216940731018
26,Drôme,369489,73210,19.813851021275326,296279,80.18614897872467,5470,1.4804229625239183,1.8462327738381727,2068,0.559691898811602,0.6979907452097516,288741,78.14603411738915,97.45577648095207,68996,63164,58037,53403,17385,14997,3868,3174,2988,2196,533,18.673356987623446,17.094960878402336,15.707368825594267,14.453204290249507,4.705146837930223,4.058848842590713,1.0468511917810814,0.8590242199361822,0.8086844263293359,0.5943343374227649,0.14425327952929587,23.895463408383293,21.87566019373764,20.10002043353732,18.49512192587821,6.020966887279604,5.1939281224349845,1.33960885360929,1.099255041715586,1.0348374494789447,0.760543185761634,0.18459449818349316
27,Eure,427533,82215,19.230094519019584,345318,80.76990548098041,6024,1.409014041021395,1.7444790019634078,2517,0.5887264842713896,0.7288933678522406,336777,78.77216495568763,97.52662763018435,98719,66986,58844,63436,16999,19096,2602,3933,2927,2633,602,23.090381327289357,15.668030304093486,13.763615908011777,14.83768504419542,3.9760673445090786,4.466555798031965,0.608607990494301,0.9199289879377731,0.684625514287786,0.6158588927638334,0.14080784407285518,29.31286875291365,19.890313174593278,17.472689643295116,18.83620318489683,5.047553722492926,5.6702209473924885,0.7726180825887754,1.1678350956270767,0.8691211098145064,0.7818229867241528,0.17875329966120013
28,Eure-et-Loir,301466,60474,20.059973595695702,240992,79.9400264043043,4533,1.503652153144965,1.8809753020847166,1680,0.5572767741635872,0.697118576550259,234779,77.87909747699575,97.42190612136503,58886,51038,38035,51275,12317,14103,1942,2659,2253,1817,454,19.53321435916488,16.92993571414355,12.616679824590502,17.008551544784485,4.085701206769586,4.678139491683972,0.644185413943861,0.8820231800601063,0.7473479596372393,0.6027213682471656,0.150597413970398,25.08145958539733,21.738741539916262,16.200341597843078,21.83968753593805,5.246210265824456,6.006925662005546,0.8271608619169517,1.1325544448183185,0.9596258609160104,0.7739193028337288,0.19337334259026573
29,Finistère,690571,120636,17.469022012218876,569935,82.53097798778113,9452,1.3687224050821711,1.6584347337854317,3298,0.47757580321212445,0.5786624790546291,557185,80.68467977948683,97.76290278715994,77366,164095,109607,99965,60781,22737,6192,8250,3697,3638,857,11.203192720227175,23.762219960004114,15.871937860118656,14.475701991540335,8.801556972418476,3.2924927342735213,0.8966492945692767,1.1946635465433677,0.5353540765540401,0.5268104220999724,0.12410020113789892,13.885154840851783,29.45072103520375,19.671563304826943,17.941078815833162,10.908585119843499,4.080691332322299,1.1113005554708042,1.480657232337554,0.6635139136911439,0.6529249710598813,0.1538088785591859
30,Gard,537939,107277,19.942223932453306,430662,80.0577760675467,7032,1.3072114124463927,1.6328350307201471,2948,0.5480175261507345,0.6845275413201072,420682,78.20254712894956,97.68263742795975,123273,79006,90905,72366,20473,17808,5946,4044,4096,2092,673,22.915795285339044,14.686795342966397,16.898756178674535,13.45245464634466,3.8058218496892766,3.310412518891547,1.1053297864627774,0.7517580989666115,0.761424622494372,0.38889167730913726,0.1251071218112091,29.303131581574682,18.780456496831334,21.608958785971353,17.20206711958201,4.866621343437561,4.233126209345777,1.413419162217542,0.961296180963293,0.9736570616284985,0.4972877375309616,0.1599783209169872
31,Haute-Garonne,906653,170785,18.836864820388836,735868,81.16313517961117,11410,1.258474852010637,1.5505498268711237,5065,0.5586481266813212,0.6883027934357793,719393,79.3460122009192,97.76114737969309,120225,190128,170446,118608,60180,27833,14445,7116,5955,3166,1291,13.26031017379306,20.97031609667646,18.799474550903156,13.081961897219774,6.637600052059608,3.0698624501325202,1.5932225448986548,0.7848647718586935,0.6568113710537549,0.34919644009339845,0.14239185223012554,16.712005816014333,26.428947737884577,23.693030096206108,16.48723298669851,8.365385818321835,3.8689561894541646,2.007942807338965,0.9891672562841174,0.8277811988718267,0.440093245277616,0.17945684764794764
32,Gers,144959,23027,15.885181327133878,121932,84.11481867286612,2166,1.4942156057919824,1.776399960633796,1083,0.7471078028959912,0.888199980316898,118683,81.87349526417815,97.3354000590493,23387,27775,23089,21312,9527,5378,5059,1254,1037,677,188,16.13352741119903,19.160590235859797,15.927952041611764,14.702088176656847,6.572203174690775,3.710014555839927,3.489952331348864,0.8650721928269373,0.7153746921543332,0.46702860808918384,0.12969184390068916,19.70543380265076,23.402677721324874,19.454344767152836,17.957078941381663,8.027265910029238,4.531398768147081,4.262615538872459,1.0565961426657566,0.8737561403065308,0.5704271041345432,0.15840516333426016
33,Gironde,1086982,216602,19.926916913067558,870380,80.07308308693244,13936,1.282081947999139,1.6011397320710492,5624,0.5173958722407547,0.6461545531836669,850820,78.27360526669254,97.75270571474528,155319,222287,185888,145283,64300,35530,16460,13233,7013,3980,1527,14.289013065533743,20.449924653766118,17.10129514564179,13.365722707459737,5.915461341586154,3.268683382061525,1.5142845051711988,1.2174074639690446,0.6451808769602441,0.3661514174107759,0.14048070713222482,18.255212618415175,26.12620765849416,21.848099480501162,17.075644672198585,7.557415199454644,4.175971415810629,1.934604264121671,1.5553231000681695,0.824263651536165,0.4677840201217649,0.17947391927787312
34,Hérault,800394,159370,19.911443614020094,641024,80.0885563859799,10051,1.255756539904097,1.567960013977636,4129,0.5158709335652191,0.6441256489616614,626844,78.31692891251059,97.7879143370607,161119,128621,143996,110339,36180,23159,8461,5660,5919,2496,894,20.129960994210354,16.06971066749626,17.99063960999208,13.785585599092448,4.5202737651706535,2.8934499758868757,1.0571043760947734,0.7071517277740713,0.7395107909354642,0.31184641564029714,0.11169499021731798,25.70320526319148,20.5188212697258,22.97158463668792,17.60230615591758,5.771770966939143,3.6945396302748374,1.3497776161213955,0.9029359776914192,0.944254072783659,0.39818519440243505,0.14261921626433371
35,Ille-et-Vilaine,730142,116705,15.983877108836364,613437,84.01612289116363,10011,1.3711031552766448,1.6319524254324405,4085,0.5594802106987408,0.6659200537300488,599341,82.08553952518825,97.70212752083751,84648,181373,118096,114034,53418,26822,4531,7065,3994,4339,1021,11.593361291365241,24.84078439536419,16.17438799575973,15.618057857238728,7.3161111126328855,3.673531997885343,0.6205642190149314,0.9676199972060229,0.5470168816476795,0.594267964313791,0.13983581275970974,14.1235123243696,30.262071174840365,19.70430856557452,19.026564176320328,8.912789213486146,4.4752486480984945,0.7559970033753739,1.1787947095226257,0.6663985944562445,0.7239618180635063,0.17035377189279557
36,Indre,170409,34911,20.48659401792159,135498,79.51340598207841,3081,1.8080030984278999,2.2738343001372714,1483,0.8702591999248867,1.09448109935202,130934,76.83514368372563,96.63168460051071,31985,27301,24938,25476,7786,7177,1728,1757,1098,1390,298,18.769548556707687,16.02086744244729,14.634203592533257,14.949914617185712,4.569007505472129,4.211632014741006,1.0140309490695913,1.0310488295805973,0.6443321655546362,0.8156846175964884,0.17487339283723277,24.428337941252845,20.850963080636046,19.046237035452975,19.457131073670705,5.9465074006751495,5.481387569309729,1.3197488811156766,1.34189744451403,0.8385904348755863,1.0616035559900407,0.2275955825072174
37,Indre-et-Loire,428871,80171,18.693499910229416,348700,81.30650008977058,6197,1.4449566419739268,1.7771723544594207,2598,0.605776562183034,0.7450530542013192,339905,79.25576688561362,97.47777459133926,64522,83165,65931,72196,22898,18452,2929,3907,2620,2606,679,15.044617145948317,19.391611929927645,15.373154165238498,16.833966390826145,5.3391346115731775,4.302459247652558,0.682955947126292,0.9109965467471571,0.6109063098227672,0.6076419249611188,0.15832266578994617,18.982362718995013,24.467130521763433,19.39689030758594,21.24005236757329,6.736588164340036,5.428575631426428,0.8617113605272061,1.149438813786205,0.7708036068901605,0.7666848089907474,0.19976169812153396
38,Isère,856366,178004,20.78597235294255,678362,79.21402764705745,12058,1.4080428228117416,1.7775170189367917,3790,0.44256778059848245,0.5586987478661836,662514,77.36341704364722,97.66378423319702,147910,164091,135949,112927,43652,33773,6537,6382,6558,3595,1140,17.271820693488532,19.161316539890656,15.875104803320076,13.186768274312618,5.097353234481519,3.9437576923885347,0.7633418421562743,0.7452421044273125,0.7657940646872949,0.41979714281043384,0.13312065168397624,22.325565950304448,24.767929432434634,20.52017013980082,17.045224704685484,6.5888418961712505,5.097703595697601,0.9866961301949846,0.9633003981802649,0.9898658745324628,0.5426300425349503,0.17207183546309965
39,Jura,190332,36524,19.189626547296303,153808,80.8103734527037,3168,1.6644599962171363,2.0597108082804536,1071,0.5627009646302251,0.6963226880266307,149569,78.58321249185633,97.24396650369292,36110,31896,30331,28373,7589,8533,1994,1980,1330,1148,285,18.972111888699747,16.75808587100435,15.935838429691277,14.907109682029295,3.9872433432108103,4.483218796629048,1.0476430658008111,1.0402874976357102,0.6987789756845932,0.6031565895382804,0.14973835193241283,24.142703367676457,21.325274622415073,20.278934806009268,18.969840006953312,5.073912374890519,5.705059203444564,1.3331639577719983,1.3238037293824254,0.8892216970094071,0.7675387279449618,0.1905475065020158
40,Landes,310197,55411,17.863164376186745,254786,82.13683562381325,4844,1.5615882809956254,1.901203362822133,2076,0.6692521204266966,0.8148014412094857,247866,79.90599522239094,97.28399519596839,44956,61043,49949,42464,21550,11021,10485,2875,1916,1235,372,14.492725590511837,19.67878477225763,16.10234786280976,13.68936514537536,6.94719807090333,3.552903477467545,3.3801100590914803,0.9268303690880312,0.6176719955383192,0.39813408898216296,0.11992379036547741,18.137219303978764,24.62741965416798,20.151614178628773,17.131837363736857,8.694213809074258,4.446354078413337,4.230108203626153,1.1599009142036423,0.7729983136049317,0.4982530883622603,0.1500810922030452
41,Loir-et-Cher,245321,46325,18.883422128558095,198996,81.1165778714419,3692,1.5049669616543222,1.8553136746467265,1566,0.6383473082206578,0.7869504914671652,193738,78.97326360156693,97.35773583388611,48662,40639,31576,42756,10956,11646,1843,2198,1516,1542,404,19.836051540634518,16.565642566270313,12.87129923651053,17.428593557013055,4.465985382417323,4.747249522054777,0.75126059326352,0.895968954961051,0.6179658488266394,0.628564207711529,0.16468219190366906,25.11742662771372,20.976266917176805,16.298299765662904,22.068979756165543,5.65505992629221,6.011211016940404,0.9512847247313381,1.1345218800648298,0.7825000774241501,0.7959202634485749,0.20852904437952285
42,Loire,510809,108838,21.306985585610278,401971,78.69301441438972,7841,1.5350160236017767,1.9506382301210785,2763,0.5409066794046307,0.6873630187252314,391367,76.61709171138331,97.36199875115369,94222,90677,73388,71848,22698,22689,5041,4107,3483,2547,667,18.445642108890013,17.7516449396937,14.367013893647137,14.06553134341799,4.443539561754002,4.441777650746169,0.9868659322760561,0.8040187232409766,0.6818595600312446,0.4986208152166465,0.13057718246937702,24.075100864406043,23.16930144851252,18.751708754187245,18.35821620116157,5.799671408166759,5.797371776363362,1.2880493245470364,1.0493986462834117,0.8899575079145662,0.6507958003612977,0.17042826809618591
43,Haute-Loire,177158,32875,18.55688142787794,144283,81.44311857212206,3341,1.8858871741609187,2.315588115023946,1365,0.770498650921776,0.9460574010798223,139577,78.78673274703937,96.73835448389623,32185,32821,25419,25956,7435,8346,3112,1928,1050,1043,282,18.16739859334605,18.52640016256675,14.34820894342903,14.65132819291254,4.1968186590501135,4.711048894207431,1.7566240305264227,1.0882940651847504,0.5926912699398278,0.5887399948068955,0.15917994106955374,23.058956704901238,23.514619170780286,18.21145317638293,18.596187050875145,5.326808858192969,5.979495189035442,2.2295937009679245,1.3813164059981229,0.7522729389512599,0.7472577860249181,0.20203901788976691
44,Loire-Atlantique,993538,162597,16.365453560910602,830941,83.63454643908939,14639,1.4734212481052562,1.7617375962914337,4845,0.4876512020677619,0.5830738885191608,811457,81.67347398891638,97.65518851518941,111194,232602,178357,159703,65140,36546,6029,9618,6129,4785,1354,11.191720900458764,23.41148501617452,17.951703910670755,16.074171294907693,6.556367245138082,3.678369624513607,0.6068212791055803,0.9680555751264672,0.6168863193959365,0.4816121778935481,0.13628064553142405,13.70300582778878,28.6647351615674,21.979846128630353,19.681018217847647,8.02753565500082,4.503750660848326,0.7429845327602078,1.185275375035276,0.7553080446653365,0.5896800446604071,0.16686035119544226
45,Loiret,452607,87974,19.437171762699208,364633,80.56282823730079,6397,1.4133674468136816,1.7543667194137667,2664,0.588590101346201,0.7305976145878185,355572,78.56087068914091,97.51503566599841,83662,83506,58134,75655,20438,21128,3203,3655,3109,2380,702,18.484468865925628,18.450001878008955,12.844255612485004,16.715384428433495,4.515617301544165,4.668067440406357,0.7076779634428986,0.807543851509146,0.6869093938008028,0.5258425079594439,0.15510144562501244,23.528849290720306,23.48497631984521,16.349431338800578,21.27698468945811,5.747921658623289,5.941975183647756,0.9008020879034344,1.0279212086441,0.8743658105812606,0.6693440428380187,0.19742836893793664
46,Lot,136322,22347,16.392805269875733,113975,83.60719473012426,2093,1.5353354557591585,1.8363676244790523,1095,0.8032452575519724,0.9607370037288879,110787,81.26861401681313,97.20289537179207,17865,29527,26014,18459,7951,4550,3073,1528,871,723,226,13.105001393758894,21.65974677601561,19.082759936033803,13.540734437581609,5.832514194334004,3.3376857733894747,2.254221622335353,1.1208755740085972,0.6389284194774139,0.5303619371781517,0.16578395270022447,16.125538194914565,26.652044012384124,23.481094352225444,16.661702185274446,7.176834827190916,4.106980060837463,2.7737911487809943,1.3792231940570645,0.7861933259317428,0.6526036448319749,0.20399505357126738
47,Lot-et-Garonne,240931,46805,19.42672383379474,194126,80.57327616620526,3660,1.5191071302572106,1.8853734172650751,1644,0.6823530388368454,0.8468726497223453,188822,78.3718159971112,97.26775393301259,47271,39253,36018,34828,10639,9407,6083,2292,1660,1044,327,19.620140206117103,16.2922164437121,14.949508365465631,14.455591019835554,4.4157870925700715,3.9044373700354047,2.5247892550149214,0.9513097110791057,0.6889939443243086,0.4333190830569748,0.13572350590002946,25.034688754488354,20.78836152566968,19.0751077734586,18.444884600311404,5.634407007658006,4.981940663693849,3.2215525733230237,1.213841607439811,0.8791348465750812,0.5529016745930029,0.1731789727891877
48,Lozère,59508,9949,16.71876050278954,49559,83.28123949721046,904,1.5191234791960744,1.8240884602191327,508,0.8536667338845197,1.0250408603886276,48147,80.90844928412987,97.15087067939224,9097,10463,9483,10986,2733,2197,1764,683,354,294,93,15.287020232573772,17.582509914633327,15.935672514619883,18.46138334341601,4.592659810445655,3.6919405794178934,2.9643073200241985,1.1477448410297775,0.594877999596693,0.49405122000403306,0.15628150836862273,18.89421978524103,21.73136436330405,19.695931210667332,22.817621035578544,5.676366128730762,4.563108812594762,3.66377967474609,1.4185722890315076,0.7352483020748957,0.6106299457910149,0.19315845224001496
49,Maine-et-Loire,569425,97038,17.041401413706808,472387,82.95859858629319,9767,1.715239056943408,2.0675844170140163,3662,0.6431048865083198,0.7752118496063609,458958,80.60025464284146,97.15720373337963,77935,121685,78293,108888,29553,25321,3483,5696,3439,3860,805,13.686613689247926,21.369802871317557,13.749484128726348,19.1224480835931,5.189972340518945,4.4467664749528035,0.6116696667691092,1.0003073275672827,0.6039425736488563,0.6778768055494577,0.1413706809500812,16.98085663611921,26.51331930154829,17.058859416330037,23.72504673630267,6.439151294889728,5.517062563458966,0.7588929705986168,1.2410721678236352,0.7493060367179567,0.841035563167,0.17539731304389508
50,Manche,379104,70202,18.517873723305478,308902,81.48212627669452,5632,1.4856081708449396,1.8232319635353607,2824,0.7449143243015109,0.9142057998977021,300446,79.25160378154807,97.26256223656694,61620,74683,51026,64909,19238,17052,2520,4134,2048,2593,623,16.254114965814132,19.69987127542838,13.459631130243944,17.121686924959906,5.074596944374103,4.4979741706761205,0.6647252468979489,1.090465940744492,0.5402211530345236,0.683981176669199,0.16433485270532625,20.50950919632813,24.85737869700379,16.983417985261912,21.604215066933826,6.403147320982805,5.675562330668407,0.8387530537933605,1.3759544144372033,0.6816532754638105,0.8630502652722952,0.20735839385446966
51,Marne,381696,81265,21.290503437290408,300431,78.70949656270959,4851,1.270906690140845,1.614680242717962,1811,0.4744613514419852,0.602800643076114,293769,76.96412852112677,97.78251911420593,82473,60958,44424,65081,13683,16896,2350,2762,2441,2176,525,21.606985663983906,15.970300972501677,11.638581488933601,17.050479963112007,3.584789989939638,4.426559356136821,0.6156732059020792,0.7236125083836351,0.6395141683433937,0.5700871898054997,0.13754401408450703,28.074099036998458,20.75031742627711,15.122085720412977,22.153801115842718,4.657741286521042,5.751457778050101,0.7999482586658224,0.9401945065680859,0.8309249784694778,0.740718047173119,0.178711845021088
52,Haute-Marne,134148,28769,21.44571667113934,105379,78.55428332886066,2120,1.5803440975638845,2.011786029474563,819,0.6105197244834064,0.7771946972356921,102440,76.36341950681337,97.21101927328975,34027,18438,15380,19590,4292,6417,1126,1233,813,926,198,25.365268211229385,13.74452097683156,11.46494916062856,14.603273995885141,3.1994513522378267,4.78352267644691,0.8393714404985538,0.9191340907057876,0.606047052509169,0.6902823746906402,0.1475981751498345,33.216516985552516,17.998828582584927,15.013666536509177,19.123389301054274,4.189769621241703,6.264154627098789,1.0991800078094494,1.203631393986724,0.7936352987114408,0.9039437719640765,0.19328387348691917
53,Mayenne,222325,36392,16.368829416394917,185933,83.63117058360508,4111,1.8490947936579332,2.211011493387403,1590,0.715169234229169,0.8551467464086526,180232,81.06690655571798,96.93384176020395,30465,46938,26798,48772,10247,10107,1525,2242,1182,1627,329,13.702912403013606,21.112335544810527,12.053525244574384,21.937254020015743,4.6090183290228275,4.546047453052963,0.6859327561003036,1.0084335994602496,0.531654109974137,0.7318115371640616,0.14798155852918027,16.903213635758355,26.043100004438724,14.868613786674953,27.06067734919437,5.685449864618936,5.607772204713924,0.8461316525367305,1.243952239335967,0.6558213857694527,0.90272537618181,0.18254250077677658
54,Meurthe-et-Moselle,495091,106495,21.51018701612431,388596,78.4898129838757,6469,1.3066284784009405,1.6647109079867008,2361,0.47688202774843413,0.6075718741314888,379766,76.70630247772633,97.72771721788182,98194,83703,77400,62654,23632,19331,3236,4483,3458,2942,733,19.833525553888073,16.906588889719266,15.633489600901651,12.655047253939175,4.773263905019482,3.9045347218996107,0.6536172138051388,0.9054901018196655,0.698457455296097,0.594234191290086,0.1480535901480738,25.856448444568496,22.04067768046639,20.38097144030798,16.498054064871525,6.222779290405144,5.0902397792324745,0.8521036638350984,1.1804637592622826,0.9105607137026486,0.7746875707672619,0.19301359258069442
55,Meuse,137629,27849,20.234834228251312,109780,79.7651657717487,1944,1.4124930065611172,1.7708143559846967,791,0.5747335227314011,0.720531973036983,107045,77.77793924245617,97.50865367097832,34602,20713,16020,19287,4918,6802,1294,1430,856,886,237,25.14150360752458,15.04988047577182,11.639988665179576,14.013761634539232,3.5733747974627437,4.942272340858395,0.9402088222685626,1.0390252054436202,0.6219619411606566,0.6437596727433899,0.172202079503593,32.32472324723247,19.34980615628941,14.965668644028213,18.017656125928347,4.5943294875986735,6.354336961091129,1.2088374048297446,1.335886776589285,0.79966369283946,0.8276892895511234,0.22140221402214022
56,Morbihan,577012,96113,16.657019264763992,480899,83.34298073523601,8518,1.4762257977303765,1.7712658999082969,3546,0.6145452780878041,0.7373689693677883,468835,81.25220965941783,97.49136513072392,82927,130639,82020,97900,34368,22411,4820,6309,3249,3291,901,14.37179816017691,22.64060366162229,14.214609054924335,16.96671819650198,5.956201950739326,3.8839746833688036,0.8353379132496378,1.0933914719277935,0.5630732116489778,0.5703520897312361,0.15614926552654015,17.687885930018023,27.86460055243316,17.494427677114547,20.881546812844604,7.330510734053558,4.7801465334286055,1.0280802414495505,1.3456759840882186,0.6929943370268858,0.7019527125747864,0.19217848496805912
57,Moselle,751271,177500,23.626627408751304,573771,76.3733725912487,11251,1.4975954083147094,1.9608868346430892,3303,0.4396549314428482,0.5756652044108189,559217,74.43612225149114,97.4634479609461,158542,117738,100118,96003,29480,32525,5763,6975,5977,4929,1167,21.103170493736613,15.67184145268485,13.326482720616129,12.778744288013247,3.924016766253456,4.329329895603584,0.7671000211641339,0.9284266263438892,0.7955850818146848,0.6560881492830151,0.15533675597753674,28.350711798818708,21.054080973933196,17.903246861236337,17.167396556256335,5.271656619881012,5.816167963420282,1.0305480698905791,1.247279678550545,1.0688158621787247,0.8814109728423849,0.20868464299189762
58,Nièvre,159425,35457,22.240551983691393,123968,77.75944801630861,2550,1.5994981966441901,2.056982447083118,984,0.6172181276462286,0.7937532266391326,120434,75.5427316920182,97.14926432627774,29817,27356,23079,20773,7854,6446,1365,1547,959,1004,234,18.7028383252313,17.159165751920966,14.476399560922063,13.029951387799906,4.926454445664105,4.043280539438608,0.8562019758507134,0.9703622392974753,0.601536772777168,0.6297632115414772,0.14677748157440804,24.757958715977217,22.714515834398924,19.16319311822243,17.24845143398044,6.521414218576149,5.352309148579304,1.1334008668648388,1.2845209824468173,0.7962867628742715,0.8336516266170683,0.1942972914625438
59,Nord,1804668,417073,23.110788244707614,1387595,76.88921175529238,24060,1.3332092107800437,1.7339353341573007,9732,0.539268164559908,0.701357384539437,1353803,75.01673437995244,97.56470728130327,382030,268723,288115,226710,76531,65245,8535,13151,11450,10975,2338,21.168990639829595,14.890439681980286,15.96498635760151,12.562421453696745,4.240724609734311,3.6153464238297572,0.47294017514578857,0.728721293888959,0.6344657299846842,0.6081450992647955,0.12955291499599927,28.21902448140535,19.849490657060148,21.28189995147004,16.746158783811236,5.653038145136331,4.819386572492452,0.6304462318372761,0.9714116455643842,0.8457655951419816,0.8106792494919867,0.17269868658881685
60,Oise,562085,113254,20.148909862387363,448831,79.85109013761263,8040,1.4303886422871985,1.791320118262776,2998,0.5333712872608236,0.6679574271830601,437793,77.88733020806463,97.54072245455416,135188,86680,77415,76783,20525,23936,3414,4682,4666,3677,827,24.051166638497737,15.421155163364972,13.772827953067596,13.660389442877857,3.6515829456398947,4.258430664401292,0.6073814458667284,0.8329701023866497,0.8301235578248842,0.6541715221007499,0.14713077203625788,30.87943388770492,19.799311546781244,17.683014575381517,17.538654112788464,4.688288757472138,5.467424102258374,0.7798206001466446,1.0694551991466286,1.0658005038911085,0.8398946534092596,0.18890206101970566
61,Orne,208734,38340,18.367874902986575,170394,81.63212509701341,3176,1.5215537478321692,1.8639153960820216,1161,0.5562102963580442,0.6813620197894292,166057,79.55436105282321,97.45472258412855,39532,35815,24542,41084,8659,9644,1480,2147,1291,1513,350,18.938936637059605,17.158201347169125,11.757547883909664,19.682466680080868,4.148341908840917,4.620234365268716,0.7090363812316153,1.0285818314218096,0.6184905190337942,0.7248459762185365,0.1676775225885577,23.806283384620944,21.567895361231386,14.779262542380026,24.740902220321935,5.214474547896204,5.807644363080147,0.8912602299210513,1.292929536243579,0.7774438897487007,0.9111329242368584,0.21077100031916754
62,Pas-de-Calais,1090368,234194,21.478436637905734,856174,78.52156336209426,15351,1.407873305159359,1.7929766612861404,7671,0.7035239478781475,0.8959627365465431,833152,76.41016610905676,97.31106060216732,286147,153682,159342,119077,43084,41427,5832,9002,5484,8667,1408,26.24315827317016,14.0945075424077,14.61359834477901,10.920808387626929,3.9513265246228793,3.7993594823032226,0.53486529318542,0.8255928273757117,0.5029494629336151,0.7948692551505546,0.12913071550155544,34.34511349669688,18.44585381779075,19.125201643877705,14.292350015363342,5.171205254263328,4.9723219772622524,0.6999923183284682,1.0804751113842372,0.6582232293747119,1.0402663619603627,0.16899677369795668
63,Puy-de-Dôme,460939,93363,20.25495781437457,367576,79.74504218562542,7773,1.686340274960461,2.114664722397545,3236,0.7020451730055387,0.8803621563975884,356567,77.35665673765943,97.00497312120487,63030,96797,78417,58432,25814,15635,7348,4730,2910,2699,755,13.674260585457077,20.999958779795158,17.012446332378037,12.676731628263177,5.6003071990003015,3.3919889616630403,1.5941371851806854,1.0261661521372676,0.6313199794332872,0.5855438572132105,0.16379607713818964,17.67690223716721,27.146931712693544,21.99222025594068,16.387383016375605,7.239593119946602,4.384870164653487,2.0607627738966308,1.3265389113406456,0.8161159052856826,0.7569404908474424,0.21174141185247095
64,Pyrénées-Atlantiques,502378,97357,19.379232370844264,405021,80.62076762915574,6685,1.330671327167989,1.6505317008253892,2683,0.5340600105896357,0.6624347873320149,395653,78.75603629139812,97.68703351184259,54376,103958,78803,71858,30589,14727,29882,6371,2782,1799,508,10.823722376377946,20.693183220602812,15.685997396382803,14.303572210566545,6.088841469968828,2.9314579858194425,5.948110785106036,1.2681685901850797,0.5537662875364766,0.3580968911855217,0.10111907766661757,13.74335592046566,26.275044041116836,19.91720017287876,18.161874167515474,7.73126957207452,3.7222010195802886,7.552577637475262,1.6102493851935913,0.7031413890454514,0.4546913583367244,0.12839533631742966
65,Hautes-Pyrénées,177690,34275,19.289211548201926,143415,80.71078845179808,2528,1.4227024593392987,1.7627165917093748,1198,0.6742078901457594,0.835338005090123,139689,78.61387810231302,97.4019454032005,25947,35070,32148,20220,9935,5876,6928,1575,1023,767,200,14.602397433732905,19.736619956103326,18.092183015363837,11.379368563228095,5.591198154088581,3.306882773369351,3.898925094265294,0.8863751477291912,0.5757217626202937,0.43165062749732686,0.11255557431481794,18.574834095741256,25.105770676288042,23.013981057921526,14.475012348860684,7.112227877642477,4.206487268145667,4.959588800836143,1.1275046710907801,0.7323411292227734,0.5490768779216688,0.14317519632898798
66,Pyrénées-Orientales,347914,73984,21.265025264864306,273930,78.7349747351357,4563,1.3115310105370868,1.6657540247508489,2580,0.7415625700604173,0.9418464571240829,266787,76.68188115453819,97.39239951812507,80169,49245,56392,45865,13455,9741,4634,3053,2303,1477,453,23.042763441540153,14.154359985513661,16.208603275522112,13.182855533263968,3.8673350310708967,2.79982984300718,1.331938352581385,0.877515707904827,0.6619451933523802,0.424530199991952,0.13020459078967792,30.04981502097179,18.458545581306435,21.13746172039867,17.19161728270118,5.043349188678609,3.651227383643131,1.7369661940049554,1.1443586081780597,0.8632354649964205,0.5536251766390416,0.16979837848171012
67,Bas-Rhin,766539,154037,20.09512888450555,612502,79.90487111549444,9806,1.2792565022784228,1.6009743641653413,4591,0.5989258211258657,0.7495485729026191,598105,78.02668879209016,97.64947706293205,147714,133347,88420,131564,31931,39299,6420,6549,6841,4823,1197,19.270252394203034,17.395983765992337,11.534964300577009,17.16337981498658,4.165606707551736,5.126810247097669,0.8375307714284596,0.8543596607609008,0.8924529606451856,0.629191730622969,0.15615643822427822,24.697001362636996,22.29491477248978,14.78335743723928,21.996806580784313,5.338694710794927,6.570585432323756,1.0733901238076926,1.0949582431178473,1.1437791023315305,0.8063801506424457,0.2001320838314343
68,Haut-Rhin,526190,110496,20.999258822858664,415694,79.00074117714134,9197,1.7478477356088107,2.2124447309799997,2587,0.49164750375339705,0.6223327736267543,403910,76.76124593777914,97.16522249539324,109704,79798,57856,90237,18694,28562,5004,4727,5217,3101,1010,20.84874284954104,15.16524449343393,10.995267869020696,17.149128641745374,3.5527090974742963,5.428077310477204,0.9509872859613447,0.8983447043843478,0.9914669606035842,0.5893308500731674,0.19194587506414035,27.160506053328714,19.75638137208784,14.323983065534401,22.34086801515189,4.628258770518185,7.071377287019385,1.238889851699636,1.1703102176227378,1.2916243717659874,0.7677452897922804,0.25005570547894335
69,Rhône,1155604,249073,21.55349064212308,906531,78.44650935787692,13460,1.1647588620323226,1.4847809948032664,4559,0.3945123069840534,0.5029061333809876,888512,76.88723818886054,98.01231287181574,144476,236137,175051,205781,60094,38429,6703,7146,9188,4061,1446,12.502206638260166,20.43407603296631,15.148009179615162,17.807224620198614,5.200224298289034,3.3254471254858933,0.5800429905053981,0.6183779218486609,0.7950820523293446,0.3514179597855321,0.12512936957642928,16.260444428437655,26.576681012749404,19.701590974573218,23.160182417344956,6.763442699704675,4.32509634084852,0.7544073687243391,0.8042660087877259,1.0340884535042858,0.4570562918677519,0.16274400345746598
70,Haute-Saône,179214,34976,19.516332429386097,144238,80.4836675706139,2820,1.573537781646523,1.9551019842205242,1896,1.0579530617027688,1.3144941000291186,139522,77.8521767272646,96.73040391575036,43753,27332,22150,25184,6596,8176,1512,2021,1206,1325,267,24.41382927673061,15.251040655305948,12.359525483500173,14.052473579073062,3.6805160311136405,4.562143582532615,0.843684087180689,1.127702076846675,0.6729384981084067,0.7393395605254054,0.14898389634738357,31.35921216725678,19.58974211952237,15.875632516735713,18.050199968463755,4.727569845615745,5.860007740714726,1.0837000616390247,1.4485170797436964,0.864379811069222,0.9496710196241452,0.19136766961482776
71,Saône-et-Loire,406418,86784,21.35338493865921,319634,78.64661506134078,6874,1.691362095182792,2.1505847312864086,2809,0.6911603324655896,0.8788176476845391,309951,76.2640926336924,96.97059762102906,75258,69212,55249,60100,19184,18961,3153,3588,2535,2201,510,18.517388501493535,17.029757540266424,13.594132149658725,14.787730858377335,4.720263374161577,4.665393757166267,0.7758022528529741,0.8828349138079514,0.6237420586686613,0.5415606592227706,0.12548656801618038,24.280612096750776,22.329981190575285,17.825075576462083,19.390161670715695,6.189365415823792,6.117418559707825,1.0172575665185788,1.1576023306909802,0.817871211901236,0.7101122435481737,0.1645421373055741
72,Sarthe,405440,73577,18.147444751381215,331863,81.85255524861878,7302,1.801006314127861,2.200305547771219,2117,0.522148776637727,0.6379138379391496,322444,79.52940015785319,97.16178061428963,67083,64618,56851,92261,17195,13657,2141,3565,2074,2452,547,16.54572809786898,15.937746645619574,14.022050118389897,22.755771507498025,4.241071428571429,3.3684392265193366,0.528068271507498,0.8792916337805841,0.5115430149960537,0.6047750591949487,0.1349151539068666,20.804542804331916,20.040068973217053,17.631278609619034,28.613030479711206,5.33270893550508,4.23546414261081,0.6639912667005744,1.1056183399287938,0.6432124648000893,0.7604421232834229,0.1696418602920197
73,Savoie,310237,62746,20.22518268291661,247491,79.77481731708339,4253,1.3708874183285682,1.7184463273411963,1679,0.5411991477483343,0.6784085077841215,241559,77.8627307510065,97.60314516487469,52448,55871,45013,50815,13752,13673,3152,2578,2608,1219,430,16.905784932164764,18.009134951665985,14.509230040259544,16.379413158327345,4.432740130932158,4.407275727911242,1.0159974471130135,0.8309776074420523,0.8406476339056914,0.3929254086392016,0.1386037126454936,21.71229389093348,23.12933900206575,18.63437089903502,21.03626857206728,5.693019096783809,5.660314871315082,1.304857198448412,1.0672340918781749,1.079653418005539,0.5046386183085705,0.17801034115888872
74,Haute-Savoie,540033,116275,21.531091618475166,423758,78.46890838152484,7765,1.4378750928184019,1.8324137833386038,2495,0.4620088031657325,0.5887794448718372,413498,76.5690244855407,97.57880677178956,77919,100174,67079,105057,21805,24785,4649,4263,5021,1919,827,14.428562698946177,18.549607153636906,12.421277958939546,19.453811155984912,4.037716213638796,4.589534343271614,0.860873317000998,0.7893962035653377,0.9297579962705983,0.35534865461925474,0.15313878966655742,18.843863815544452,24.225993837938756,16.22232755660245,25.40689435015405,5.273302410168852,5.993983042239623,1.1243101538580598,1.0309602464824497,1.214274313297767,0.4640893063569836,0.20000096735655312
75,Paris,1301637,210200,16.14889558302353,1091437,83.85110441697647,10627,0.8164334603272647,0.9736704912880909,4251,0.3265887493978736,0.38948652098105524,1076559,82.70808220725134,98.63684298773086,53719,375006,210548,284744,109550,17997,5490,6799,8337,2897,1472,4.1270338811819265,28.810336522394493,16.175631147547282,21.87583788721433,8.416324981542473,1.382643548085987,0.4217765782626032,0.522342250566018,0.6405011535474175,0.22256589202673246,0.11308836488206774,4.989879792932854,34.8337620139723,19.557497545420176,26.44945609111995,10.17594019463866,1.6717151591320125,0.5099581165546896,0.6315492230337585,0.7744118065057279,0.2690981172420647,0.13673193944781475
76,Seine-Maritime,881658,177294,20.109157972819393,704364,79.89084202718061,14085,1.5975582368673567,1.9996763037293217,3753,0.42567526183622223,0.5328210981821899,686526,77.86760852847704,97.46750259808849,170945,145756,152394,118336,41516,33036,4383,8321,5205,5356,1278,19.38903747258007,16.532033963282817,17.284933613714163,13.421984488316333,4.708855361149108,3.747031161742989,0.49713154080153527,0.9437899956672541,0.5903649714515152,0.6074917938701855,0.1449541659010637,24.90000378718359,21.230951194856424,22.197848297078334,17.23692911848932,6.047258224743127,4.81205373139546,0.6384317564083517,1.2120444090973976,0.758165022155024,0.7801598191474176,0.18615463944555632
77,Seine-et-Marne,881558,183302,20.79295973719256,698256,79.20704026280744,13069,1.4824889570510391,1.8716631149607021,4596,0.5213497013242464,0.6582113150477762,680591,77.20320160443215,97.47012556999152,155521,157314,141827,120968,38772,41505,5182,6354,8195,3706,1247,17.641607245354248,17.844997152768165,16.088221081312856,13.72206933633408,4.398122415087833,4.708141721815241,0.5878229225983996,0.7207693651467062,0.9296041780574846,0.42039207856998634,0.14145410738714867,22.850875195234728,23.114322698948413,20.838800395538584,17.773964098849383,5.696813504733386,6.0983762641586505,0.7613970798908596,0.9336003561610424,1.2041005537834029,0.5445267421990594,0.18322311050248977
78,Yvelines,951148,177485,18.66008234260073,773663,81.33991765739927,10838,1.139465151585242,1.4008683367305919,3891,0.4090846009243566,0.5029321552148674,758934,79.79136790488967,98.09619950805454,98024,219063,126345,206835,52564,32906,5371,5448,8148,2872,1358,10.305861968904944,23.03143149120852,13.283421717755806,21.745827147825576,5.526374444355662,3.4596088095648625,0.5646860425506861,0.5727815229596235,0.8566490178184678,0.3019509056424447,0.14277483630307797,12.916011141943832,28.86456529816822,16.647692684739386,27.253357999509838,6.926030458511543,4.335818397910754,0.7077031731349498,0.7178489829155105,1.073611144052052,0.378425528438573,0.178935190675342
79,Deux-Sèvres,272385,51156,18.78076986618206,221229,81.21923013381794,4703,1.7266002166051726,2.1258514932490766,2128,0.7812471318170972,0.9618992085124465,214398,78.71138278539567,96.91224929823848,38640,57826,41609,40195,14950,11356,2599,3483,1478,1869,393,14.185803182994658,21.22950970134185,15.275804467940599,14.756686307983186,5.488554802944362,4.169098885768306,0.9541641426657121,1.2787047744919875,0.5426143142977771,0.6861611322209373,0.14428107274629662,18.022556180561384,26.97133368781425,19.407363874663012,18.747842797041017,6.973012807955298,5.296691200477617,1.212231457382998,1.6245487364620936,0.6893721023517011,0.8717432065597627,0.18330394873086503
80,Somme,409014,80489,19.6787885011271,328525,80.3212114988729,6124,1.4972592625191314,1.8640894909063237,2765,0.6760159798931088,0.841640666615935,319636,78.14793625646065,97.29426984247775,97081,69520,59491,51834,14260,15462,2365,3661,2272,3111,579,23.735373361303036,16.99697320874102,14.544978900477734,12.672915841511537,3.486433227224496,3.7803106984113017,0.5782198164366011,0.8950793860356859,0.5554822084329631,0.7606096612829879,0.14155994660329474,30.372361060706552,21.74974032962495,18.612108773730117,16.21657134991052,4.461324756910987,4.837377516925502,0.7399041409603424,1.145365353089139,0.7108085447196185,0.9732946226332454,0.18114355078902253
81,Tarn,291194,50507,17.344794192188026,240687,82.65520580781197,4330,1.4869811877991992,1.799016980559814,2600,0.8928755400179949,1.0802411430613204,233757,80.27534907999478,97.12074187637887,52402,51755,48094,41052,15530,11440,7105,2721,1822,1397,439,17.99556309539345,17.773374451396666,16.51613700831748,14.097817949545663,5.333214283261331,3.928652376079177,2.4399541199337897,0.9344285939957554,0.6256997053510718,0.4797488959250534,0.15075860079534606,22.41729659432659,22.140513439169737,20.574357131551142,17.56182702550084,6.6436513131157575,4.893971089635818,3.039481170617351,1.1640293124911767,0.7794418990661243,0.5976291619074509,0.18780186261801787
82,Tarn-et-Garonne,183341,32623,17.79361953954653,150718,82.20638046045347,2559,1.395759813680519,1.6978728486312187,1358,0.7406962981548044,0.9010204487851484,146801,80.06992434861814,97.40110670258363,39183,30319,27841,25992,8567,7233,3660,1573,1337,830,266,21.371651730927617,16.53694481867122,15.185364975646474,14.17686169487458,4.672713686518564,3.945107750039544,1.9962801555571312,0.8579641215003736,0.729242231688493,0.45270834128754617,0.14508484190661117,26.691235073330567,20.653129065878296,18.965129665329254,17.705601460480512,5.835791309323506,4.927078153418574,2.493171027445317,1.0715185863856513,0.910756738714314,0.5653912439288561,0.18119767576515147
83,Var,794777,169107,21.277289101219587,625670,78.7227108987804,9858,1.2403479214924438,1.5755909664839294,3374,0.42452159536574413,0.5392619112311602,612438,77.05784138192222,97.8851471222849,186376,108597,94184,152316,21089,29177,6933,4655,5860,2274,977,23.450099839326,13.663832748053856,11.850368090671974,19.164621019480936,2.653448703221155,3.6710926461133124,0.8723201602462075,0.5856988815730703,0.7373137370608359,0.286117992845792,0.12292756332908476,30.43181513883854,17.73191735326678,15.378536276325114,24.87043586452833,3.443450602346686,4.764074077702559,1.1320329568054237,0.7600769384002952,0.9568315486628851,0.3713028910681571,0.15952635205522844
84,Vaucluse,402323,80602,20.0341516642101,321721,79.9658483357899,5606,1.39340778429272,1.7425035978378782,1887,0.4690261307456944,0.5865330519300884,314228,78.10341442075148,97.67096335023203,95930,58208,60852,59619,13553,14452,3989,2804,2890,1388,543,23.84402582005006,14.4679772222816,15.125160629643347,14.818690455181532,3.36868635399915,3.5921386547624667,0.9914919107284447,0.6969524486544394,0.7183283083492616,0.34499643321410906,0.13496618388707582,30.528788013798895,18.524128976412033,19.365556220324095,18.973165981389307,4.313110225695992,4.5992082182364395,1.2694603918174066,0.892345685298573,0.9197143475438216,0.44171747902796693,0.17280446045546546
85,Vendée,514442,82867,16.10813269523095,431575,83.89186730476905,8356,1.6242841758643347,1.9361640502809478,4389,0.8531574016118435,1.0169727162138678,418830,81.41442572729287,97.04686323350519,77590,109989,63156,106804,21356,24211,3810,5219,2705,3294,696,15.082361082493264,21.380252778738907,12.276602610206787,20.761135366085973,4.151294023427325,4.706264263026736,0.7406082707088457,1.014497261110096,0.5258124336659915,0.640305418297884,0.13529221953106474,18.52541603992073,26.26101282143113,15.079149058090394,25.50056108683714,5.0989661676575215,5.780626984695461,0.9096769572380201,1.2460902991667264,0.6458467636033712,0.7864766134231073,0.16617720793639423
86,Vienne,307014,62127,20.235885008501242,244887,79.76411499149876,4741,1.5442292533890962,1.9359949691082008,2398,0.7810718729439049,0.9792271537484637,237748,77.43881386516576,97.08477787714334,47024,59146,49061,42703,16861,11920,2861,3642,1896,2074,560,15.316565368354537,19.264919515070975,15.980053026897798,13.909137694046525,5.49193196401467,3.8825591015393437,0.9318793279785288,1.186265121460259,0.617561414137466,0.6755392262242113,0.18240210544144567,19.77892558507327,24.87760149401888,20.635715126941133,17.961454985951512,7.091962918720663,5.013711997577267,1.2033750021030671,1.5318740851658057,0.7974830492790685,0.8723522385046352,0.2355435166647038
87,Haute-Vienne,266322,50623,19.008193089568266,215699,80.99180691043173,4404,1.6536373262441708,2.0417340831436404,2880,1.0813977065356974,1.3351939508296284,208415,78.25677187765187,96.62307196602673,37937,55577,46549,32522,16136,9285,3518,3044,1557,1850,440,14.244786386404428,20.868347338935575,17.478465917197976,12.211533406928456,6.05883103911806,3.486381147633316,1.320957337358536,1.1429772981578692,0.5846306350958613,0.6946478323232778,0.1652135384985093,18.2026245711681,26.666506729362087,22.334764772209294,15.604443058321138,7.742245039944342,4.455053618981359,1.6879783125014993,1.4605474653935657,0.7470671496773265,0.8876520404001631,0.21111724204111987
88,Vosges,282612,56393,19.954212843049834,226219,80.04578715695017,4720,1.6701343184295077,2.0864737267868745,1997,0.706622507182993,0.8827728882189382,219502,77.66903033133767,97.03075338499418,63924,43604,36524,39579,10887,14323,2750,3229,2223,2004,455,22.6189970701881,15.428927292542427,12.923725814898166,14.004713175661331,3.852278034902976,5.068079203997,0.973065545695158,1.1425558716544237,0.7865908029383041,0.7090994012993078,0.1609981175604716,29.12228590172299,19.864967061803537,16.639483922697742,18.031270785687603,4.959863691447003,6.525225282685351,1.2528359650481544,1.4710572113238147,1.0127470364734719,0.9129757359841824,0.20728740512614918
89,Yonne,241918,52739,21.800362106168205,189179,78.19963789383179,3404,1.4070883522515893,1.7993540509253143,1222,0.505129837382915,0.6459490746858796,184553,76.28741970419729,97.5546968743888,52640,36234,30815,36739,8846,11668,1987,2128,1775,1380,341,21.759439148802485,14.977802395853141,12.737787184087171,15.186550814738878,3.656610917748989,4.823121884274837,0.8213526897543795,0.8796369017601006,0.733719690142941,0.5704412238857794,0.14095685314858755,28.522971720860674,19.633384447827996,16.69710056189821,19.907018580028502,4.7932030365260925,6.322303078248524,1.076655486499813,1.1530563036092611,0.9617833359522739,0.747752678092472,0.18477077045618331
90,Territoire de Belfort,95290,21638,22.707524399202434,73652,77.29247560079756,1439,1.5101269807954665,1.9537826535599847,639,0.6705845314303704,0.8675935480367133,71574,75.11176408857173,97.17862379840331,19249,14771,13672,12668,4189,3770,669,886,941,592,167,20.200440759785916,15.501101899464793,14.347780459649492,13.294154685696297,4.396054150487984,3.956343792633015,0.7020673732815615,0.9297932626718438,0.9875118060656942,0.6212614125301711,0.1752544863049638,26.893844133344512,20.637382289658255,19.101908514264956,17.69916450107581,5.852683935507307,5.267275826417414,0.9346969569955571,1.2378796769776734,1.3147232235169195,0.8271159918406126,0.23332495040098358
91,Essonne,795227,157440,19.798120536651798,637787,80.2018794633482,10240,1.2876826365301983,1.6055516967263366,4060,0.5105460453430278,0.6365761610067311,623487,78.40365078147498,97.75787214226693,102461,163389,136392,112478,42072,44793,4468,5755,7514,2924,1241,12.884497131007876,20.546208818362555,17.151329117346368,14.144137460121451,5.290564832431494,5.632731283017302,0.5618521503922779,0.7236927317608683,0.9448874346570225,0.36769375285295897,0.15605606952480236,16.433542319246435,26.20567870701394,21.875676638005285,18.040151598990835,6.747855207887253,7.184271684894792,0.7166147810619949,0.92303448187372,1.2051574451432026,0.4689752953950925,0.199041840487452
92,Hauts-de-Seine,986730,176715,17.90915447994892,810015,82.09084552005108,12689,1.2859647522625237,1.5665142003543144,2568,0.2602535648049618,0.31703116608951687,794758,80.54462720298359,98.11645463355617,60731,256687,145289,231553,57114,21359,4747,5033,8453,2447,1345,6.1547738489759105,26.013904512886,14.72429134616359,23.466703150811266,5.7882095406038125,2.1646245680175933,0.48108398447396955,0.5100686104608151,0.8566679841496662,0.24799083842591182,0.13630881801505984,7.641445572111259,32.29750439756505,18.28091066714648,29.135032299140118,7.186338482909263,2.687484743783642,0.5972887344323681,0.6332745313667809,1.063594201002066,0.3078924653793985,0.16923390516358439
93,Seine-Saint-Denis,766894,210952,27.507321741987813,555942,72.49267825801219,10148,1.3232597986162364,1.8253702724384917,4592,0.5987789707573667,0.8259854445247886,541202,70.57063948863859,97.34864428303672,73534,130103,184123,69063,45506,16601,3160,6050,8739,3235,1088,9.588548091392031,16.964926052361864,24.008924310269737,9.005547050831014,5.93380571500103,2.16470594371582,0.4120517307476652,0.7888965098175237,1.1395316693050148,0.4218314395470561,0.14187097564982903,13.587163388161908,24.039637695352198,34.02112335135495,12.76103931618878,8.408320737913016,3.067431384215136,0.5838854993144889,1.1178820477381828,1.6147390438320628,0.5977435412285985,0.20103399470068478
94,Val-de-Marne,785540,164068,20.886014715991546,621472,79.11398528400845,9925,1.263462077042544,1.5970148293084807,3760,0.4786516281793416,0.6050151897430616,607787,77.37187157878657,97.79796998094847,69878,172202,149112,122814,47228,26252,3957,5226,7303,2749,1066,8.895536828169158,21.921480764824196,18.98210148432925,15.634340708302569,6.01216997224839,3.341904931639382,0.5037299182727806,0.6652748427833083,0.9296789469664181,0.3499503526236729,0.13570282862744099,11.497119879168196,28.33262310645012,24.533594828451417,20.206750062110576,7.770485383859806,4.319276325423216,0.6510504502399689,0.8598407007718165,1.2015722613349742,0.4522966104901882,0.17539039169972376
95,Val-d'Oise,730497,167560,22.937808095036665,562937,77.06219190496333,10059,1.377007708450548,1.7868784606447967,4740,0.6488733013277262,0.8420125164982938,548138,75.03631089518505,97.3711090228569,94158,138752,131342,101131,37518,24790,3975,5040,7702,2752,978,12.889580655362035,18.994191625701408,17.979813743246037,13.84413625244183,5.1359553838003436,3.3935799873236987,0.5441500786450868,0.6899412317915063,1.0543506681067822,0.3767298154544098,0.13388145331192325,17.177790994238677,25.313333503606756,23.961484151801187,18.44991589709161,6.84462671808924,4.522583728914982,0.7251823445920553,0.9194764821997381,1.405120608313965,0.5020633490106505,0.17842222214113965
ZA,Guadeloupe,316345,189694,59.96427950497084,126651,40.03572049502916,5630,1.779702539948474,4.445286653875611,8779,2.7751347421327983,6.931646808947423,112242,35.48088321294789,88.62306653717697,15159,33930,27081,16305,11165,2042,650,2300,1312,1972,326,4.79192021369075,10.725631826012739,8.560590494554996,5.15418293319003,3.5293745752264143,0.6454977951287361,0.20547187406154674,0.7270543236023961,0.4147370750288451,0.6233700548451848,0.10305204760625267,13.505639600149678,30.229325920778315,24.127332014753836,14.526647778906293,9.947256820085174,1.8192833342242654,0.5791058605513087,2.049143814258477,1.1689029062204879,1.7569180877033554,0.29044386236881026
ZB,Martinique,310812,186855,60.11833519941315,123957,39.881664800586854,8152,2.6228073562153327,6.576474099889477,6541,2.1044876002213555,5.276829868422114,109264,35.15436984415016,88.1466960316884,11949,27893,29903,18400,10661,2338,870,3217,1407,2253,373,3.844446160379908,8.974235229013036,9.620928406882618,5.919977349651879,3.4300477459042766,0.7522232088851138,0.27991197251071387,1.035030822490766,0.45268522450870624,0.7248754874329176,0.12000823649022561,10.935898374579002,25.528078781666423,27.367659979499194,16.839947283643287,9.757102064723972,2.1397715624542393,0.7962366378679163,2.9442451310587203,1.2877068384829404,2.0619783277200177,0.3413750183042905
ZC,Guyane,92935,61010,65.6480335718513,31925,34.35196642814871,3831,4.122235971377845,12.0,1255,1.3504061978802389,3.9310884886452624,26839,28.87932425889062,84.06891151135474,6521,5031,6633,3935,1529,472,273,1405,480,462,98,7.016732124603217,5.41346102114381,7.137246462581374,4.234142142357562,1.6452359175768012,0.5078818529079464,0.2937536988217571,1.5118093291009846,0.5164900199063862,0.49712164415989674,0.10545004573088719,24.296732367077762,18.745109728380342,24.714035545288574,14.661500055888817,5.696933566824397,1.7586348224598531,1.0171764968888557,5.2349193338052835,1.7884421923320541,1.721375610119602,0.36514028093446105
ZD,La Réunion,639481,264229,41.319288610607664,375252,58.680711389392336,11468,1.7933292779613468,3.056079647810005,13304,2.0804371044644014,3.545350857557055,350480,54.806945006966586,93.39856949463294,82219,66292,85987,60508,26872,10123,1939,4377,6029,5190,944,12.85714509109731,10.366531609226858,13.446372918038222,9.462048129655143,4.202157687249504,1.5830024660623225,0.30321463812060095,0.684461305339799,0.9427957984678201,0.8115956533501386,0.14761971035886914,23.458970554667886,18.91463136270258,24.534067564482996,17.26432321387811,7.667199269573157,2.888324583428441,0.5532412691166401,1.248858708057521,1.7202122803013011,1.4808262953663547,0.26934489842501713
ZM,Mayotte,83047,46860,56.42587932134815,36187,43.574120678651845,925,1.1138271099497876,2.556166579158261,2132,2.56722097125724,5.89161853704369,33130,39.89307259744482,91.55221488379804,9008,6364,2789,10808,1434,1019,182,621,408,334,163,10.846869844786687,7.663130516454538,3.35833925367563,13.014317193878167,1.726733054776211,1.2270160270690091,0.2191530097414717,0.74776933543656,0.4912880657940684,0.40218189699808543,0.196274398834395,27.189858134621186,19.209175973437972,8.418351946875942,32.62300030184123,4.328403259885301,3.0757621491095684,0.5493510413522487,1.8744340476909145,1.2315122245698762,1.0081497132508301,0.4920012073649261
ZN,Nouvelle-Calédonie,189483,98257,51.855311558292826,91226,48.144688441707174,2969,1.5668951832090476,3.2545546225856663,1311,0.6918826491030858,1.4370903032030342,86946,45.88591060939503,95.3083550742113,25290,11089,7703,27065,8125,2521,695,1284,2098,836,240,13.346843780180809,5.852240042642348,4.065272346331861,14.283603278394368,4.287983618583198,1.330462363378245,0.366787521835732,0.6776333496936401,1.107223339296929,0.4412005298628373,0.1266604391950729,29.08701952936305,12.753893221079752,8.859522002162262,31.12851655050261,9.344880730568399,2.8995008396015916,0.7993467209532354,1.4767786902215168,2.4129919720286153,0.9615163434775608,0.276033400041405
ZP,Polynésie française,203940,124527,61.06060606060606,79413,38.93939393939394,1929,0.9458664313033246,2.4290733255260473,1862,0.9130136314602334,2.3447042675632455,75622,37.080513876630384,95.22622240691071,24604,11119,5952,26679,2203,1767,447,755,1206,689,201,12.064332646856919,5.452093753064627,2.9185054427772874,13.081788761400412,1.0802196724526822,0.8664313033245071,0.2191821123859959,0.37020692360498186,0.5913503971756399,0.3378444640580563,0.09855839952927331,32.53550554071566,14.70339319245722,7.870725450265796,35.27941604295046,2.9131734151437416,2.336621618047658,0.5910978286741952,0.9983867128613367,1.5947740075639365,0.9111105233926634,0.26579566792732273
ZS,Saint-Pierre-et-Miquelon,4966,2238,45.066451872734596,2728,54.93354812726541,70,1.409585179218687,2.565982404692082,26,0.5235602094240838,0.9530791788856305,2632,53.00040273862263,96.48093841642229,478,473,933,261,217,79,54,64,36,28,9,9.625453080950464,9.524768425291985,18.787756745871928,5.255739025372534,4.36971405557793,1.5908175594039466,1.0873942811115584,1.288763592428514,0.724929520741039,0.5638340716874748,0.18123238018525975,18.161094224924014,17.97112462006079,35.4483282674772,9.916413373860182,8.24468085106383,3.001519756838906,2.0516717325227964,2.43161094224924,1.3677811550151975,1.0638297872340425,0.34194528875379937
ZW,Wallis et Futuna,8464,3053,36.07041587901701,5411,63.92958412098299,35,0.41351606805293,0.646830530401035,28,0.33081285444234404,0.517464424320828,5348,63.18525519848771,98.83570504527813,380,1630,192,1526,1349,79,29,41,50,54,18,4.489603024574669,19.25803402646503,2.2684310018903595,18.02930056710775,15.938090737240076,0.9333648393194708,0.34262759924385633,0.4844045368620038,0.5907372400756143,0.6379962192816635,0.21266540642722118,7.105459985041136,30.478683620044876,3.590127150336574,28.534031413612563,25.224382946896036,1.4771877337322363,0.5422587883320867,0.7666417352281227,0.9349289454001496,1.0097232610321616,0.3365744203440539
ZX,Saint-Martin/Saint-Barthélemy,25385,17202,67.76442781169982,8183,32.235572188300175,211,0.8311995272798898,2.5785164365147257,107,0.4215087650187119,1.307588903825003,7865,30.98286389600158,96.113894659660275,1834,1572,1153,2518,247,216,68,92,112,35,18,7.224739019105771,6.192633444947804,4.542052393145559,9.919243647823519,0.97301556037029735,0.8508961985424464,0.26787472917077015,0.36241875123104195,0.44120543628126846,0.1378766988378964,0.07090801654520386,23.318499682136046,19.987285441830895,14.659885568976478,32.015257469802926,3.1404958677685952,2.7463445645263826,0.8645899554990464,1.1697393515575334,1.4240305149396058,0.44500953591862685,0.22886204704386523
ZZ,Français établis hors de France,1264113,704383,55.72152173104777,559730,44.27847826895222,3169,0.2506896139822943,0.5661658299537277,2442,0.19317893257960325,0.4362817787147375,554119,43.83460972239032,98.99755239133154,35926,223879,87692,145829,38092,8837,2530,3414,5578,1312,1030,2.841992764887316,17.710362918504913,6.937038065426113,11.536073120045439,3.0133382063154164,0.6990672511080892,0.2001403355554448,0.2700707927218532,0.441258020445957,0.10378818982163779,0.08148005755814552,6.48344489180122,40.40269328429453,15.825481530140637,26.31727119986862,6.874335657142239,1.5947837919291705,0.45658062618318446,0.6161131453713011,1.0066429774109893,0.2367722456728609,0.18588065018524902
