jour,age_class2,rea,hosp,dc
2020-03-18,50-70 ans,352,991,21
2020-03-18,moins de 50 ans,92,403,7
2020-03-18,plus de 70 ans,320,1511,188
2020-03-19,50-70 ans,514,1435,43
2020-03-19,moins de 50 ans,137,580,9
2020-03-19,plus de 70 ans,456,2345,314
2020-03-20,50-70 ans,604,1715,51
2020-03-20,moins de 50 ans,169,703,8
2020-03-20,plus de 70 ans,508,2693,385
2020-03-21,50-70 ans,694,2029,66
2020-03-21,moins de 50 ans,208,807,8
2020-03-21,plus de 70 ans,602,3213,480
2020-03-22,50-70 ans,809,2421,81
2020-03-22,moins de 50 ans,237,970,12
2020-03-22,plus de 70 ans,679,3725,573
2020-03-23,50-70 ans,1000,2941,111
2020-03-23,moins de 50 ans,294,1174,14
2020-03-23,plus de 70 ans,765,4429,725
2020-03-24,50-70 ans,1199,3488,150
2020-03-24,moins de 50 ans,348,1349,17
2020-03-24,plus de 70 ans,925,5201,920
2020-03-25,50-70 ans,1432,4156,185
2020-03-25,moins de 50 ans,399,1591,21
2020-03-25,plus de 70 ans,1067,6177,1167
2020-03-26,50-70 ans,1670,4806,227
2020-03-26,moins de 50 ans,445,1796,26
2020-03-26,plus de 70 ans,1191,7080,1425
2020-03-27,50-70 ans,1891,5488,268
2020-03-27,moins de 50 ans,496,2043,29
2020-03-27,plus de 70 ans,1326,7960,1677
2020-03-28,50-70 ans,2178,6214,320
2020-03-28,moins de 50 ans,543,2270,37
2020-03-28,plus de 70 ans,1460,8846,1934
2020-03-29,50-70 ans,2411,6973,361
2020-03-29,moins de 50 ans,583,2549,43
2020-03-29,plus de 70 ans,1540,9519,2177
2020-03-30,50-70 ans,2648,7615,426
2020-03-30,moins de 50 ans,640,2730,50
2020-03-30,plus de 70 ans,1683,10284,2510
2020-03-31,50-70 ans,2920,8314,512
2020-03-31,moins de 50 ans,700,2873,58
2020-03-31,plus de 70 ans,1800,11140,2906
2020-04-01,50-70 ans,3197,9034,599
2020-04-01,moins de 50 ans,767,3068,65
2020-04-01,plus de 70 ans,1910,12109,3319
2020-04-02,50-70 ans,3407,9581,688
2020-04-02,moins de 50 ans,833,3252,76
2020-04-02,plus de 70 ans,1997,12959,3691
2020-04-03,50-70 ans,3556,9934,797
2020-04-03,moins de 50 ans,856,3330,90
2020-04-03,plus de 70 ans,2076,13707,4155
2020-04-04,50-70 ans,3642,10000,890
2020-04-04,moins de 50 ans,886,3320,98
2020-04-04,plus de 70 ans,2126,14356,4492
2020-04-05,50-70 ans,3736,10230,950
2020-04-05,moins de 50 ans,908,3371,107
2020-04-05,plus de 70 ans,2143,14798,4779
2020-04-06,50-70 ans,3795,10462,1049
2020-04-06,moins de 50 ans,923,3473,120
2020-04-06,plus de 70 ans,2157,15312,5268
2020-04-07,50-70 ans,3830,10439,1146
2020-04-07,moins de 50 ans,912,3451,131
2020-04-07,plus de 70 ans,2191,15676,5756
2020-04-08,50-70 ans,3831,10369,1230
2020-04-08,moins de 50 ans,922,3412,141
2020-04-08,plus de 70 ans,2198,16134,6200
2020-04-09,50-70 ans,3777,10202,1293
2020-04-09,moins de 50 ans,903,3349,154
2020-04-09,plus de 70 ans,2188,16753,6535
2020-04-10,50-70 ans,3756,10172,1369
2020-04-10,moins de 50 ans,874,3320,167
2020-04-10,plus de 70 ans,2178,17322,6998
2020-04-11,50-70 ans,3691,10013,1437
2020-04-11,moins de 50 ans,858,3242,174
2020-04-11,plus de 70 ans,2137,17599,7265
2020-04-12,50-70 ans,3682,10045,1496
2020-04-12,moins de 50 ans,844,3249,192
2020-04-12,plus de 70 ans,2120,18072,7498
2020-04-13,50-70 ans,3665,10086,1554
2020-04-13,moins de 50 ans,850,3275,201
2020-04-13,plus de 70 ans,2109,18293,7770
2020-04-14,50-70 ans,3546,9874,1610
2020-04-14,moins de 50 ans,829,3211,197
2020-04-14,plus de 70 ans,2164,18774,8255
2020-04-15,50-70 ans,3379,9563,1689
2020-04-15,moins de 50 ans,801,3076,204
2020-04-15,plus de 70 ans,2095,18736,8679
2020-04-16,50-70 ans,3262,9255,1757
2020-04-16,moins de 50 ans,767,2973,216
2020-04-16,plus de 70 ans,2061,18722,9005
2020-04-17,50-70 ans,3135,9145,1831
2020-04-17,moins de 50 ans,742,2872,227
2020-04-17,plus de 70 ans,1996,18834,9338
2020-04-18,50-70 ans,3031,8790,1897
2020-04-18,moins de 50 ans,712,2746,230
2020-04-18,plus de 70 ans,1947,18786,9629
2020-04-19,50-70 ans,2970,8717,1940
2020-04-19,moins de 50 ans,706,2695,235
2020-04-19,plus de 70 ans,1939,18894,9808
2020-04-20,50-70 ans,2935,8631,2006
2020-04-20,moins de 50 ans,677,2666,241
2020-04-20,plus de 70 ans,1943,18983,10179
2020-04-21,50-70 ans,2796,8370,2065
2020-04-21,moins de 50 ans,643,2564,245
2020-04-21,plus de 70 ans,1868,18865,10502
2020-04-22,50-70 ans,2698,8160,2131
2020-04-22,moins de 50 ans,606,2486,246
2020-04-22,plus de 70 ans,1795,18803,10768
2020-04-23,50-70 ans,2587,7883,2177
2020-04-23,moins de 50 ans,585,2428,248
2020-04-23,plus de 70 ans,1766,18631,11028
2020-04-24,50-70 ans,2485,7649,2221
2020-04-24,moins de 50 ans,559,2363,254
2020-04-24,plus de 70 ans,1709,18379,11279
2020-04-25,50-70 ans,2417,7444,2263
2020-04-25,moins de 50 ans,547,2275,256
2020-04-25,plus de 70 ans,1636,18218,11431
2020-04-26,50-70 ans,2395,7411,2285
2020-04-26,moins de 50 ans,543,2266,260
2020-04-26,plus de 70 ans,1619,18252,11556
2020-04-27,50-70 ans,2363,7351,2328
2020-04-27,moins de 50 ans,542,2245,261
2020-04-27,plus de 70 ans,1582,18176,11806
2020-04-28,50-70 ans,2249,7097,2380
2020-04-28,moins de 50 ans,520,2169,266
2020-04-28,plus de 70 ans,1503,17942,12060
2020-04-29,50-70 ans,2152,6916,2422
2020-04-29,moins de 50 ans,501,2093,269
2020-04-29,plus de 70 ans,1444,17555,12258
2020-04-30,50-70 ans,2047,6731,2453
2020-04-30,moins de 50 ans,480,2001,272
2020-04-30,plus de 70 ans,1392,17286,12413
2020-05-01,50-70 ans,1982,6583,2471
2020-05-01,moins de 50 ans,464,1944,277
2020-05-01,plus de 70 ans,1346,17116,12507
2020-05-02,50-70 ans,1951,6557,2497
2020-05-02,moins de 50 ans,463,1938,281
2020-05-02,plus de 70 ans,1329,17092,12592
2020-05-03,50-70 ans,1936,6563,2511
2020-05-03,moins de 50 ans,465,1934,282
2020-05-03,plus de 70 ans,1332,17080,12673
2020-05-04,50-70 ans,1885,6497,2546
2020-05-04,moins de 50 ans,448,1897,287
2020-05-04,plus de 70 ans,1277,16917,12877
2020-05-05,50-70 ans,1732,6292,2587
2020-05-05,moins de 50 ans,423,1801,290
2020-05-05,plus de 70 ans,1193,16442,13067
2020-05-06,50-70 ans,1608,6128,2623
2020-05-06,moins de 50 ans,375,1726,294
2020-05-06,plus de 70 ans,1088,15901,13206
2020-05-07,50-70 ans,1494,5862,2656
2020-05-07,moins de 50 ans,346,1661,298
2020-05-07,plus de 70 ans,1048,15463,13316
2020-05-08,50-70 ans,1445,5731,2681
2020-05-08,moins de 50 ans,335,1639,299
2020-05-08,plus de 70 ans,1018,15126,13400
2020-05-09,50-70 ans,1410,5677,2701
2020-05-09,moins de 50 ans,321,1629,303
2020-05-09,plus de 70 ans,1011,15081,13454
2020-05-10,50-70 ans,1397,5664,2712
2020-05-10,moins de 50 ans,320,1626,303
2020-05-10,plus de 70 ans,989,15053,13511
2020-05-11,50-70 ans,1352,5550,2741
2020-05-11,moins de 50 ans,320,1581,307
2020-05-11,plus de 70 ans,974,14930,13657
2020-05-12,50-70 ans,1261,5365,2771
2020-05-12,moins de 50 ans,294,1525,308
2020-05-12,plus de 70 ans,927,14495,13808
2020-05-13,50-70 ans,1192,5251,2791
2020-05-13,moins de 50 ans,285,1505,313
2020-05-13,plus de 70 ans,895,14114,13879
2020-05-14,50-70 ans,1132,5112,2812
2020-05-14,moins de 50 ans,266,1476,316
2020-05-14,plus de 70 ans,847,13682,13978
2020-05-15,50-70 ans,1089,4996,2828
2020-05-15,moins de 50 ans,256,1427,316
2020-05-15,plus de 70 ans,807,13252,14078
2020-05-16,50-70 ans,1057,4901,2845
2020-05-16,moins de 50 ans,248,1376,318
2020-05-16,plus de 70 ans,775,12968,14129
2020-05-17,50-70 ans,1034,4884,2857
2020-05-17,moins de 50 ans,243,1366,319
2020-05-17,plus de 70 ans,759,12925,14170
2020-05-18,50-70 ans,991,4779,2889
2020-05-18,moins de 50 ans,224,1331,323
2020-05-18,plus de 70 ans,733,12725,14257
2020-05-19,50-70 ans,932,4632,2906
2020-05-19,moins de 50 ans,212,1263,324
2020-05-19,plus de 70 ans,700,12396,14363
2020-05-20,50-70 ans,880,4531,2920
2020-05-20,moins de 50 ans,207,1241,327
2020-05-20,plus de 70 ans,656,11994,14442
2020-05-21,50-70 ans,857,4454,2924
2020-05-21,moins de 50 ans,200,1217,328
2020-05-21,plus de 70 ans,641,11742,14494
2020-05-22,50-70 ans,826,4394,2945
2020-05-22,moins de 50 ans,200,1202,329
2020-05-22,plus de 70 ans,628,11620,14545
2020-05-23,50-70 ans,807,4324,2950
2020-05-23,moins de 50 ans,197,1176,329
2020-05-23,plus de 70 ans,614,11508,14583
2020-05-24,50-70 ans,806,4319,2960
2020-05-24,moins de 50 ans,195,1183,329
2020-05-24,plus de 70 ans,607,11511,14608
2020-05-25,50-70 ans,787,4231,2976
2020-05-25,moins de 50 ans,189,1173,331
2020-05-25,plus de 70 ans,586,11224,14678
2020-05-26,50-70 ans,757,4090,2993
2020-05-26,moins de 50 ans,178,1143,333
2020-05-26,plus de 70 ans,573,10863,14741
2020-05-27,50-70 ans,728,3967,3004
2020-05-27,moins de 50 ans,172,1099,334
2020-05-27,plus de 70 ans,556,10452,14793
2020-05-28,50-70 ans,694,3856,3016
2020-05-28,moins de 50 ans,165,1075,338
2020-05-28,plus de 70 ans,526,10119,14844
2020-05-29,50-70 ans,654,3725,3030
2020-05-29,moins de 50 ans,166,1049,339
2020-05-29,plus de 70 ans,500,9766,14890
2020-05-30,50-70 ans,637,3632,3035
2020-05-30,moins de 50 ans,161,1017,339
2020-05-30,plus de 70 ans,488,9577,14942
2020-05-31,50-70 ans,637,3626,3037
2020-05-31,moins de 50 ans,158,1012,340
2020-05-31,plus de 70 ans,485,9528,14970
2020-06-01,50-70 ans,628,3621,3042
2020-06-01,moins de 50 ans,155,1007,340
2020-06-01,plus de 70 ans,480,9502,14996
2020-06-02,50-70 ans,608,3531,3064
2020-06-02,moins de 50 ans,154,999,340
2020-06-02,plus de 70 ans,453,9345,15058
2020-06-03,50-70 ans,592,3434,3070
2020-06-03,moins de 50 ans,150,967,341
2020-06-03,plus de 70 ans,432,8964,15131
2020-06-04,50-70 ans,569,3369,3074
2020-06-04,moins de 50 ans,143,976,342
2020-06-04,plus de 70 ans,414,8611,15170
2020-06-05,50-70 ans,526,3274,3082
2020-06-05,moins de 50 ans,140,961,343
2020-06-05,plus de 70 ans,393,8316,15207
2020-06-06,50-70 ans,512,3239,3088
2020-06-06,moins de 50 ans,133,948,343
2020-06-06,plus de 70 ans,379,8150,15232
2020-06-07,50-70 ans,511,3233,3090
2020-06-07,moins de 50 ans,130,945,344
2020-06-07,plus de 70 ans,377,8140,15242
2020-06-08,50-70 ans,495,3180,3099
2020-06-08,moins de 50 ans,123,935,347
2020-06-08,plus de 70 ans,371,8057,15284
2020-06-09,50-70 ans,457,3076,3111
2020-06-09,moins de 50 ans,114,899,348
2020-06-09,plus de 70 ans,349,7848,15324
2020-06-10,50-70 ans,443,3030,3115
2020-06-10,moins de 50 ans,115,884,349
2020-06-10,plus de 70 ans,340,7628,15342
2020-06-11,50-70 ans,419,2963,3125
2020-06-11,moins de 50 ans,119,877,348
2020-06-11,plus de 70 ans,331,7491,15361
2020-06-12,50-70 ans,414,2881,3132
2020-06-12,moins de 50 ans,114,863,348
2020-06-12,plus de 70 ans,317,7248,15382
2020-06-13,50-70 ans,412,2820,3138
2020-06-13,moins de 50 ans,112,838,349
2020-06-13,plus de 70 ans,313,7122,15399
2020-06-14,50-70 ans,411,2814,3138
2020-06-14,moins de 50 ans,112,836,349
2020-06-14,plus de 70 ans,313,7102,15408
2020-06-15,50-70 ans,403,2780,3149
2020-06-15,moins de 50 ans,109,850,348
2020-06-15,plus de 70 ans,301,6994,15427
2020-06-16,50-70 ans,385,2736,3158
2020-06-16,moins de 50 ans,108,833,347
2020-06-16,plus de 70 ans,294,6835,15457
2020-06-17,50-70 ans,363,2682,3161
2020-06-17,moins de 50 ans,99,807,348
2020-06-17,plus de 70 ans,278,6648,15481
2020-06-18,50-70 ans,355,2646,3166
2020-06-18,moins de 50 ans,94,804,350
2020-06-18,plus de 70 ans,271,6545,15502
2020-06-19,50-70 ans,349,2620,3170
2020-06-19,moins de 50 ans,94,811,350
2020-06-19,plus de 70 ans,253,6408,15512
2020-06-20,50-70 ans,343,2586,3172
2020-06-20,moins de 50 ans,89,796,352
2020-06-20,plus de 70 ans,252,6326,15524
2020-06-21,50-70 ans,343,2577,3173
2020-06-21,moins de 50 ans,89,797,352
2020-06-21,plus de 70 ans,252,6322,15530
2020-06-22,50-70 ans,344,2549,3176
2020-06-22,moins de 50 ans,88,798,353
2020-06-22,plus de 70 ans,238,6217,15549
2020-06-23,50-70 ans,335,2501,3180
2020-06-23,moins de 50 ans,88,779,353
2020-06-23,plus de 70 ans,228,6082,15571
2020-06-24,50-70 ans,327,2444,3185
2020-06-24,moins de 50 ans,83,766,354
2020-06-24,plus de 70 ans,217,5966,15576
2020-06-25,50-70 ans,324,2404,3188
2020-06-25,moins de 50 ans,87,753,356
2020-06-25,plus de 70 ans,209,5861,15592
2020-06-26,50-70 ans,317,2350,3194
2020-06-26,moins de 50 ans,86,729,356
2020-06-26,plus de 70 ans,200,5685,15612
2020-06-27,50-70 ans,306,2315,3197
2020-06-27,moins de 50 ans,84,725,358
2020-06-27,plus de 70 ans,201,5599,15622
2020-06-28,50-70 ans,307,2321,3198
2020-06-28,moins de 50 ans,83,730,358
2020-06-28,plus de 70 ans,201,5600,15623
2020-06-29,50-70 ans,304,2290,3200
2020-06-29,moins de 50 ans,85,729,359
2020-06-29,plus de 70 ans,198,5548,15638
2020-06-30,50-70 ans,297,2256,3203
2020-06-30,moins de 50 ans,82,717,359
2020-06-30,plus de 70 ans,190,5441,15656
2020-07-01,50-70 ans,284,2203,3204
2020-07-01,moins de 50 ans,77,707,359
2020-07-01,plus de 70 ans,188,5311,15673
2020-07-02,50-70 ans,281,2142,3208
2020-07-02,moins de 50 ans,77,690,359
2020-07-02,plus de 70 ans,183,5203,15683
2020-07-03,50-70 ans,272,2116,3210
2020-07-03,moins de 50 ans,77,676,359
2020-07-03,plus de 70 ans,180,5086,15698
2020-07-04,50-70 ans,267,2093,3213
2020-07-04,moins de 50 ans,73,664,359
2020-07-04,plus de 70 ans,173,5038,15707
2020-07-05,50-70 ans,270,2096,3214
2020-07-05,moins de 50 ans,73,662,359
2020-07-05,plus de 70 ans,174,5036,15708
2020-07-06,50-70 ans,264,2069,3218
2020-07-06,moins de 50 ans,74,659,360
2020-07-06,plus de 70 ans,179,5010,15716
2020-07-07,50-70 ans,255,1998,3228
2020-07-07,moins de 50 ans,69,641,361
2020-07-07,plus de 70 ans,183,4844,15738
2020-07-08,50-70 ans,255,1910,3235
2020-07-08,moins de 50 ans,63,605,361
2020-07-08,plus de 70 ans,181,4676,15763
2020-07-09,50-70 ans,243,1883,3238
2020-07-09,moins de 50 ans,64,597,361
2020-07-09,plus de 70 ans,176,4592,15774
2020-07-10,50-70 ans,231,1849,3239
2020-07-10,moins de 50 ans,66,596,361
2020-07-10,plus de 70 ans,171,4514,15798
2020-07-11,50-70 ans,228,1835,3240
2020-07-11,moins de 50 ans,67,601,361
2020-07-11,plus de 70 ans,172,4498,15803
2020-07-12,50-70 ans,229,1831,3240
2020-07-12,moins de 50 ans,68,600,361
2020-07-12,plus de 70 ans,173,4498,15804
2020-07-13,50-70 ans,224,1815,3245
2020-07-13,moins de 50 ans,67,606,363
2020-07-13,plus de 70 ans,173,4457,15815
2020-07-14,50-70 ans,223,1807,3248
2020-07-14,moins de 50 ans,68,597,363
2020-07-14,plus de 70 ans,171,4440,15818
2020-07-15,50-70 ans,220,1793,3253
2020-07-15,moins de 50 ans,67,599,365
2020-07-15,plus de 70 ans,167,4418,15831
2020-07-16,50-70 ans,217,1765,3254
2020-07-16,moins de 50 ans,66,594,365
2020-07-16,plus de 70 ans,170,4333,15847
2020-07-17,50-70 ans,220,1737,3257
2020-07-17,moins de 50 ans,65,588,365
2020-07-17,plus de 70 ans,163,4260,15858
2020-07-18,50-70 ans,220,1737,3261
2020-07-18,moins de 50 ans,65,578,365
2020-07-18,plus de 70 ans,161,4238,15862
2020-07-19,50-70 ans,222,1725,3261
2020-07-19,moins de 50 ans,63,579,365
2020-07-19,plus de 70 ans,159,4219,15863
2020-07-20,50-70 ans,216,1712,3266
2020-07-20,moins de 50 ans,63,579,367
2020-07-20,plus de 70 ans,159,4198,15872
2020-07-21,50-70 ans,213,1688,3270
2020-07-21,moins de 50 ans,59,575,368
2020-07-21,plus de 70 ans,154,4118,15879
2020-07-22,50-70 ans,206,1662,3271
2020-07-22,moins de 50 ans,57,546,368
2020-07-22,plus de 70 ans,153,4057,15885
2020-07-23,50-70 ans,197,1593,3277
2020-07-23,moins de 50 ans,56,528,368
2020-07-23,plus de 70 ans,153,3738,15889
2020-07-24,50-70 ans,182,1525,3279
2020-07-24,moins de 50 ans,51,521,369
2020-07-24,plus de 70 ans,148,3579,15896
2020-07-25,50-70 ans,173,1510,3279
2020-07-25,moins de 50 ans,51,527,369
2020-07-25,plus de 70 ans,141,3545,15904
2020-07-26,50-70 ans,173,1507,3279
2020-07-26,moins de 50 ans,51,540,369
2020-07-26,plus de 70 ans,140,3541,15905
2020-07-27,50-70 ans,176,1503,3282
2020-07-27,moins de 50 ans,55,539,371
2020-07-27,plus de 70 ans,140,3519,15908
2020-07-28,50-70 ans,167,1477,3285
2020-07-28,moins de 50 ans,59,531,371
2020-07-28,plus de 70 ans,132,3449,15921
2020-07-29,50-70 ans,162,1449,3288
2020-07-29,moins de 50 ans,55,514,373
2020-07-29,plus de 70 ans,135,3392,15931
2020-07-30,50-70 ans,164,1418,3289
2020-07-30,moins de 50 ans,56,508,373
2020-07-30,plus de 70 ans,133,3355,15946
2020-07-31,50-70 ans,158,1400,3290
2020-07-31,moins de 50 ans,52,505,373
2020-07-31,plus de 70 ans,134,3302,15956
2020-08-01,50-70 ans,162,1375,3291
2020-08-01,moins de 50 ans,44,500,373
2020-08-01,plus de 70 ans,135,3252,15961
2020-08-02,50-70 ans,163,1381,3291
2020-08-02,moins de 50 ans,43,504,373
2020-08-02,plus de 70 ans,136,3252,15962
2020-08-03,50-70 ans,171,1389,3294
2020-08-03,moins de 50 ans,44,504,373
2020-08-03,plus de 70 ans,143,3214,15981
2020-08-04,50-70 ans,175,1387,3298
2020-08-04,moins de 50 ans,46,505,374
2020-08-04,plus de 70 ans,141,3178,15987
2020-08-05,50-70 ans,176,1392,3299
2020-08-05,moins de 50 ans,40,496,375
2020-08-05,plus de 70 ans,142,3168,15994
2020-08-06,50-70 ans,180,1376,3301
2020-08-06,moins de 50 ans,42,507,376
2020-08-06,plus de 70 ans,142,3086,15998
2020-08-07,50-70 ans,178,1369,3303
2020-08-07,moins de 50 ans,43,502,377
2020-08-07,plus de 70 ans,136,3049,16007
2020-08-08,50-70 ans,177,1369,3303
2020-08-08,moins de 50 ans,46,504,377
2020-08-08,plus de 70 ans,141,3057,16009
2020-08-09,50-70 ans,177,1373,3303
2020-08-09,moins de 50 ans,48,508,377
2020-08-09,plus de 70 ans,141,3060,16009
2020-08-10,50-70 ans,173,1371,3306
2020-08-10,moins de 50 ans,51,515,379
2020-08-10,plus de 70 ans,146,3069,16018
2020-08-11,50-70 ans,167,1361,3307
2020-08-11,moins de 50 ans,50,507,380
2020-08-11,plus de 70 ans,149,3054,16031
2020-08-12,50-70 ans,165,1347,3310
2020-08-12,moins de 50 ans,45,489,382
2020-08-12,plus de 70 ans,144,2967,16043
2020-08-13,50-70 ans,164,1347,3311
2020-08-13,moins de 50 ans,45,488,382
2020-08-13,plus de 70 ans,141,2941,16059
2020-08-14,50-70 ans,158,1328,3315
2020-08-14,moins de 50 ans,46,495,383
2020-08-14,plus de 70 ans,139,2916,16072
2020-08-15,50-70 ans,161,1336,3315
2020-08-15,moins de 50 ans,47,498,383
2020-08-15,plus de 70 ans,144,2932,16075
2020-08-16,50-70 ans,161,1334,3315
2020-08-16,moins de 50 ans,48,498,383
2020-08-16,plus de 70 ans,143,2937,16076
2020-08-17,50-70 ans,159,1326,3318
2020-08-17,moins de 50 ans,50,539,383
2020-08-17,plus de 70 ans,149,2969,16092
2020-08-18,50-70 ans,155,1299,3321
2020-08-18,moins de 50 ans,54,532,384
2020-08-18,plus de 70 ans,146,2901,16104
2020-08-19,50-70 ans,155,1317,3322
2020-08-19,moins de 50 ans,53,531,384
2020-08-19,plus de 70 ans,152,2883,16120
2020-08-20,50-70 ans,159,1318,3323
2020-08-20,moins de 50 ans,55,523,384
2020-08-20,plus de 70 ans,152,2830,16131
2020-08-21,50-70 ans,158,1321,3328
2020-08-21,moins de 50 ans,55,529,387
2020-08-21,plus de 70 ans,153,2822,16145
2020-08-22,50-70 ans,161,1307,3330
2020-08-22,moins de 50 ans,56,530,387
2020-08-22,plus de 70 ans,150,2795,16151
2020-08-23,50-70 ans,160,1309,3331
2020-08-23,moins de 50 ans,58,528,387
2020-08-23,plus de 70 ans,152,2793,16151
2020-08-24,50-70 ans,171,1307,3332
2020-08-24,moins de 50 ans,60,513,387
2020-08-24,plus de 70 ans,154,2788,16165
2020-08-25,50-70 ans,176,1292,3333
2020-08-25,moins de 50 ans,58,497,389
2020-08-25,plus de 70 ans,165,2734,16182
2020-08-26,50-70 ans,164,1265,3339
2020-08-26,moins de 50 ans,52,492,389
2020-08-26,plus de 70 ans,156,2731,16193
2020-08-27,50-70 ans,160,1272,3344
2020-08-27,moins de 50 ans,53,500,389
2020-08-27,plus de 70 ans,160,2698,16200
2020-08-28,50-70 ans,168,1284,3345
2020-08-28,moins de 50 ans,53,500,389
2020-08-28,plus de 70 ans,158,2685,16217
2020-08-29,50-70 ans,176,1290,3345
2020-08-29,moins de 50 ans,49,494,391
2020-08-29,plus de 70 ans,167,2678,16221
2020-08-30,50-70 ans,175,1291,3345
2020-08-30,moins de 50 ans,51,494,391
2020-08-30,plus de 70 ans,168,2682,16225
2020-08-31,50-70 ans,176,1301,3350
2020-08-31,moins de 50 ans,56,517,391
2020-08-31,plus de 70 ans,169,2697,16249
2020-09-01,50-70 ans,175,1304,3353
2020-09-01,moins de 50 ans,61,530,391
2020-09-01,plus de 70 ans,181,2707,16265
2020-09-02,50-70 ans,179,1303,3357
2020-09-02,moins de 50 ans,67,540,391
2020-09-02,plus de 70 ans,193,2724,16286
2020-09-03,50-70 ans,199,1322,3358
2020-09-03,moins de 50 ans,71,530,391
2020-09-03,plus de 70 ans,187,2728,16305
2020-09-04,50-70 ans,208,1341,3360
2020-09-04,moins de 50 ans,71,538,394
2020-09-04,plus de 70 ans,187,2729,16318
2020-09-05,50-70 ans,213,1344,3362
2020-09-05,moins de 50 ans,73,551,395
2020-09-05,plus de 70 ans,189,2729,16327
2020-09-06,50-70 ans,214,1350,3363
2020-09-06,moins de 50 ans,73,556,395
2020-09-06,plus de 70 ans,192,2748,16329
2020-09-07,50-70 ans,239,1407,3370
2020-09-07,moins de 50 ans,80,602,395
2020-09-07,plus de 70 ans,209,2836,16347
2020-09-08,50-70 ans,257,1420,3374
2020-09-08,moins de 50 ans,77,621,397
2020-09-08,plus de 70 ans,231,2856,16379
2020-09-09,50-70 ans,274,1455,3376
2020-09-09,moins de 50 ans,78,597,397
2020-09-09,plus de 70 ans,237,2889,16407
2020-09-10,50-70 ans,288,1487,3381
2020-09-10,moins de 50 ans,74,594,397
2020-09-10,plus de 70 ans,243,2954,16420
2020-09-11,50-70 ans,297,1514,3387
2020-09-11,moins de 50 ans,77,611,398
2020-09-11,plus de 70 ans,252,2974,16451
2020-09-12,50-70 ans,303,1514,3388
2020-09-12,moins de 50 ans,81,610,398
2020-09-12,plus de 70 ans,267,3015,16467
2020-09-13,50-70 ans,307,1536,3388
2020-09-13,moins de 50 ans,82,616,398
2020-09-13,plus de 70 ans,269,3038,16473
2020-09-14,50-70 ans,328,1603,3389
2020-09-14,moins de 50 ans,88,646,398
2020-09-14,plus de 70 ans,286,3190,16506
2020-09-15,50-70 ans,345,1637,3395
2020-09-15,moins de 50 ans,93,663,398
2020-09-15,plus de 70 ans,310,3320,16535
2020-09-16,50-70 ans,372,1686,3400
2020-09-16,moins de 50 ans,89,655,398
2020-09-16,plus de 70 ans,331,3420,16576
2020-09-17,50-70 ans,363,1690,3403
2020-09-17,moins de 50 ans,85,648,399
2020-09-17,plus de 70 ans,340,3442,16622
2020-09-18,50-70 ans,367,1678,3413
2020-09-18,moins de 50 ans,83,664,399
2020-09-18,plus de 70 ans,365,3414,16734
2020-09-19,50-70 ans,371,1620,3415
2020-09-19,moins de 50 ans,76,651,399
2020-09-19,plus de 70 ans,376,3188,16757
2020-09-20,50-70 ans,377,1604,3417
2020-09-20,moins de 50 ans,73,646,400
2020-09-20,plus de 70 ans,379,3072,16765
2020-09-21,50-70 ans,413,1687,3423
2020-09-21,moins de 50 ans,81,653,400
2020-09-21,plus de 70 ans,411,3222,16812
2020-09-22,50-70 ans,422,1739,3431
2020-09-22,moins de 50 ans,87,668,400
2020-09-22,plus de 70 ans,426,3324,16871
2020-09-23,50-70 ans,433,1759,3436
2020-09-23,moins de 50 ans,95,666,401
2020-09-23,plus de 70 ans,459,3448,16908
2020-09-24,50-70 ans,443,1786,3446
2020-09-24,moins de 50 ans,110,679,401
2020-09-24,plus de 70 ans,481,3504,16949
2020-09-25,50-70 ans,455,1820,3450
2020-09-25,moins de 50 ans,122,691,401
2020-09-25,plus de 70 ans,507,3555,17000
2020-09-26,50-70 ans,462,1818,3458
2020-09-26,moins de 50 ans,122,686,401
2020-09-26,plus de 70 ans,513,3605,17031
2020-09-27,50-70 ans,472,1829,3462
2020-09-27,moins de 50 ans,119,701,402
2020-09-27,plus de 70 ans,512,3661,17053
2020-09-28,50-70 ans,489,1888,3470
2020-09-28,moins de 50 ans,121,720,403
2020-09-28,plus de 70 ans,537,3745,17124
2020-09-29,50-70 ans,500,1918,3475
2020-09-29,moins de 50 ans,123,696,405
2020-09-29,plus de 70 ans,563,3825,17176
2020-09-30,50-70 ans,522,1935,3484
2020-09-30,moins de 50 ans,123,688,405
2020-09-30,plus de 70 ans,579,3906,17230
2020-10-01,50-70 ans,525,1921,3487
2020-10-01,moins de 50 ans,131,704,406
2020-10-01,plus de 70 ans,595,3966,17289
2020-10-02,50-70 ans,537,1961,3493
2020-10-02,moins de 50 ans,125,728,407
2020-10-02,plus de 70 ans,601,4011,17329
2020-10-03,50-70 ans,548,1938,3495
2020-10-03,moins de 50 ans,123,708,407
2020-10-03,plus de 70 ans,610,4046,17370
2020-10-04,50-70 ans,564,1989,3498
2020-10-04,moins de 50 ans,135,735,407
2020-10-04,plus de 70 ans,625,4185,17397
2020-10-05,50-70 ans,592,2076,3512
2020-10-05,moins de 50 ans,144,753,408
2020-10-05,plus de 70 ans,661,4395,17451
2020-10-06,50-70 ans,599,2080,3520
2020-10-06,moins de 50 ans,145,749,411
2020-10-06,plus de 70 ans,663,4503,17501
2020-10-07,50-70 ans,598,2130,3532
2020-10-07,moins de 50 ans,137,729,411
2020-10-07,plus de 70 ans,659,4606,17569
2020-10-08,50-70 ans,606,2130,3543
2020-10-08,moins de 50 ans,134,729,411
2020-10-08,plus de 70 ans,668,4694,17633
2020-10-09,50-70 ans,611,2163,3547
2020-10-09,moins de 50 ans,142,766,413
2020-10-09,plus de 70 ans,677,4867,17690
2020-10-10,50-70 ans,617,2175,3556
2020-10-10,moins de 50 ans,147,761,413
2020-10-10,plus de 70 ans,683,4985,17735
2020-10-11,50-70 ans,632,2243,3557
2020-10-11,moins de 50 ans,152,772,415
2020-10-11,plus de 70 ans,688,5155,17778
2020-10-12,50-70 ans,652,2359,3568
2020-10-12,moins de 50 ans,153,817,417
2020-10-12,plus de 70 ans,724,5442,17859
2020-10-13,50-70 ans,700,2375,3578
2020-10-13,moins de 50 ans,156,832,418
2020-10-13,plus de 70 ans,766,5666,17932
2020-10-14,50-70 ans,687,2393,3592
2020-10-14,moins de 50 ans,160,843,419
2020-10-14,plus de 70 ans,806,5877,18020
2020-10-15,50-70 ans,702,2463,3602
2020-10-15,moins de 50 ans,171,853,421
2020-10-15,plus de 70 ans,860,6212,18095
2020-10-16,50-70 ans,724,2576,3620
2020-10-16,moins de 50 ans,165,869,423
2020-10-16,plus de 70 ans,895,6518,18197
2020-10-17,50-70 ans,759,2657,3628
2020-10-17,moins de 50 ans,172,905,423
2020-10-17,plus de 70 ans,929,6773,18277
2020-10-18,50-70 ans,788,2793,3637
2020-10-18,moins de 50 ans,172,928,424
2020-10-18,plus de 70 ans,971,7104,18352
2020-10-19,50-70 ans,851,2968,3654
2020-10-19,moins de 50 ans,185,974,427
2020-10-19,plus de 70 ans,1044,7632,18476
2020-10-20,50-70 ans,894,3153,3672
2020-10-20,moins de 50 ans,182,1018,430
2020-10-20,plus de 70 ans,1080,8196,18617
2020-10-21,50-70 ans,938,3328,3690
2020-10-21,moins de 50 ans,182,1090,435
2020-10-21,plus de 70 ans,1108,8678,18757
2020-10-22,50-70 ans,994,3466,3710
2020-10-22,moins de 50 ans,194,1155,436
2020-10-22,plus de 70 ans,1109,9315,18898
2020-10-23,50-70 ans,1042,3724,3732
2020-10-23,moins de 50 ans,210,1249,437
2020-10-23,plus de 70 ans,1168,9934,19059
2020-10-24,50-70 ans,1059,3809,3750
2020-10-24,moins de 50 ans,215,1243,440
2020-10-24,plus de 70 ans,1206,10488,19174
2020-10-25,50-70 ans,1091,4005,3765
2020-10-25,moins de 50 ans,228,1315,441
2020-10-25,plus de 70 ans,1242,11011,19273
2020-10-26,50-70 ans,1179,4352,3788
2020-10-26,moins de 50 ans,247,1418,443
2020-10-26,plus de 70 ans,1324,11881,19505
2020-10-27,50-70 ans,1275,4675,3814
2020-10-27,moins de 50 ans,257,1471,446
2020-10-27,plus de 70 ans,1369,12703,19761
2020-10-28,50-70 ans,1318,4966,3842
2020-10-28,moins de 50 ans,254,1583,447
2020-10-28,plus de 70 ans,1455,13522,19975
2020-10-29,50-70 ans,1359,5159,3872
2020-10-29,moins de 50 ans,258,1641,448
2020-10-29,plus de 70 ans,1517,14226,20178
2020-10-30,50-70 ans,1467,5412,3893
2020-10-30,moins de 50 ans,283,1688,450
2020-10-30,plus de 70 ans,1595,14890,20407
2020-10-31,50-70 ans,1501,5620,3911
2020-10-31,moins de 50 ans,279,1720,454
2020-10-31,plus de 70 ans,1635,15502,20603
2020-11-01,50-70 ans,1568,5931,3933
2020-11-01,moins de 50 ans,294,1793,457
2020-11-01,plus de 70 ans,1676,16094,20811
2020-11-02,50-70 ans,1652,6219,3976
2020-11-02,moins de 50 ans,300,1869,461
2020-11-02,plus de 70 ans,1741,16841,21178
2020-11-03,50-70 ans,1717,6511,4015
2020-11-03,moins de 50 ans,316,1910,463
2020-11-03,plus de 70 ans,1805,17613,21558
2020-11-04,50-70 ans,1820,6784,4047
2020-11-04,moins de 50 ans,332,1954,466
2020-11-04,plus de 70 ans,1893,18557,21905
2020-11-05,50-70 ans,1892,7006,4077
2020-11-05,moins de 50 ans,346,2019,471
2020-11-05,plus de 70 ans,1946,19169,22231
2020-11-06,50-70 ans,1934,7005,4116
2020-11-06,moins de 50 ans,355,2004,471
2020-11-06,plus de 70 ans,1999,19733,22587
2020-11-07,50-70 ans,1972,7062,4153
2020-11-07,moins de 50 ans,356,2008,475
2020-11-07,plus de 70 ans,2049,20109,22848
2020-11-08,50-70 ans,2020,7298,4174
2020-11-08,moins de 50 ans,366,2059,478
2020-11-08,plus de 70 ans,2108,20639,23092
2020-11-09,50-70 ans,2074,7538,4234
2020-11-09,moins de 50 ans,381,2083,480
2020-11-09,plus de 70 ans,2187,21256,23577
2020-11-10,50-70 ans,2118,7614,4279
2020-11-10,moins de 50 ans,365,2070,481
2020-11-10,plus de 70 ans,2220,21583,24001
2020-11-11,50-70 ans,2134,7641,4327
2020-11-11,moins de 50 ans,347,2081,483
2020-11-11,plus de 70 ans,2272,21965,24278
2020-11-12,50-70 ans,2253,8104,4550
2020-11-12,moins de 50 ans,365,2151,513
2020-11-12,plus de 70 ans,2229,22136,24446
2020-11-13,50-70 ans,2239,8012,4588
2020-11-13,moins de 50 ans,360,2110,518
2020-11-13,plus de 70 ans,2256,22310,24857
2020-11-14,50-70 ans,2206,7884,4636
2020-11-14,moins de 50 ans,359,2029,520
2020-11-14,plus de 70 ans,2259,22304,25160
2020-11-15,50-70 ans,2209,7977,4669
2020-11-15,moins de 50 ans,374,2069,523
2020-11-15,plus de 70 ans,2267,22743,25424
2020-11-16,50-70 ans,2227,8027,4726
2020-11-16,moins de 50 ans,377,2094,528
2020-11-16,plus de 70 ans,2270,23090,25866
2020-11-17,50-70 ans,2185,7837,4782
2020-11-17,moins de 50 ans,362,2021,533
2020-11-17,plus de 70 ans,2260,23028,26231
2020-11-18,50-70 ans,2131,7661,4823
2020-11-18,moins de 50 ans,347,1965,534
2020-11-18,plus de 70 ans,2250,22931,26609
2020-11-19,50-70 ans,2051,7490,4872
2020-11-19,moins de 50 ans,343,1884,537
2020-11-19,plus de 70 ans,2209,22682,26981
2020-11-20,50-70 ans,2020,7318,4913
2020-11-20,moins de 50 ans,328,1839,542
2020-11-20,plus de 70 ans,2184,22474,27315
2020-11-21,50-70 ans,2006,7077,4948
2020-11-21,moins de 50 ans,312,1783,543
2020-11-21,plus de 70 ans,2144,22268,27532
2020-11-22,50-70 ans,2002,7087,4973
2020-11-22,moins de 50 ans,318,1802,545
2020-11-22,plus de 70 ans,2141,22386,27718
2020-11-23,50-70 ans,1972,7035,5009
2020-11-23,moins de 50 ans,321,1800,546
2020-11-23,plus de 70 ans,2112,22367,28177
2020-11-24,50-70 ans,1888,6787,5095
2020-11-24,moins de 50 ans,303,1734,553
2020-11-24,plus de 70 ans,2052,21851,28538
2020-11-25,50-70 ans,1829,6585,5111
2020-11-25,moins de 50 ans,287,1669,556
2020-11-25,plus de 70 ans,1989,21477,28899
2020-11-26,50-70 ans,1767,6371,5160
2020-11-26,moins de 50 ans,281,1623,559
2020-11-26,plus de 70 ans,1927,21078,29186
2020-11-27,50-70 ans,1700,6191,5239
2020-11-27,moins de 50 ans,284,1586,565
2020-11-27,plus de 70 ans,1859,20651,29491
2020-11-28,50-70 ans,1667,6073,5269
2020-11-28,moins de 50 ans,273,1506,568
2020-11-28,plus de 70 ans,1796,20365,29669
2020-11-29,50-70 ans,1664,6098,5293
2020-11-29,moins de 50 ans,278,1495,570
2020-11-29,plus de 70 ans,1772,20483,29840
2020-11-30,50-70 ans,1641,6060,5345
2020-11-30,moins de 50 ans,279,1520,571
2020-11-30,plus de 70 ans,1792,20435,30192
2020-12-01,50-70 ans,1586,5917,5390
2020-12-01,moins de 50 ans,264,1460,579
2020-12-01,plus de 70 ans,1716,20019,30502
2020-12-02,50-70 ans,1534,5730,5433
2020-12-02,moins de 50 ans,266,1427,580
2020-12-02,plus de 70 ans,1650,19614,30767
2020-12-03,50-70 ans,1529,5609,5475
2020-12-03,moins de 50 ans,266,1395,583
2020-12-03,plus de 70 ans,1592,19454,31042
2020-12-04,50-70 ans,1468,5475,5484
2020-12-04,moins de 50 ans,260,1376,582
2020-12-04,plus de 70 ans,1530,19216,31313
2020-12-05,50-70 ans,1439,5396,5539
2020-12-05,moins de 50 ans,260,1350,586
2020-12-05,plus de 70 ans,1497,19081,31463
2020-12-06,50-70 ans,1445,5470,5558
2020-12-06,moins de 50 ans,266,1362,587
2020-12-06,plus de 70 ans,1475,19208,31616
2020-12-07,50-70 ans,1451,5540,5595
2020-12-07,moins de 50 ans,267,1349,596
2020-12-07,plus de 70 ans,1444,19226,31935
2020-12-08,50-70 ans,1415,5438,5639
2020-12-08,moins de 50 ans,250,1304,600
2020-12-08,plus de 70 ans,1384,18927,32260
2020-12-09,50-70 ans,1400,5384,5669
2020-12-09,moins de 50 ans,239,1270,604
2020-12-09,plus de 70 ans,1362,18665,32520
2020-12-10,50-70 ans,1351,5256,5686
2020-12-10,moins de 50 ans,224,1257,604
2020-12-10,plus de 70 ans,1346,18481,32795
2020-12-11,50-70 ans,1308,5175,5725
2020-12-11,moins de 50 ans,217,1234,605
2020-12-11,plus de 70 ans,1325,18340,33056
2020-12-12,50-70 ans,1297,5168,5752
2020-12-12,moins de 50 ans,211,1242,609
2020-12-12,plus de 70 ans,1318,18332,33218
2020-12-13,50-70 ans,1303,5199,5767
2020-12-13,moins de 50 ans,218,1278,609
2020-12-13,plus de 70 ans,1315,18516,33353
2020-12-14,50-70 ans,1310,5264,5802
2020-12-14,moins de 50 ans,226,1284,611
2020-12-14,plus de 70 ans,1334,18693,33685
2020-12-15,50-70 ans,1280,5215,5833
2020-12-15,moins de 50 ans,226,1240,613
2020-12-15,plus de 70 ans,1338,18548,33960
2020-12-16,50-70 ans,1275,5257,5864
2020-12-16,moins de 50 ans,222,1263,614
2020-12-16,plus de 70 ans,1318,18566,34213
2020-12-17,50-70 ans,1254,5205,5902
2020-12-17,moins de 50 ans,205,1237,620
2020-12-17,plus de 70 ans,1314,18516,34426
2020-12-18,50-70 ans,1223,5195,5941
2020-12-18,moins de 50 ans,205,1232,621
2020-12-18,plus de 70 ans,1311,18324,34640
2020-12-19,50-70 ans,1201,5177,5962
2020-12-19,moins de 50 ans,194,1236,624
2020-12-19,plus de 70 ans,1301,18210,34803
2020-12-20,50-70 ans,1212,5213,5984
2020-12-20,moins de 50 ans,201,1242,625
2020-12-20,plus de 70 ans,1308,18310,34910
2020-12-21,50-70 ans,1210,5293,6020
2020-12-21,moins de 50 ans,216,1277,627
2020-12-21,plus de 70 ans,1286,18429,35222
2020-12-22,50-70 ans,1188,5213,6069
2020-12-22,moins de 50 ans,214,1264,631
2020-12-22,plus de 70 ans,1290,18250,35544
2020-12-23,50-70 ans,1173,5162,6095
2020-12-23,moins de 50 ans,226,1267,633
2020-12-23,plus de 70 ans,1275,18211,35791
2020-12-24,50-70 ans,1161,5079,6131
2020-12-24,moins de 50 ans,216,1244,635
2020-12-24,plus de 70 ans,1241,18076,36037
2020-12-25,50-70 ans,1159,5022,6150
2020-12-25,moins de 50 ans,216,1201,636
2020-12-25,plus de 70 ans,1218,17949,36174
2020-12-26,50-70 ans,1166,5019,6166
2020-12-26,moins de 50 ans,221,1203,637
2020-12-26,plus de 70 ans,1230,18034,36301
2020-12-27,50-70 ans,1171,5045,6186
2020-12-27,moins de 50 ans,222,1232,638
2020-12-27,plus de 70 ans,1233,18150,36451
2020-12-28,50-70 ans,1190,5051,6221
2020-12-28,moins de 50 ans,224,1234,642
2020-12-28,plus de 70 ans,1259,18170,36773
2020-12-29,50-70 ans,1164,5095,6268
2020-12-29,moins de 50 ans,212,1250,646
2020-12-29,plus de 70 ans,1267,18219,37102
2020-12-30,50-70 ans,1166,5060,6306
2020-12-30,moins de 50 ans,201,1250,648
2020-12-30,plus de 70 ans,1261,18081,37366
2020-12-31,50-70 ans,1155,5038,6329
2020-12-31,moins de 50 ans,195,1235,648
2020-12-31,plus de 70 ans,1252,17961,37591
2021-01-01,50-70 ans,1138,4986,6346
2021-01-01,moins de 50 ans,195,1216,649
2021-01-01,plus de 70 ans,1254,17890,37706
2021-01-02,50-70 ans,1156,5027,6363
2021-01-02,moins de 50 ans,200,1236,650
2021-01-02,plus de 70 ans,1252,18016,37844
2021-01-03,50-70 ans,1169,5097,6380
2021-01-03,moins de 50 ans,204,1244,651
2021-01-03,plus de 70 ans,1268,18251,37942
2021-01-04,50-70 ans,1173,5152,6422
2021-01-04,moins de 50 ans,189,1248,656
2021-01-04,plus de 70 ans,1272,18381,38268
2021-01-05,50-70 ans,1146,5080,6470
2021-01-05,moins de 50 ans,179,1208,656
2021-01-05,plus de 70 ans,1270,18401,38563
2021-01-06,50-70 ans,1140,5029,6496
2021-01-06,moins de 50 ans,177,1190,657
2021-01-06,plus de 70 ans,1268,18303,38820
2021-01-07,50-70 ans,1116,4998,6526
2021-01-07,moins de 50 ans,181,1207,661
2021-01-07,plus de 70 ans,1254,18096,39062
2021-01-08,50-70 ans,1124,4995,6554
2021-01-08,moins de 50 ans,188,1225,663
2021-01-08,plus de 70 ans,1267,17965,39308
2021-01-09,50-70 ans,1133,4953,6576
2021-01-09,moins de 50 ans,191,1224,663
2021-01-09,plus de 70 ans,1248,17859,39454
2021-01-10,50-70 ans,1137,5003,6599
2021-01-10,moins de 50 ans,196,1253,665
2021-01-10,plus de 70 ans,1257,18059,39580
2021-01-11,50-70 ans,1165,5096,6626
2021-01-11,moins de 50 ans,205,1273,665
2021-01-11,plus de 70 ans,1269,18232,39863
2021-01-12,50-70 ans,1189,5092,6660
2021-01-12,moins de 50 ans,193,1252,668
2021-01-12,plus de 70 ans,1268,18138,40179
2021-01-13,50-70 ans,1200,5093,6686
2021-01-13,moins de 50 ans,190,1280,670
2021-01-13,plus de 70 ans,1284,18151,40378
2021-01-14,50-70 ans,1206,5159,6711
2021-01-14,moins de 50 ans,198,1296,673
2021-01-14,plus de 70 ans,1285,18311,40631
2021-01-15,50-70 ans,1213,5148,6744
2021-01-15,moins de 50 ans,188,1312,675
2021-01-15,plus de 70 ans,1302,18333,40874
2021-01-16,50-70 ans,1220,5179,6764
2021-01-16,moins de 50 ans,188,1299,678
2021-01-16,plus de 70 ans,1298,18306,41041
2021-01-17,50-70 ans,1235,5244,6787
2021-01-17,moins de 50 ans,196,1313,679
2021-01-17,plus de 70 ans,1310,18465,41160
2021-01-18,50-70 ans,1244,5327,6831
2021-01-18,moins de 50 ans,209,1334,682
2021-01-18,plus de 70 ans,1325,18714,41516
2021-01-19,50-70 ans,1248,5306,6879
2021-01-19,moins de 50 ans,210,1343,684
2021-01-19,plus de 70 ans,1342,18664,41830
2021-01-20,50-70 ans,1260,5355,6913
2021-01-20,moins de 50 ans,221,1324,685
2021-01-20,plus de 70 ans,1327,18752,42104
2021-01-21,50-70 ans,1280,5400,6950
2021-01-21,moins de 50 ans,233,1340,687
2021-01-21,plus de 70 ans,1324,18742,42413
2021-01-22,50-70 ans,1289,5457,6984
2021-01-22,moins de 50 ans,242,1339,691
2021-01-22,plus de 70 ans,1341,18850,42690
2021-01-23,50-70 ans,1277,5453,7009
2021-01-23,moins de 50 ans,236,1337,693
2021-01-23,plus de 70 ans,1342,18853,42892
2021-01-24,50-70 ans,1301,5591,7029
2021-01-24,moins de 50 ans,237,1370,697
2021-01-24,plus de 70 ans,1386,19168,43039
2021-01-25,50-70 ans,1327,5761,7072
2021-01-25,moins de 50 ans,241,1416,700
2021-01-25,plus de 70 ans,1429,19471,43434
2021-01-26,50-70 ans,1333,5833,7116
2021-01-26,moins de 50 ans,242,1407,702
2021-01-26,plus de 70 ans,1462,19531,43735
2021-01-27,50-70 ans,1364,5886,7144
2021-01-27,moins de 50 ans,238,1429,708
2021-01-27,plus de 70 ans,1460,19580,44050
2021-01-28,50-70 ans,1369,5893,7179
2021-01-28,moins de 50 ans,249,1404,709
2021-01-28,plus de 70 ans,1452,19605,44357
2021-01-29,50-70 ans,1365,5937,7222
2021-01-29,moins de 50 ans,252,1419,711
2021-01-29,plus de 70 ans,1473,19687,44665
2021-01-30,50-70 ans,1369,5910,7250
2021-01-30,moins de 50 ans,246,1412,715
2021-01-30,plus de 70 ans,1455,19697,44874
2021-01-31,50-70 ans,1388,6002,7275
2021-01-31,moins de 50 ans,242,1442,717
2021-01-31,plus de 70 ans,1486,19904,45041
2021-02-01,50-70 ans,1434,6087,7320
2021-02-01,moins de 50 ans,259,1481,719
2021-02-01,plus de 70 ans,1493,20079,45445
2021-02-02,50-70 ans,1470,6132,7356
2021-02-02,moins de 50 ans,262,1520,723
2021-02-02,plus de 70 ans,1508,20152,45805
2021-02-03,50-70 ans,1458,6153,7398
2021-02-03,moins de 50 ans,251,1509,727
2021-02-03,plus de 70 ans,1526,20077,46115
2021-02-04,50-70 ans,1459,6112,7442
2021-02-04,moins de 50 ans,257,1490,729
2021-02-04,plus de 70 ans,1490,19951,46425
2021-02-05,50-70 ans,1470,6080,7471
2021-02-05,moins de 50 ans,261,1504,732
2021-02-05,plus de 70 ans,1473,19777,46684
2021-02-06,50-70 ans,1453,6000,7498
2021-02-06,moins de 50 ans,256,1484,736
2021-02-06,plus de 70 ans,1473,19623,46843
2021-02-07,50-70 ans,1481,6103,7516
2021-02-07,moins de 50 ans,262,1532,736
2021-02-07,plus de 70 ans,1487,19785,46996
2021-02-08,50-70 ans,1508,6239,7557
2021-02-08,moins de 50 ans,287,1565,742
2021-02-08,plus de 70 ans,1524,19974,47403
2021-02-09,50-70 ans,1505,6183,7616
2021-02-09,moins de 50 ans,284,1545,746
2021-02-09,plus de 70 ans,1512,19688,47775
2021-02-10,50-70 ans,1514,6128,7664
2021-02-10,moins de 50 ans,274,1545,749
2021-02-10,plus de 70 ans,1494,19537,48017
2021-02-11,50-70 ans,1519,6036,7716
2021-02-11,moins de 50 ans,287,1522,753
2021-02-11,plus de 70 ans,1493,19200,48319
2021-02-12,50-70 ans,1506,5982,7750
2021-02-12,moins de 50 ans,279,1482,755
2021-02-12,plus de 70 ans,1486,18764,48602
2021-02-13,50-70 ans,1490,5912,7776
2021-02-13,moins de 50 ans,278,1458,760
2021-02-13,plus de 70 ans,1499,18626,48767
2021-02-14,50-70 ans,1486,5992,7800
2021-02-14,moins de 50 ans,285,1494,761
2021-02-14,plus de 70 ans,1502,18706,48909
2021-02-15,50-70 ans,1538,6036,7860
2021-02-15,moins de 50 ans,296,1543,762
2021-02-15,plus de 70 ans,1513,18703,49256
2021-02-16,50-70 ans,1551,5987,7912
2021-02-16,moins de 50 ans,291,1515,765
2021-02-16,plus de 70 ans,1469,18495,49552
2021-02-17,50-70 ans,1553,5942,7952
2021-02-17,moins de 50 ans,291,1500,768
2021-02-17,plus de 70 ans,1468,18294,49819
2021-02-18,50-70 ans,1587,5925,7992
2021-02-18,moins de 50 ans,296,1510,769
2021-02-18,plus de 70 ans,1469,18095,50048
2021-02-19,50-70 ans,1588,5878,8046
2021-02-19,moins de 50 ans,315,1566,773
2021-02-19,plus de 70 ans,1448,17869,50314
2021-02-20,50-70 ans,1592,5850,8063
2021-02-20,moins de 50 ans,319,1538,775
2021-02-20,plus de 70 ans,1428,17683,50478
2021-02-21,50-70 ans,1606,5943,8087
2021-02-21,moins de 50 ans,327,1576,782
2021-02-21,plus de 70 ans,1429,17741,50606
2021-02-22,50-70 ans,1614,6120,8118
2021-02-22,moins de 50 ans,320,1606,787
2021-02-22,plus de 70 ans,1441,17907,50902
2021-02-23,50-70 ans,1608,6075,8157
2021-02-23,moins de 50 ans,333,1607,790
2021-02-23,plus de 70 ans,1460,17784,51167
2021-02-24,50-70 ans,1600,6117,8195
2021-02-24,moins de 50 ans,328,1642,794
2021-02-24,plus de 70 ans,1475,17652,51400
2021-02-25,50-70 ans,1596,6097,8229
2021-02-25,moins de 50 ans,337,1646,796
2021-02-25,plus de 70 ans,1462,17372,51624
2021-02-26,50-70 ans,1600,6073,8262
2021-02-26,moins de 50 ans,363,1634,798
2021-02-26,plus de 70 ans,1453,17246,51868
2021-02-27,50-70 ans,1610,6082,8302
2021-02-27,moins de 50 ans,376,1631,799
2021-02-27,plus de 70 ans,1436,17094,52013
2021-02-28,50-70 ans,1638,6205,8318
2021-02-28,moins de 50 ans,382,1665,801
2021-02-28,plus de 70 ans,1437,17221,52114
2021-03-01,50-70 ans,1680,6303,8372
2021-03-01,moins de 50 ans,385,1699,805
2021-03-01,plus de 70 ans,1449,17243,52429
2021-03-02,50-70 ans,1693,6310,8413
2021-03-02,moins de 50 ans,394,1728,805
2021-03-02,plus de 70 ans,1469,17041,52688
2021-03-03,50-70 ans,1733,6284,8456
2021-03-03,moins de 50 ans,396,1749,808
2021-03-03,plus de 70 ans,1479,16890,52964
2021-03-04,50-70 ans,1749,6313,8494
2021-03-04,moins de 50 ans,390,1739,815
2021-03-04,plus de 70 ans,1463,16661,53210
2021-03-05,50-70 ans,1791,6362,8526
2021-03-05,moins de 50 ans,387,1768,817
2021-03-05,plus de 70 ans,1472,16450,53414
2021-03-06,50-70 ans,1819,6337,8542
2021-03-06,moins de 50 ans,373,1746,819
2021-03-06,plus de 70 ans,1469,16354,53565
2021-03-07,50-70 ans,1834,6407,8557
2021-03-07,moins de 50 ans,378,1766,820
2021-03-07,plus de 70 ans,1500,16446,53679
2021-03-08,50-70 ans,1864,6550,8595
2021-03-08,moins de 50 ans,398,1836,823
2021-03-08,plus de 70 ans,1556,16613,53995
2021-03-09,50-70 ans,1897,6595,8636
2021-03-09,moins de 50 ans,403,1861,824
2021-03-09,plus de 70 ans,1588,16554,54249
2021-03-10,50-70 ans,1889,6608,8675
2021-03-10,moins de 50 ans,400,1842,830
2021-03-10,plus de 70 ans,1601,16327,54468
2021-03-11,50-70 ans,1938,6614,8719
2021-03-11,moins de 50 ans,398,1831,834
2021-03-11,plus de 70 ans,1625,16225,54684
2021-03-12,50-70 ans,1951,6592,8746
2021-03-12,moins de 50 ans,415,1855,836
2021-03-12,plus de 70 ans,1637,16111,54876
2021-03-13,50-70 ans,1966,6571,8765
2021-03-13,moins de 50 ans,423,1853,836
2021-03-13,plus de 70 ans,1652,16052,55026
2021-03-14,50-70 ans,1989,6692,8790
2021-03-14,moins de 50 ans,443,1902,838
2021-03-14,plus de 70 ans,1665,16185,55139
2021-03-15,50-70 ans,2053,6912,8850
2021-03-15,moins de 50 ans,441,1977,842
2021-03-15,plus de 70 ans,1695,16377,55406
2021-03-16,50-70 ans,2036,6945,8908
2021-03-16,moins de 50 ans,463,2021,844
2021-03-16,plus de 70 ans,1706,16326,55660
2021-03-17,50-70 ans,2041,6957,8942
2021-03-17,moins de 50 ans,460,2017,845
2021-03-17,plus de 70 ans,1681,16147,55867
2021-03-18,50-70 ans,2065,7055,8986
2021-03-18,moins de 50 ans,449,2060,849
2021-03-18,plus de 70 ans,1701,16092,56087
2021-03-19,50-70 ans,2098,7102,9025
2021-03-19,moins de 50 ans,457,2090,853
2021-03-19,plus de 70 ans,1699,15961,56327
2021-03-20,50-70 ans,2154,7178,9053
2021-03-20,moins de 50 ans,458,2114,855
2021-03-20,plus de 70 ans,1706,16039,56472
2021-03-21,50-70 ans,2185,7345,9075
2021-03-21,moins de 50 ans,471,2149,860
2021-03-21,plus de 70 ans,1713,16218,56583
2021-03-22,50-70 ans,2292,7610,9125
2021-03-22,moins de 50 ans,475,2210,865
2021-03-22,plus de 70 ans,1744,16451,56870
2021-03-23,50-70 ans,2340,7687,9166
2021-03-23,moins de 50 ans,482,2236,871
2021-03-23,plus de 70 ans,1772,16628,57108
2021-03-24,50-70 ans,2354,7747,9199
2021-03-24,moins de 50 ans,486,2243,875
2021-03-24,plus de 70 ans,1770,16677,57315
2021-03-25,50-70 ans,2360,7780,9229
2021-03-25,moins de 50 ans,493,2311,877
2021-03-25,plus de 70 ans,1818,16739,57508
2021-03-26,50-70 ans,2394,7936,9273
2021-03-26,moins de 50 ans,508,2389,879
2021-03-26,plus de 70 ans,1823,16701,57765
2021-03-27,50-70 ans,2398,7960,9301
2021-03-27,moins de 50 ans,524,2366,881
2021-03-27,plus de 70 ans,1829,16707,57925
2021-03-28,50-70 ans,2426,8102,9328
2021-03-28,moins de 50 ans,544,2460,882
2021-03-28,plus de 70 ans,1859,16912,58027
2021-03-29,50-70 ans,2493,8351,9391
2021-03-29,moins de 50 ans,555,2535,889
2021-03-29,plus de 70 ans,1881,17186,58313
2021-03-30,50-70 ans,2557,8452,9426
2021-03-30,moins de 50 ans,580,2552,893
2021-03-30,plus de 70 ans,1878,17244,58609
2021-03-31,50-70 ans,2534,8470,9480
2021-03-31,moins de 50 ans,583,2546,896
2021-03-31,plus de 70 ans,1885,17201,58852
2021-04-01,50-70 ans,2559,8484,9535
2021-04-01,moins de 50 ans,590,2586,904
2021-04-01,plus de 70 ans,1909,17261,59096
2021-04-02,50-70 ans,2642,8590,9574
2021-04-02,moins de 50 ans,611,2640,906
2021-04-02,plus de 70 ans,1947,17244,59350
2021-04-03,50-70 ans,2651,8615,9609
2021-04-03,moins de 50 ans,611,2662,907
2021-04-03,plus de 70 ans,1962,17349,59497
2021-04-04,50-70 ans,2702,8824,9642
2021-04-04,moins de 50 ans,628,2735,909
2021-04-04,plus de 70 ans,1962,17545,59647
2021-04-05,50-70 ans,2750,9004,9682
2021-04-05,moins de 50 ans,636,2854,909
2021-04-05,plus de 70 ans,1993,17785,59804
2021-04-06,50-70 ans,2863,9339,9745
2021-04-06,moins de 50 ans,666,2962,920
2021-04-06,plus de 70 ans,2044,18081,60134
2021-04-07,50-70 ans,2936,9432,9807
2021-04-07,moins de 50 ans,692,2997,925
2021-04-07,plus de 70 ans,2051,18228,60486
2021-04-08,50-70 ans,2958,9372,9850
2021-04-08,moins de 50 ans,702,2960,927
2021-04-08,plus de 70 ans,1995,17988,60783
2021-04-09,50-70 ans,2996,9349,9903
2021-04-09,moins de 50 ans,711,2936,935
2021-04-09,plus de 70 ans,2000,17782,61018
2021-04-10,50-70 ans,3005,9286,9950
2021-04-10,moins de 50 ans,705,2926,940
2021-04-10,plus de 70 ans,2011,17747,61173
2021-04-11,50-70 ans,3044,9455,9983
2021-04-11,moins de 50 ans,721,3009,943
2021-04-11,plus de 70 ans,2023,17919,61312
2021-04-12,50-70 ans,3096,9731,10042
2021-04-12,moins de 50 ans,748,3084,951
2021-04-12,plus de 70 ans,2019,18155,61627
2021-04-13,50-70 ans,3138,9746,10092
2021-04-13,moins de 50 ans,722,3047,954
2021-04-13,plus de 70 ans,2039,18164,61897
2021-04-14,50-70 ans,3117,9594,10147
2021-04-14,moins de 50 ans,722,2941,958
2021-04-14,plus de 70 ans,2009,18069,62135
2021-04-15,50-70 ans,3136,9522,10210
2021-04-15,moins de 50 ans,717,2892,962
2021-04-15,plus de 70 ans,2018,17998,62363
2021-04-16,50-70 ans,3134,9495,10266
2021-04-16,moins de 50 ans,728,2859,969
2021-04-16,plus de 70 ans,1997,17859,62605
2021-04-17,50-70 ans,3133,9425,10294
2021-04-17,moins de 50 ans,712,2871,974
2021-04-17,plus de 70 ans,1980,17772,62761
2021-04-18,50-70 ans,3125,9602,10317
2021-04-18,moins de 50 ans,722,2938,976
2021-04-18,plus de 70 ans,1993,17982,62875
2021-04-19,50-70 ans,3157,9822,10391
2021-04-19,moins de 50 ans,747,3024,981
2021-04-19,plus de 70 ans,2019,18106,63239
2021-04-20,50-70 ans,3153,9812,10456
2021-04-20,moins de 50 ans,767,3013,988
2021-04-20,plus de 70 ans,2020,18001,63541
2021-04-21,50-70 ans,3140,9752,10506
2021-04-21,moins de 50 ans,772,3003,999
2021-04-21,plus de 70 ans,2003,17927,63793
2021-04-22,50-70 ans,3156,9701,10560
2021-04-22,moins de 50 ans,780,2986,1004
2021-04-22,plus de 70 ans,2001,17680,64013
2021-04-23,50-70 ans,3169,9668,10610
2021-04-23,moins de 50 ans,767,2988,1010
2021-04-23,plus de 70 ans,1977,17521,64260
2021-04-24,50-70 ans,3181,9494,10650
2021-04-24,moins de 50 ans,769,2914,1015
2021-04-24,plus de 70 ans,1963,17427,64431
2021-04-25,50-70 ans,3190,9572,10677
2021-04-25,moins de 50 ans,778,2938,1016
2021-04-25,plus de 70 ans,1967,17512,64548
2021-04-26,50-70 ans,3199,9736,10746
2021-04-26,moins de 50 ans,773,3005,1021
2021-04-26,plus de 70 ans,1982,17589,64868
2021-04-27,50-70 ans,3156,9622,10807
2021-04-27,moins de 50 ans,759,2935,1031
2021-04-27,plus de 70 ans,1984,17450,65119
2021-04-28,50-70 ans,3113,9558,10854
2021-04-28,moins de 50 ans,759,2876,1039
2021-04-28,plus de 70 ans,1965,17210,65376
2021-04-29,50-70 ans,3077,9402,10909
2021-04-29,moins de 50 ans,751,2862,1044
2021-04-29,plus de 70 ans,1933,16965,65620
2021-04-30,50-70 ans,3025,9250,10962
2021-04-30,moins de 50 ans,739,2823,1046
2021-04-30,plus de 70 ans,1867,16588,65833
2021-05-01,50-70 ans,2992,9151,11003
2021-05-01,moins de 50 ans,724,2796,1052
2021-05-01,plus de 70 ans,1823,16396,65975
2021-05-02,50-70 ans,2987,9221,11024
2021-05-02,moins de 50 ans,731,2869,1055
2021-05-02,plus de 70 ans,1822,16468,66063
2021-05-03,50-70 ans,3009,9321,11079
2021-05-03,moins de 50 ans,751,2929,1060
2021-05-03,plus de 70 ans,1824,16443,66309
2021-05-04,50-70 ans,2944,9131,11132
2021-05-04,moins de 50 ans,712,2848,1065
2021-05-04,plus de 70 ans,1800,16200,66493
2021-05-05,50-70 ans,2900,8888,11191
2021-05-05,moins de 50 ans,705,2721,1068
2021-05-05,plus de 70 ans,1752,15826,66675
2021-05-06,50-70 ans,2806,8666,11241
2021-05-06,moins de 50 ans,685,2656,1070
2021-05-06,plus de 70 ans,1698,15421,66841
2021-05-07,50-70 ans,2736,8437,11285
2021-05-07,moins de 50 ans,697,2635,1073
2021-05-07,plus de 70 ans,1636,15038,67020
2021-05-08,50-70 ans,2687,8204,11321
2021-05-08,moins de 50 ans,686,2577,1074
2021-05-08,plus de 70 ans,1597,14793,67159
2021-05-09,50-70 ans,2681,8181,11345
2021-05-09,moins de 50 ans,684,2588,1076
2021-05-09,plus de 70 ans,1570,14808,67247
2021-05-10,50-70 ans,2647,8205,11403
2021-05-10,moins de 50 ans,675,2600,1078
2021-05-10,plus de 70 ans,1513,14646,67477
2021-05-11,50-70 ans,2580,7984,11459
2021-05-11,moins de 50 ans,651,2509,1083
2021-05-11,plus de 70 ans,1480,14332,67651
2021-05-12,50-70 ans,2511,7711,11491
2021-05-12,moins de 50 ans,623,2380,1085
2021-05-12,plus de 70 ans,1422,13959,67800
2021-05-13,50-70 ans,2452,7466,11523
2021-05-13,moins de 50 ans,591,2299,1088
2021-05-13,plus de 70 ans,1371,13683,67895
2021-05-14,50-70 ans,2407,7394,11553
2021-05-14,moins de 50 ans,569,2263,1094
2021-05-14,plus de 70 ans,1351,13545,68030
2021-05-15,50-70 ans,2358,7229,11578
2021-05-15,moins de 50 ans,549,2201,1099
2021-05-15,plus de 70 ans,1338,13317,68111
2021-05-16,50-70 ans,2351,7223,11604
2021-05-16,moins de 50 ans,551,2206,1099
2021-05-16,plus de 70 ans,1326,13326,68165
2021-05-17,50-70 ans,2318,7209,11705
2021-05-17,moins de 50 ans,541,2205,1113
2021-05-17,plus de 70 ans,1304,13136,68246
2021-05-18,50-70 ans,2221,6964,11688
2021-05-18,moins de 50 ans,506,2122,1110
2021-05-18,plus de 70 ans,1268,12785,68452
2021-05-19,50-70 ans,2131,6702,11711
2021-05-19,moins de 50 ans,487,2044,1117
2021-05-19,plus de 70 ans,1226,12425,68563
2021-05-20,50-70 ans,2083,6503,11748
2021-05-20,moins de 50 ans,486,1986,1120
2021-05-20,plus de 70 ans,1183,12092,68656
2021-05-21,50-70 ans,2005,6320,11779
2021-05-21,moins de 50 ans,478,1962,1124
2021-05-21,plus de 70 ans,1131,11765,68730
2021-05-22,50-70 ans,1970,6195,11799
2021-05-22,moins de 50 ans,456,1896,1128
2021-05-22,plus de 70 ans,1102,11517,68795
2021-05-23,50-70 ans,1955,6168,11814
2021-05-23,moins de 50 ans,450,1893,1130
2021-05-23,plus de 70 ans,1094,11499,68848
2021-05-24,50-70 ans,1942,6162,11826
2021-05-24,moins de 50 ans,451,1920,1131
2021-05-24,plus de 70 ans,1086,11453,68897
2021-05-25,50-70 ans,1912,6113,11869
2021-05-25,moins de 50 ans,433,1945,1135
2021-05-25,plus de 70 ans,1086,11210,69048
2021-05-26,50-70 ans,1855,5874,11888
2021-05-26,moins de 50 ans,413,1872,1139
2021-05-26,plus de 70 ans,1045,10697,69169
2021-05-27,50-70 ans,1776,5669,11922
2021-05-27,moins de 50 ans,397,1784,1145
2021-05-27,plus de 70 ans,1016,10344,69269
2021-05-28,50-70 ans,1698,5469,11948
2021-05-28,moins de 50 ans,401,1728,1147
2021-05-28,plus de 70 ans,989,9939,69338
2021-05-29,50-70 ans,1656,5324,11966
2021-05-29,moins de 50 ans,409,1696,1149
2021-05-29,plus de 70 ans,946,9689,69386
2021-05-30,50-70 ans,1636,5304,11974
2021-05-30,moins de 50 ans,403,1681,1150
2021-05-30,plus de 70 ans,936,9650,69420
2021-05-31,50-70 ans,1622,5274,12004
2021-05-31,moins de 50 ans,396,1685,1151
2021-05-31,plus de 70 ans,907,9503,69515
2021-06-01,50-70 ans,1557,5118,12030
2021-06-01,moins de 50 ans,373,1608,1151
2021-06-01,plus de 70 ans,877,9237,69614
2021-06-02,50-70 ans,1528,5013,12053
2021-06-02,moins de 50 ans,351,1592,1154
2021-06-02,plus de 70 ans,858,8912,69684
2021-06-03,50-70 ans,1479,4898,12072
2021-06-03,moins de 50 ans,345,1599,1156
2021-06-03,plus de 70 ans,839,8670,69732
2021-06-04,50-70 ans,1429,4760,12144
2021-06-04,moins de 50 ans,336,1548,1168
2021-06-04,plus de 70 ans,793,8385,69730
2021-06-05,50-70 ans,1413,4632,12100
2021-06-05,moins de 50 ans,324,1536,1159
2021-06-05,plus de 70 ans,775,8259,69840
2021-06-06,50-70 ans,1412,4631,12106
2021-06-06,moins de 50 ans,327,1527,1159
2021-06-06,plus de 70 ans,776,8263,69859
2021-06-07,50-70 ans,1378,4566,12125
2021-06-07,moins de 50 ans,318,1502,1162
2021-06-07,plus de 70 ans,764,8151,69901
2021-06-08,50-70 ans,1335,4480,12142
2021-06-08,moins de 50 ans,303,1454,1164
2021-06-08,plus de 70 ans,745,7952,69954
2021-06-09,50-70 ans,1294,4359,12165
2021-06-09,moins de 50 ans,300,1374,1166
2021-06-09,plus de 70 ans,720,7698,69994
2021-06-10,50-70 ans,1242,4199,12184
2021-06-10,moins de 50 ans,288,1316,1168
2021-06-10,plus de 70 ans,702,7487,70041
2021-06-11,50-70 ans,1199,4071,12200
2021-06-11,moins de 50 ans,281,1305,1171
2021-06-11,plus de 70 ans,673,7249,70091
2021-06-12,50-70 ans,1176,3993,12211
2021-06-12,moins de 50 ans,272,1281,1171
2021-06-12,plus de 70 ans,653,7134,70114
2021-06-13,50-70 ans,1176,3975,12215
2021-06-13,moins de 50 ans,270,1279,1171
2021-06-13,plus de 70 ans,651,7139,70123
2021-06-14,50-70 ans,1143,3937,12234
2021-06-14,moins de 50 ans,273,1298,1174
2021-06-14,plus de 70 ans,643,7056,70163
2021-06-15,50-70 ans,1091,3800,12258
2021-06-15,moins de 50 ans,247,1205,1176
2021-06-15,plus de 70 ans,604,6810,70213
2021-06-16,50-70 ans,1044,3699,12270
2021-06-16,moins de 50 ans,237,1161,1176
2021-06-16,plus de 70 ans,583,6579,70245
2021-06-17,50-70 ans,1008,3565,12283
2021-06-17,moins de 50 ans,224,1084,1179
2021-06-17,plus de 70 ans,559,6389,70285
2021-06-18,50-70 ans,971,3464,12293
2021-06-18,moins de 50 ans,224,1038,1182
2021-06-18,plus de 70 ans,539,6164,70320
2021-06-19,50-70 ans,948,3397,12300
2021-06-19,moins de 50 ans,223,999,1182
2021-06-19,plus de 70 ans,526,6066,70335
2021-06-20,50-70 ans,952,3391,12302
2021-06-20,moins de 50 ans,223,1001,1182
2021-06-20,plus de 70 ans,522,6058,70347
2021-06-21,50-70 ans,924,3372,12311
2021-06-21,moins de 50 ans,217,994,1184
2021-06-21,plus de 70 ans,508,5955,70376
2021-06-22,50-70 ans,875,3260,12331
2021-06-22,moins de 50 ans,201,945,1185
2021-06-22,plus de 70 ans,478,5777,70406
2021-06-23,50-70 ans,838,3159,12338
2021-06-23,moins de 50 ans,198,936,1185
2021-06-23,plus de 70 ans,467,5612,70432
2021-06-24,50-70 ans,795,3052,12353
2021-06-24,moins de 50 ans,189,894,1186
2021-06-24,plus de 70 ans,449,5387,70460
2021-06-25,50-70 ans,764,2978,12366
2021-06-25,moins de 50 ans,183,874,1186
2021-06-25,plus de 70 ans,436,5280,70480
2021-06-26,50-70 ans,742,2925,12369
2021-06-26,moins de 50 ans,183,844,1188
2021-06-26,plus de 70 ans,418,5197,70487
2021-06-27,50-70 ans,738,2919,12372
2021-06-27,moins de 50 ans,183,836,1188
2021-06-27,plus de 70 ans,417,5172,70501
2021-06-28,50-70 ans,707,2866,12386
2021-06-28,moins de 50 ans,182,815,1191
2021-06-28,plus de 70 ans,409,5107,70528
2021-06-29,50-70 ans,675,2794,12400
2021-06-29,moins de 50 ans,174,797,1192
2021-06-29,plus de 70 ans,396,4979,70540
2021-06-30,50-70 ans,647,2720,12409
2021-06-30,moins de 50 ans,169,784,1192
2021-06-30,plus de 70 ans,382,4891,70556
2021-07-01,50-70 ans,620,2624,12417
2021-07-01,moins de 50 ans,167,766,1193
2021-07-01,plus de 70 ans,369,4783,70576
2021-07-02,50-70 ans,592,2538,12427
2021-07-02,moins de 50 ans,164,763,1193
2021-07-02,plus de 70 ans,361,4688,70590
2021-07-03,50-70 ans,577,2492,12430
2021-07-03,moins de 50 ans,165,762,1193
2021-07-03,plus de 70 ans,355,4604,70604
2021-07-04,50-70 ans,575,2492,12434
2021-07-04,moins de 50 ans,168,770,1193
2021-07-04,plus de 70 ans,356,4597,70609
2021-07-05,50-70 ans,561,2456,12449
2021-07-05,moins de 50 ans,168,749,1195
2021-07-05,plus de 70 ans,344,4548,70628
2021-07-06,50-70 ans,542,2407,12454
2021-07-06,moins de 50 ans,156,736,1198
2021-07-06,plus de 70 ans,330,4441,70654
2021-07-07,50-70 ans,524,2378,12462
2021-07-07,moins de 50 ans,149,733,1198
2021-07-07,plus de 70 ans,320,4375,70674
2021-07-08,50-70 ans,510,2325,12473
2021-07-08,moins de 50 ans,149,727,1199
2021-07-08,plus de 70 ans,308,4280,70687
2021-07-09,50-70 ans,502,2306,12478
2021-07-09,moins de 50 ans,151,710,1199
2021-07-09,plus de 70 ans,297,4209,70700
2021-07-10,50-70 ans,501,2289,12481
2021-07-10,moins de 50 ans,151,699,1201
2021-07-10,plus de 70 ans,292,4145,70714
2021-07-11,50-70 ans,500,2287,12482
2021-07-11,moins de 50 ans,153,699,1201
2021-07-11,plus de 70 ans,291,4147,70717
2021-07-12,50-70 ans,516,2285,12490
2021-07-12,moins de 50 ans,152,715,1202
2021-07-12,plus de 70 ans,286,4084,70736
2021-07-13,50-70 ans,495,2262,12493
2021-07-13,moins de 50 ans,148,715,1202
2021-07-13,plus de 70 ans,287,4047,70755
2021-07-14,50-70 ans,496,2251,12494
2021-07-14,moins de 50 ans,146,706,1202
2021-07-14,plus de 70 ans,286,4036,70760
2021-07-15,50-70 ans,486,2250,12501
2021-07-15,moins de 50 ans,147,732,1203
2021-07-15,plus de 70 ans,278,4020,70768
2021-07-16,50-70 ans,478,2225,12507
2021-07-16,moins de 50 ans,141,723,1203
2021-07-16,plus de 70 ans,277,3973,70784
2021-07-17,50-70 ans,474,2200,12513
2021-07-17,moins de 50 ans,139,726,1203
2021-07-17,plus de 70 ans,274,3948,70794
2021-07-18,50-70 ans,476,2208,12513
2021-07-18,moins de 50 ans,139,723,1204
2021-07-18,plus de 70 ans,273,3957,70797
2021-07-19,50-70 ans,484,2246,12520
2021-07-19,moins de 50 ans,145,792,1204
2021-07-19,plus de 70 ans,271,3956,70810
2021-07-20,50-70 ans,475,2199,12534
2021-07-20,moins de 50 ans,143,811,1206
2021-07-20,plus de 70 ans,255,3857,70828
2021-07-21,50-70 ans,461,2193,12541
2021-07-21,moins de 50 ans,150,811,1207
2021-07-21,plus de 70 ans,246,3818,70842
2021-07-22,50-70 ans,462,2177,12544
2021-07-22,moins de 50 ans,157,834,1208
2021-07-22,plus de 70 ans,248,3773,70849
2021-07-23,50-70 ans,465,2177,12548
2021-07-23,moins de 50 ans,164,846,1208
2021-07-23,plus de 70 ans,241,3732,70874
2021-07-24,50-70 ans,470,2170,12550
2021-07-24,moins de 50 ans,168,851,1210
2021-07-24,plus de 70 ans,239,3722,70892
2021-07-25,50-70 ans,472,2184,12552
2021-07-25,moins de 50 ans,174,876,1210
2021-07-25,plus de 70 ans,239,3740,70896
2021-07-26,50-70 ans,515,2288,12559
2021-07-26,moins de 50 ans,192,955,1211
2021-07-26,plus de 70 ans,243,3791,70932
2021-07-27,50-70 ans,521,2316,12563
2021-07-27,moins de 50 ans,199,986,1212
2021-07-27,plus de 70 ans,253,3790,70955
2021-07-28,50-70 ans,542,2349,12573
2021-07-28,moins de 50 ans,196,1039,1212
2021-07-28,plus de 70 ans,250,3776,70988
2021-07-29,50-70 ans,554,2365,12581
2021-07-29,moins de 50 ans,204,1064,1214
2021-07-29,plus de 70 ans,252,3761,71005
2021-07-30,50-70 ans,578,2409,12591
2021-07-30,moins de 50 ans,236,1130,1215
2021-07-30,plus de 70 ans,253,3777,71052
2021-07-31,50-70 ans,590,2416,12599
2021-07-31,moins de 50 ans,245,1181,1217
2021-07-31,plus de 70 ans,258,3762,71085
2021-08-01,50-70 ans,606,2464,12605
2021-08-01,moins de 50 ans,260,1253,1219
2021-08-01,plus de 70 ans,266,3819,71095
2021-08-02,50-70 ans,656,2580,12613
2021-08-02,moins de 50 ans,282,1322,1220
2021-08-02,plus de 70 ans,289,3892,71136
2021-08-03,50-70 ans,700,2676,12626
2021-08-03,moins de 50 ans,314,1374,1223
2021-08-03,plus de 70 ans,311,3875,71176
2021-08-04,50-70 ans,731,2773,12633
2021-08-04,moins de 50 ans,317,1396,1225
2021-08-04,plus de 70 ans,318,3914,71215
2021-08-05,50-70 ans,752,2796,12638
2021-08-05,moins de 50 ans,327,1439,1224
2021-08-05,plus de 70 ans,335,3921,71260
2021-08-06,50-70 ans,770,2859,12650
2021-08-06,moins de 50 ans,352,1462,1226
2021-08-06,plus de 70 ans,330,3996,71306
2021-08-07,50-70 ans,805,2879,12654
2021-08-07,moins de 50 ans,354,1470,1226
2021-08-07,plus de 70 ans,345,4020,71334
2021-08-08,50-70 ans,836,2994,12660
2021-08-08,moins de 50 ans,365,1517,1226
2021-08-08,plus de 70 ans,349,4104,71356
2021-08-09,50-70 ans,883,3128,12672
2021-08-09,moins de 50 ans,389,1564,1227
2021-08-09,plus de 70 ans,388,4266,71411
2021-08-10,50-70 ans,911,3183,12686
2021-08-10,moins de 50 ans,390,1553,1229
2021-08-10,plus de 70 ans,402,4356,71463
2021-08-11,50-70 ans,926,3195,12694
2021-08-11,moins de 50 ans,388,1540,1230
2021-08-11,plus de 70 ans,420,4432,71507
2021-08-12,50-70 ans,953,3257,12714
2021-08-12,moins de 50 ans,398,1600,1230
2021-08-12,plus de 70 ans,441,4520,71564
2021-08-13,50-70 ans,959,3268,12728
2021-08-13,moins de 50 ans,409,1639,1236
2021-08-13,plus de 70 ans,452,4550,71617
2021-08-14,50-70 ans,963,3338,12733
2021-08-14,moins de 50 ans,410,1647,1238
2021-08-14,plus de 70 ans,451,4577,71661
2021-08-15,50-70 ans,967,3370,12748
2021-08-15,moins de 50 ans,415,1693,1239
2021-08-15,plus de 70 ans,460,4653,71689
2021-08-16,50-70 ans,1007,3497,12762
2021-08-16,moins de 50 ans,430,1761,1240
2021-08-16,plus de 70 ans,464,4816,71768
2021-08-17,50-70 ans,1022,3522,12784
2021-08-17,moins de 50 ans,447,1733,1248
2021-08-17,plus de 70 ans,473,4883,71848
2021-08-18,50-70 ans,1074,3587,12808
2021-08-18,moins de 50 ans,477,1787,1254
2021-08-18,plus de 70 ans,493,4898,71930
2021-08-19,50-70 ans,1079,3600,12849
2021-08-19,moins de 50 ans,462,1794,1257
2021-08-19,plus de 70 ans,501,4934,72013
2021-08-20,50-70 ans,1092,3652,12866
2021-08-20,moins de 50 ans,474,1817,1262
2021-08-20,plus de 70 ans,517,4982,72075
2021-08-21,50-70 ans,1090,3649,12892
2021-08-21,moins de 50 ans,493,1810,1267
2021-08-21,plus de 70 ans,513,4935,72174
2021-08-22,50-70 ans,1107,3728,12916
2021-08-22,moins de 50 ans,503,1842,1276
2021-08-22,plus de 70 ans,511,5016,72234
2021-08-23,50-70 ans,1147,3846,12940
2021-08-23,moins de 50 ans,527,1940,1281
2021-08-23,plus de 70 ans,535,5158,72313
2021-08-24,50-70 ans,1145,3880,12992
2021-08-24,moins de 50 ans,537,1945,1292
2021-08-24,plus de 70 ans,533,5185,72401
2021-08-25,50-70 ans,1152,3941,13007
2021-08-25,moins de 50 ans,537,1933,1296
2021-08-25,plus de 70 ans,544,5240,72476
2021-08-26,50-70 ans,1165,3911,13036
2021-08-26,moins de 50 ans,533,1907,1301
2021-08-26,plus de 70 ans,557,5224,72549
2021-08-27,50-70 ans,1170,3930,13060
2021-08-27,moins de 50 ans,532,1927,1307
2021-08-27,plus de 70 ans,561,5250,72613
2021-08-28,50-70 ans,1172,3873,13079
2021-08-28,moins de 50 ans,527,1904,1308
2021-08-28,plus de 70 ans,554,5221,72667
2021-08-29,50-70 ans,1188,3886,13086
2021-08-29,moins de 50 ans,525,1914,1312
2021-08-29,plus de 70 ans,557,5236,72709
2021-08-30,50-70 ans,1198,3948,13102
2021-08-30,moins de 50 ans,537,1950,1316
2021-08-30,plus de 70 ans,549,5292,72787
2021-08-31,50-70 ans,1212,3897,13136
2021-08-31,moins de 50 ans,529,1885,1323
2021-08-31,plus de 70 ans,545,5286,72880
2021-09-01,50-70 ans,1226,3871,13151
2021-09-01,moins de 50 ans,517,1907,1325
2021-09-01,plus de 70 ans,545,5290,72946
2021-09-02,50-70 ans,1214,3815,13167
2021-09-02,moins de 50 ans,515,1844,1327
2021-09-02,plus de 70 ans,541,5226,73031
2021-09-03,50-70 ans,1200,3787,13193
2021-09-03,moins de 50 ans,501,1806,1329
2021-09-03,plus de 70 ans,551,5169,73096
2021-09-04,50-70 ans,1176,3714,13213
2021-09-04,moins de 50 ans,503,1767,1334
2021-09-04,plus de 70 ans,538,5126,73152
2021-09-05,50-70 ans,1179,3730,13222
2021-09-05,moins de 50 ans,501,1740,1338
2021-09-05,plus de 70 ans,530,5126,73188
2021-09-06,50-70 ans,1199,3787,13239
2021-09-06,moins de 50 ans,514,1768,1340
2021-09-06,plus de 70 ans,528,5148,73271
2021-09-07,50-70 ans,1206,3733,13264
2021-09-07,moins de 50 ans,517,1749,1345
2021-09-07,plus de 70 ans,529,5113,73350
2021-09-08,50-70 ans,1197,3655,13294
2021-09-08,moins de 50 ans,502,1679,1346
2021-09-08,plus de 70 ans,517,5050,73418
2021-09-09,50-70 ans,1181,3586,13313
2021-09-09,moins de 50 ans,489,1675,1354
2021-09-09,plus de 70 ans,517,5013,73495
2021-09-10,50-70 ans,1162,3509,13334
2021-09-10,moins de 50 ans,462,1632,1356
2021-09-10,plus de 70 ans,520,4926,73550
2021-09-11,50-70 ans,1140,3452,13355
2021-09-11,moins de 50 ans,468,1619,1358
2021-09-11,plus de 70 ans,517,4902,73572
2021-09-12,50-70 ans,1137,3437,13363
2021-09-12,moins de 50 ans,467,1619,1358
2021-09-12,plus de 70 ans,519,4912,73593
2021-09-13,50-70 ans,1136,3446,13378
2021-09-13,moins de 50 ans,446,1611,1361
2021-09-13,plus de 70 ans,517,4886,73660
2021-09-14,50-70 ans,1061,3347,13409
2021-09-14,moins de 50 ans,420,1535,1366
2021-09-14,plus de 70 ans,515,4812,73720
2021-09-15,50-70 ans,1033,3282,13427
2021-09-15,moins de 50 ans,417,1466,1368
2021-09-15,plus de 70 ans,505,4762,73777
2021-09-16,50-70 ans,1032,3192,13437
2021-09-16,moins de 50 ans,409,1383,1369
2021-09-16,plus de 70 ans,507,4678,73830
2021-09-17,50-70 ans,1001,3115,13450
2021-09-17,moins de 50 ans,394,1350,1372
2021-09-17,plus de 70 ans,491,4561,73881
2021-09-18,50-70 ans,985,3067,13458
2021-09-18,moins de 50 ans,373,1317,1374
2021-09-18,plus de 70 ans,475,4487,73913
2021-09-19,50-70 ans,975,3057,13467
2021-09-19,moins de 50 ans,380,1308,1375
2021-09-19,plus de 70 ans,473,4482,73931
2021-09-20,50-70 ans,966,3040,13470
2021-09-20,moins de 50 ans,390,1316,1374
2021-09-20,plus de 70 ans,446,4450,73950
2021-09-21,50-70 ans,934,2932,13517
2021-09-21,moins de 50 ans,377,1262,1379
2021-09-21,plus de 70 ans,430,4360,74050
2021-09-22,50-70 ans,891,2866,13537
2021-09-22,moins de 50 ans,350,1223,1383
2021-09-22,plus de 70 ans,412,4284,74083
2021-09-23,50-70 ans,869,2827,13559
2021-09-23,moins de 50 ans,342,1182,1385
2021-09-23,plus de 70 ans,395,4188,74122
2021-09-24,50-70 ans,836,2776,13573
2021-09-24,moins de 50 ans,348,1166,1386
2021-09-24,plus de 70 ans,399,4128,74156
2021-09-25,50-70 ans,827,2715,13579
2021-09-25,moins de 50 ans,343,1124,1387
2021-09-25,plus de 70 ans,398,4106,74178
2021-09-26,50-70 ans,833,2712,13582
2021-09-26,moins de 50 ans,344,1135,1387
2021-09-26,plus de 70 ans,396,4110,74189
2021-09-27,50-70 ans,832,2693,13600
2021-09-27,moins de 50 ans,342,1151,1390
2021-09-27,plus de 70 ans,394,4095,74241
2021-09-28,50-70 ans,811,2634,13614
2021-09-28,moins de 50 ans,326,1113,1392
2021-09-28,plus de 70 ans,384,4014,74282
2021-09-29,50-70 ans,784,2616,13626
2021-09-29,moins de 50 ans,311,1098,1395
2021-09-29,plus de 70 ans,368,3973,74307
2021-09-30,50-70 ans,762,2543,13642
2021-09-30,moins de 50 ans,296,1061,1401
2021-09-30,plus de 70 ans,354,3923,74343
2021-10-01,50-70 ans,741,2491,13654
2021-10-01,moins de 50 ans,283,1013,1404
2021-10-01,plus de 70 ans,329,3868,74374
2021-10-02,50-70 ans,727,2459,13659
2021-10-02,moins de 50 ans,270,973,1408
2021-10-02,plus de 70 ans,326,3824,74395
2021-10-03,50-70 ans,724,2463,13662
2021-10-03,moins de 50 ans,272,975,1409
2021-10-03,plus de 70 ans,328,3834,74400
2021-10-04,50-70 ans,715,2443,13676
2021-10-04,moins de 50 ans,274,974,1410
2021-10-04,plus de 70 ans,336,3847,74435
2021-10-05,50-70 ans,682,2375,13693
2021-10-05,moins de 50 ans,262,951,1412
2021-10-05,plus de 70 ans,332,3734,74477
2021-10-06,50-70 ans,666,2345,13703
2021-10-06,moins de 50 ans,253,954,1415
2021-10-06,plus de 70 ans,320,3706,74498
2021-10-07,50-70 ans,643,2312,13714
2021-10-07,moins de 50 ans,243,928,1416
2021-10-07,plus de 70 ans,311,3631,74520
2021-10-08,50-70 ans,629,2274,13721
2021-10-08,moins de 50 ans,232,914,1418
2021-10-08,plus de 70 ans,299,3582,74549
2021-10-09,50-70 ans,610,2234,13725
2021-10-09,moins de 50 ans,226,900,1419
2021-10-09,plus de 70 ans,288,3541,74559
2021-10-10,50-70 ans,613,2249,13727
2021-10-10,moins de 50 ans,225,900,1420
2021-10-10,plus de 70 ans,291,3558,74563
2021-10-11,50-70 ans,619,2252,13735
2021-10-11,moins de 50 ans,220,880,1423
2021-10-11,plus de 70 ans,303,3568,74582
2021-10-12,50-70 ans,598,2203,13756
2021-10-12,moins de 50 ans,211,854,1425
2021-10-12,plus de 70 ans,300,3545,74612
2021-10-13,50-70 ans,580,2183,13762
2021-10-13,moins de 50 ans,211,857,1427
2021-10-13,plus de 70 ans,298,3533,74627
2021-10-14,50-70 ans,563,2163,13770
2021-10-14,moins de 50 ans,207,846,1430
2021-10-14,plus de 70 ans,304,3486,74653
2021-10-15,50-70 ans,546,2133,13778
2021-10-15,moins de 50 ans,203,834,1434
2021-10-15,plus de 70 ans,301,3477,74675
2021-10-16,50-70 ans,546,2114,13782
2021-10-16,moins de 50 ans,206,835,1434
2021-10-16,plus de 70 ans,296,3462,74686
2021-10-17,50-70 ans,548,2116,13784
2021-10-17,moins de 50 ans,208,835,1434
2021-10-17,plus de 70 ans,295,3471,74689
2021-10-18,50-70 ans,535,2104,13793
2021-10-18,moins de 50 ans,212,832,1434
2021-10-18,plus de 70 ans,301,3506,74721
2021-10-19,50-70 ans,526,2113,13800
2021-10-19,moins de 50 ans,216,831,1436
2021-10-19,plus de 70 ans,302,3512,74751
2021-10-20,50-70 ans,515,2098,13805
2021-10-20,moins de 50 ans,207,826,1436
2021-10-20,plus de 70 ans,302,3514,74766
2021-10-21,50-70 ans,512,2099,13813
2021-10-21,moins de 50 ans,199,814,1437
2021-10-21,plus de 70 ans,297,3513,74791
2021-10-22,50-70 ans,501,2073,13820
2021-10-22,moins de 50 ans,199,802,1438
2021-10-22,plus de 70 ans,308,3498,74813
2021-10-23,50-70 ans,506,2044,13829
2021-10-23,moins de 50 ans,194,808,1440
2021-10-23,plus de 70 ans,305,3470,74825
2021-10-24,50-70 ans,507,2047,13830
2021-10-24,moins de 50 ans,196,815,1441
2021-10-24,plus de 70 ans,313,3489,74827
2021-10-25,50-70 ans,516,2057,13836
2021-10-25,moins de 50 ans,195,806,1443
2021-10-25,plus de 70 ans,310,3517,74860
2021-10-26,50-70 ans,533,2083,13846
2021-10-26,moins de 50 ans,199,799,1446
2021-10-26,plus de 70 ans,314,3538,74885
2021-10-27,50-70 ans,528,2096,13850
2021-10-27,moins de 50 ans,195,809,1447
2021-10-27,plus de 70 ans,313,3558,74914
2021-10-28,50-70 ans,523,2102,13858
2021-10-28,moins de 50 ans,199,818,1449
2021-10-28,plus de 70 ans,313,3592,74937
2021-10-29,50-70 ans,522,2101,13864
2021-10-29,moins de 50 ans,200,812,1449
2021-10-29,plus de 70 ans,310,3596,74958
2021-10-30,50-70 ans,524,2109,13871
2021-10-30,moins de 50 ans,201,798,1450
2021-10-30,plus de 70 ans,312,3592,74972
2021-10-31,50-70 ans,523,2115,13875
2021-10-31,moins de 50 ans,204,806,1450
2021-10-31,plus de 70 ans,317,3621,74980
2021-11-01,50-70 ans,531,2131,13875
2021-11-01,moins de 50 ans,207,817,1450
2021-11-01,plus de 70 ans,327,3660,74986
2021-11-02,50-70 ans,532,2134,13890
2021-11-02,moins de 50 ans,204,798,1453
2021-11-02,plus de 70 ans,351,3716,75042
2021-11-03,50-70 ans,541,2159,13896
2021-11-03,moins de 50 ans,205,802,1453
2021-11-03,plus de 70 ans,348,3775,75075
2021-11-04,50-70 ans,543,2142,13908
2021-11-04,moins de 50 ans,204,781,1455
2021-11-04,plus de 70 ans,351,3767,75108
2021-11-05,50-70 ans,538,2120,13913
2021-11-05,moins de 50 ans,193,790,1456
2021-11-05,plus de 70 ans,357,3794,75127
2021-11-06,50-70 ans,545,2079,13916
2021-11-06,moins de 50 ans,195,777,1457
2021-11-06,plus de 70 ans,356,3778,75148
2021-11-07,50-70 ans,549,2093,13918
2021-11-07,moins de 50 ans,192,776,1457
2021-11-07,plus de 70 ans,357,3807,75157
2021-11-08,50-70 ans,553,2122,13927
2021-11-08,moins de 50 ans,203,814,1461
2021-11-08,plus de 70 ans,383,3897,75198
2021-11-09,50-70 ans,547,2122,13935
2021-11-09,moins de 50 ans,201,785,1459
2021-11-09,plus de 70 ans,388,3909,75235
2021-11-10,50-70 ans,551,2104,13938
2021-11-10,moins de 50 ans,201,782,1459
2021-11-10,plus de 70 ans,399,3984,75265
2021-11-11,50-70 ans,546,2114,13941
2021-11-11,moins de 50 ans,194,783,1459
2021-11-11,plus de 70 ans,403,4020,75279
2021-11-12,50-70 ans,562,2128,13949
2021-11-12,moins de 50 ans,204,794,1459
2021-11-12,plus de 70 ans,412,4088,75319
2021-11-13,50-70 ans,566,2115,13956
2021-11-13,moins de 50 ans,205,788,1459
2021-11-13,plus de 70 ans,426,4109,75328
2021-11-14,50-70 ans,577,2136,14029
2021-11-14,moins de 50 ans,203,793,1469
2021-11-14,plus de 70 ans,426,4145,75262
2021-11-15,50-70 ans,602,2209,14040
2021-11-15,moins de 50 ans,212,830,1472
2021-11-15,plus de 70 ans,439,4280,75318
2021-11-16,50-70 ans,625,2261,14048
2021-11-16,moins de 50 ans,193,826,1475
2021-11-16,plus de 70 ans,456,4410,75354
2021-11-17,50-70 ans,625,2292,13987
2021-11-17,moins de 50 ans,201,829,1467
2021-11-17,plus de 70 ans,472,4505,75473
2021-11-18,50-70 ans,641,2331,13996
2021-11-18,moins de 50 ans,212,847,1467
2021-11-18,plus de 70 ans,479,4573,75517
2021-11-19,50-70 ans,646,2361,14007
2021-11-19,moins de 50 ans,217,894,1467
2021-11-19,plus de 70 ans,488,4650,75556
2021-11-20,50-70 ans,636,2363,14009
2021-11-20,moins de 50 ans,211,889,1468
2021-11-20,plus de 70 ans,484,4684,75576
2021-11-21,50-70 ans,639,2385,14081
2021-11-21,moins de 50 ans,214,897,1478
2021-11-21,plus de 70 ans,483,4719,75509
2021-11-22,50-70 ans,669,2468,14094
2021-11-22,moins de 50 ans,220,920,1480
2021-11-22,plus de 70 ans,512,4907,75587
2021-11-23,50-70 ans,691,2529,14105
2021-11-23,moins de 50 ans,219,964,1483
2021-11-23,plus de 70 ans,540,4991,75658
2021-11-24,50-70 ans,703,2577,14115
2021-11-24,moins de 50 ans,224,996,1484
2021-11-24,plus de 70 ans,552,5148,75726
2021-11-25,50-70 ans,702,2644,14123
2021-11-25,moins de 50 ans,226,1006,1487
2021-11-25,plus de 70 ans,562,5283,75787
2021-11-26,50-70 ans,721,2680,14132
2021-11-26,moins de 50 ans,242,1024,1487
2021-11-26,plus de 70 ans,591,5427,75838
2021-11-27,50-70 ans,749,2700,14135
2021-11-27,moins de 50 ans,256,1044,1487
2021-11-27,plus de 70 ans,607,5483,75868
2021-11-28,50-70 ans,755,2732,14138
2021-11-28,moins de 50 ans,257,1056,1487
2021-11-28,plus de 70 ans,615,5546,75888
2021-11-29,50-70 ans,812,2892,14082
2021-11-29,moins de 50 ans,280,1129,1480
2021-11-29,plus de 70 ans,651,5789,76055
2021-11-30,50-70 ans,850,2983,14103
2021-11-30,moins de 50 ans,285,1163,1484
2021-11-30,plus de 70 ans,683,6048,76144
2021-12-01,50-70 ans,902,3082,14118
2021-12-01,moins de 50 ans,285,1199,1485
2021-12-01,plus de 70 ans,690,6221,76221
2021-12-02,50-70 ans,918,3148,14133
2021-12-02,moins de 50 ans,308,1257,1487
2021-12-02,plus de 70 ans,703,6330,76307
2021-12-03,50-70 ans,973,3249,14149
2021-12-03,moins de 50 ans,326,1270,1489
2021-12-03,plus de 70 ans,754,6524,76400
2021-12-04,50-70 ans,985,3296,14158
2021-12-04,moins de 50 ans,314,1279,1490
2021-12-04,plus de 70 ans,732,6695,76439
2021-12-05,50-70 ans,999,3361,14162
2021-12-05,moins de 50 ans,320,1302,1491
2021-12-05,plus de 70 ans,741,6790,76463
2021-12-06,50-70 ans,1074,3550,14188
2021-12-06,moins de 50 ans,344,1376,1493
2021-12-06,plus de 70 ans,768,7106,76627
2021-12-07,50-70 ans,1149,3754,14213
2021-12-07,moins de 50 ans,373,1473,1493
2021-12-07,plus de 70 ans,821,7413,76766
2021-12-08,50-70 ans,1174,3885,14230
2021-12-08,moins de 50 ans,380,1482,1495
2021-12-08,plus de 70 ans,860,7600,76874
2021-12-09,50-70 ans,1194,3969,14248
2021-12-09,moins de 50 ans,378,1536,1500
2021-12-09,plus de 70 ans,880,7783,76976
2021-12-10,50-70 ans,1226,4083,14344
2021-12-10,moins de 50 ans,388,1555,1512
2021-12-10,plus de 70 ans,877,7917,77008
2021-12-11,50-70 ans,1257,4166,14355
2021-12-11,moins de 50 ans,385,1582,1516
2021-12-11,plus de 70 ans,891,8032,77058
2021-12-12,50-70 ans,1300,4244,14291
2021-12-12,moins de 50 ans,388,1606,1507
2021-12-12,plus de 70 ans,907,8120,77179
2021-12-13,50-70 ans,1374,4435,14325
2021-12-13,moins de 50 ans,417,1694,1509
2021-12-13,plus de 70 ans,952,8321,77372
2021-12-14,50-70 ans,1397,4476,14350
2021-12-14,moins de 50 ans,424,1726,1512
2021-12-14,plus de 70 ans,961,8536,77501
2021-12-15,50-70 ans,1434,4547,14379
2021-12-15,moins de 50 ans,422,1736,1517
2021-12-15,plus de 70 ans,979,8703,77618
