num_deptmt,nom_circo,num_circo,Libellé de la circonscription,Inscrits,Abstentions,Votants,Blancs,Nuls,Exprimés,ARTHAUD,ROUSSEL,MACRON,LASSALLE,LE PEN,ZEMMOUR,MÉLENCHON,HIDALGO,JADOT,PÉCRESSE,POUTOU,DUPONT-AIGNAN,id_circ,id_circo,entete
01,Ain,1,1ère circonscription,85723,18592,67131,1154,393,65584,317,1275,17825,2449,17846,4974,10740,1361,2868,3739,437,1753,01001,01001,LE PEN
01,Ain,2,2ème circonscription,99383,19917,79466,1367,352,77747,354,1435,22050,2004,20576,6722,13231,1209,3857,3959,467,1883,01002,01002,MACRON
01,Ain,3,3ème circonscription,81500,20440,61060,851,290,59919,275,800,18497,1854,11720,4834,12097,938,3744,2916,424,1820,01003,01003,MACRON
01,Ain,4,4ème circonscription,94359,19826,74533,1299,474,72760,376,1209,20867,2205,20991,6136,10174,1219,3109,4009,445,2020,01004,01004,LE PEN
01,Ain,5,5ème circonscription,77144,18766,58378,970,394,57014,336,1219,12967,2364,15622,4864,11590,917,2265,2949,399,1522,01005,01005,LE PEN
02,Aisne,1,1ère circonscription,72206,18597,53609,740,404,52465,410,1133,11630,1302,20991,3411,7624,620,1734,2018,453,1139,02001,02001,LE PEN
02,Aisne,2,2ème circonscription,73111,20530,52581,772,403,51406,372,1148,12210,1086,18547,3828,8515,577,1306,2468,382,967,02002,02002,LE PEN
02,Aisne,3,3ème circonscription,66580,17358,49222,699,398,48125,358,1005,9958,1364,21462,3078,6127,597,849,1862,376,1089,02003,02003,LE PEN
02,Aisne,4,4ème circonscription,78699,22961,55738,681,1143,53914,391,1333,11845,1095,20915,3759,9110,602,1393,1953,405,1113,02004,02004,LE PEN
02,Aisne,5,5ème circonscription,82948,21643,61305,875,480,59950,507,1349,13078,1621,22427,4190,9796,587,1792,2619,502,1482,02005,02005,LE PEN
03,Allier,1,1ère circonscription,89193,20597,68596,1330,599,66667,528,3498,17748,2740,18198,4143,10848,1227,2075,3702,533,1427,03001,03001,LE PEN
03,Allier,2,2ème circonscription,80780,19459,61321,1207,649,59465,446,2704,14879,2512,16372,3633,11073,1089,1778,3165,523,1291,03002,03002,LE PEN
03,Allier,3,3ème circonscription,80018,18441,61577,1212,542,59823,385,1917,17079,2530,15745,4585,9092,964,2129,3452,447,1498,03003,03003,MACRON
04,Alpes-de-Haute-Provence,1,1ère circonscription,61692,13750,47942,691,315,46936,275,1374,9701,2160,13257,4020,10223,712,1783,1787,439,1205,04001,04001,LE PEN
04,Alpes-de-Haute-Provence,2,2ème circonscription,66383,15540,50843,787,309,49747,230,1347,11099,2149,12753,3906,11633,684,2174,2047,426,1299,04002,04002,LE PEN
05,Hautes-Alpes,1,1ère circonscription,59486,13601,45885,731,287,44867,234,1035,10511,1822,10894,3367,9801,809,2414,2439,394,1147,05001,05001,LE PEN
05,Hautes-Alpes,2,2ème circonscription,54033,11756,42277,664,245,41368,194,890,9996,2049,8802,2797,9917,650,2599,2072,407,995,05002,05002,MACRON
06,Alpes-Maritimes,1,1ère circonscription,81800,24731,57069,603,354,56112,166,972,14451,1052,11576,8204,12153,631,2447,3096,312,1052,06001,06001,MACRON
06,Alpes-Maritimes,2,2ème circonscription,88918,22495,66423,949,341,65133,216,1156,14780,2076,18956,7771,11041,643,2954,3263,423,1854,06002,06002,LE PEN
06,Alpes-Maritimes,3,3ème circonscription,90956,26607,64349,789,342,63218,206,1160,15282,1233,15058,8519,13834,692,2689,2985,329,1231,06003,06003,MACRON
06,Alpes-Maritimes,4,4ème circonscription,85093,22600,62493,800,347,61346,213,1389,13870,1728,19438,8912,8408,503,2031,2826,366,1662,06004,06004,LE PEN
06,Alpes-Maritimes,5,5ème circonscription,90651,24266,66385,847,843,64695,196,1126,14637,1622,18365,9095,10935,568,2461,3830,364,1496,06005,06005,LE PEN
06,Alpes-Maritimes,6,6ème circonscription,79455,19323,60132,992,149,58991,133,767,14904,1177,17424,8773,7723,513,2497,3301,273,1506,06006,06006,LE PEN
06,Alpes-Maritimes,7,7ème circonscription,96983,24075,72908,995,255,71658,169,882,21159,1542,16498,9381,10606,886,3889,4544,382,1720,06007,06007,MACRON
06,Alpes-Maritimes,8,8ème circonscription,83755,23166,60589,804,276,59509,148,663,15183,1078,15663,9867,9075,429,1852,3997,257,1297,06008,06008,LE PEN
06,Alpes-Maritimes,9,9ème circonscription,80971,20987,59984,771,1100,58113,180,743,15441,1259,15941,7686,8570,549,2554,3418,283,1489,06009,06009,LE PEN
07,Ardèche,1,1ère circonscription,79091,17492,61599,1016,495,60088,387,1920,12651,2814,15964,4519,13409,1357,2505,2436,581,1545,07001,07001,LE PEN
07,Ardèche,2,2ème circonscription,96207,19535,76672,1343,548,74781,505,1758,19629,3072,19087,5236,13805,1576,3449,4057,626,1981,07002,07002,MACRON
07,Ardèche,3,3ème circonscription,80561,17087,63474,952,416,62106,327,2032,13073,3147,14543,4444,15623,1256,2590,3060,610,1401,07003,07003,MÉLENCHON
08,Ardennes,1,1ère circonscription,70589,17569,53020,828,353,51839,391,1139,13051,1576,18275,3465,7878,647,1505,2337,409,1166,08001,08001,LE PEN
08,Ardennes,2,2ème circonscription,60537,17593,42944,572,293,42079,347,1054,8923,1165,15102,2733,8409,612,1054,1473,366,841,08002,08002,LE PEN
08,Ardennes,3,3ème circonscription,55071,14206,40865,509,338,40018,343,816,9682,1343,14865,2573,5994,482,887,1746,337,950,08003,08003,LE PEN
09,Ariège,1,1ère circonscription,57253,11879,45374,745,352,44277,218,1419,8645,3544,10152,2645,12129,1647,1531,1218,379,750,09001,09001,MÉLENCHON
09,Ariège,2,2ème circonscription,61786,13149,48637,787,423,47427,199,1282,9426,3988,11806,3176,11779,1561,1489,1506,344,871,09002,09002,LE PEN
10,Aube,1,1ère circonscription,64389,15771,48618,791,393,47434,331,884,12086,1299,17197,3472,5792,491,1266,2966,336,1314,10001,10001,LE PEN
10,Aube,2,2ème circonscription,74910,18476,56434,838,393,55203,388,1122,14529,1374,17875,4421,7858,638,1873,3311,357,1457,10002,10002,LE PEN
10,Aube,3,3ème circonscription,66252,18137,48115,710,372,47033,286,1088,11706,1114,14244,3481,8833,591,1480,2646,369,1195,10003,10003,LE PEN
11,Aude,1,1ère circonscription,98299,21769,76530,1039,540,74951,377,2105,15161,4056,23299,6533,14589,2207,2117,2491,616,1400,11001,11001,LE PEN
11,Aude,2,2ème circonscription,92254,22823,69431,942,486,68003,308,1838,14131,3340,21635,6186,12848,1578,2119,2249,532,1239,11002,11002,LE PEN
11,Aude,3,3ème circonscription,89374,18380,70994,981,541,69472,341,1679,13812,4986,19093,5715,14602,2381,2086,2610,600,1567,11003,11003,LE PEN
12,Aveyron,1,1ère circonscription,77960,15368,62592,1077,547,60968,261,1320,18967,4726,11649,3801,10415,1456,2700,4078,396,1199,12001,12001,MACRON
12,Aveyron,2,2ème circonscription,69126,14198,54928,1005,580,53343,308,1688,13763,4701,10743,2912,11454,1498,1838,2763,456,1219,12002,12002,MACRON
12,Aveyron,3,3ème circonscription,72382,14267,58115,997,527,56591,325,1507,14700,5398,11965,3399,10865,1516,2208,3147,502,1059,12003,12003,MACRON
13,Bouches-du-Rhône,1,1ère circonscription,80868,23647,57221,739,311,56171,157,1179,13161,1125,15602,7378,11658,567,2143,1867,265,1069,13001,13001,LE PEN
13,Bouches-du-Rhône,2,2ème circonscription,82418,22134,60284,637,241,59406,152,1206,18685,990,10181,8795,11018,728,3357,3184,294,816,13002,13002,MACRON
13,Bouches-du-Rhône,3,3ème circonscription,75283,25103,50180,583,215,49382,164,963,9495,843,13476,5683,14704,435,1476,1146,215,782,13003,13003,MÉLENCHON
13,Bouches-du-Rhône,4,4ème circonscription,64319,22800,41519,416,173,40930,168,792,7009,431,4245,2278,22275,510,1879,651,336,356,13004,13004,MÉLENCHON
13,Bouches-du-Rhône,5,5ème circonscription,72839,21430,51409,629,237,50543,164,1153,11901,879,8351,5078,16559,724,3065,1502,403,764,13005,13005,MÉLENCHON
13,Bouches-du-Rhône,6,6ème circonscription,78015,24059,53956,596,264,53096,175,1081,13093,1005,12991,7172,11913,614,2059,1805,271,917,13006,13006,MACRON
13,Bouches-du-Rhône,7,7ème circonscription,66637,27190,39447,353,198,38896,115,668,5470,414,7926,2288,20296,269,523,366,184,377,13007,13007,MÉLENCHON
13,Bouches-du-Rhône,8,8ème circonscription,102475,25080,77395,1073,443,75879,292,1443,17684,2197,22518,7873,14291,913,3130,3244,466,1828,13008,13008,LE PEN
13,Bouches-du-Rhône,9,9ème circonscription,100575,26316,74259,1059,386,72814,271,1763,16771,1830,20808,8427,14143,752,3090,2908,408,1643,13009,13009,LE PEN
13,Bouches-du-Rhône,10,10ème circonscription,108586,24129,84457,1235,448,82774,269,2100,19138,2285,25542,9729,13515,987,3736,3057,454,1962,13010,13010,LE PEN
13,Bouches-du-Rhône,11,11ème circonscription,91635,22385,69250,876,294,68080,192,1514,18853,1549,15779,7284,13334,865,3678,3183,334,1515,13011,13011,MACRON
13,Bouches-du-Rhône,12,12ème circonscription,94207,24376,69831,1059,295,68477,255,2155,13240,1617,24164,7803,12421,723,2109,2099,359,1532,13012,13012,LE PEN
13,Bouches-du-Rhône,13,13ème circonscription,94155,25229,68926,978,530,67418,343,3407,11256,1924,21910,5960,16689,730,1752,1592,515,1340,13013,13013,LE PEN
13,Bouches-du-Rhône,14,14ème circonscription,98757,23051,75706,996,382,74328,237,1446,21450,1850,14723,7493,15749,1102,4554,3680,458,1586,13014,13014,MACRON
13,Bouches-du-Rhône,15,15ème circonscription,109062,23978,85084,1197,554,83333,330,1675,19223,3073,25568,8963,13361,1000,3532,3865,559,2184,13015,13015,LE PEN
13,Bouches-du-Rhône,16,16ème circonscription,91353,22909,68444,915,436,67093,294,1750,12609,2244,20969,6413,16045,841,2026,2080,442,1380,13016,13016,LE PEN
14,Calvados,1,1ère circonscription,71988,15678,56310,757,298,55255,294,1160,18373,1025,8205,3011,13803,1259,4108,2633,558,826,14001,14001,MACRON
14,Calvados,2,2ème circonscription,68045,16399,51646,681,379,50586,414,1427,14718,1085,10041,2131,13770,1061,2943,1660,545,791,14002,14002,MACRON
14,Calvados,3,3ème circonscription,79595,19721,59874,872,409,58593,494,1244,16112,1704,18086,3346,9849,894,2156,2711,625,1372,14003,14003,LE PEN
14,Calvados,4,4ème circonscription,104420,24211,80209,1013,489,78707,491,1850,25692,2054,19119,6097,12114,1094,3268,4553,630,1745,14004,14004,MACRON
14,Calvados,5,5ème circonscription,92374,20320,72054,1045,407,70602,483,1542,23155,1936,16907,4208,11616,1215,3718,3749,641,1432,14005,14005,MACRON
14,Calvados,6,6ème circonscription,95726,21470,74256,1179,589,72488,581,1554,22316,2012,19416,3462,12798,1325,3428,3077,765,1754,14006,14006,MACRON
15,Cantal,1,1ère circonscription,62900,13188,49712,1045,479,48188,282,1548,14291,3313,11118,2718,7423,1146,1740,3431,381,797,15001,15001,MACRON
15,Cantal,2,2ème circonscription,52845,11831,41014,758,342,39914,273,948,10747,3535,10452,2188,5521,664,1011,3556,269,750,15002,15002,MACRON
16,Charente,1,1ère circonscription,83189,20104,63085,1012,464,61609,389,1636,17623,1989,13077,3423,14873,1412,3087,2404,585,1111,16001,16001,MACRON
16,Charente,2,2ème circonscription,83497,19384,64113,1029,512,62572,389,1602,17840,2821,17407,3705,10274,1161,2270,2980,556,1567,16002,16002,MACRON
16,Charente,3,3ème circonscription,90922,20421,70501,1252,764,68485,541,2136,17663,3672,19948,3489,12158,1430,2200,2959,622,1667,16003,16003,LE PEN
17,Charente-Maritime,1,1ère circonscription,110154,25894,84260,1136,454,82670,349,2017,28349,2122,12850,4757,18495,1556,5905,4256,587,1427,17001,17001,MACRON
17,Charente-Maritime,2,2ème circonscription,111596,23463,88133,1386,571,86176,526,2223,24887,3122,20830,4631,16983,1543,4812,3689,850,2080,17002,17002,MACRON
17,Charente-Maritime,3,3ème circonscription,83998,19532,64466,990,526,62950,453,1753,16567,2582,17453,3682,11724,1232,2544,2800,602,1558,17003,17003,LE PEN
17,Charente-Maritime,4,4ème circonscription,94217,21663,72554,1036,570,70948,488,1822,18871,3114,22177,4578,10372,1172,2274,3632,593,1855,17004,17004,LE PEN
17,Charente-Maritime,5,5ème circonscription,119237,25885,93352,1370,659,91323,514,2187,25079,3395,26480,6699,14059,1354,3477,4939,771,2369,17005,17005,LE PEN
18,Cher,1,1ère circonscription,71152,18800,52352,1025,308,51019,378,1478,14708,1701,12727,3698,8986,857,1804,3059,438,1185,18001,18001,MACRON
18,Cher,2,2ème circonscription,68912,19038,49874,907,324,48643,455,2290,12741,1577,13607,2879,9307,751,1461,2069,432,1074,18002,18002,LE PEN
18,Cher,3,3ème circonscription,84506,21970,62536,1214,451,60871,471,1981,16048,2217,18438,4245,9608,977,1763,3019,593,1511,18003,18003,LE PEN
19,Corrèze,1,1ère circonscription,92011,18184,73827,1333,752,71742,469,3744,15303,5471,15499,3746,14627,1945,2482,6440,704,1312,19001,19001,LE PEN
19,Corrèze,2,2ème circonscription,93021,20246,72775,1184,733,70858,416,2548,17822,4706,16159,4266,13104,1660,2558,5838,475,1306,19002,19002,MACRON
2A,Corse-du-Sud,1,1ère circonscription,52148,19518,32630,487,1020,31123,89,846,5928,3191,8950,4074,4279,339,1104,1503,290,530,2A001,2A001,LE PEN
2A,Corse-du-Sud,2,2ème circonscription,61770,22848,38922,643,541,37738,108,1004,7004,3538,11189,5125,5051,285,1162,2269,318,685,2A002,2A002,LE PEN
2B,Haute-Corse,1,1ère circonscription,61270,22091,39179,641,409,38129,127,1383,6609,3577,10963,4496,5450,489,1317,2700,377,641,2B001,2B001,LE PEN
2B,Haute-Corse,2,2ème circonscription,67844,26172,41672,822,468,40382,130,1304,7164,5024,11035,5161,4918,470,1203,2855,385,733,2B002,2B002,LE PEN
21,Côte-d'Or,1,1ère circonscription,69988,14344,55644,763,270,54611,273,1009,18282,1068,8532,4575,11680,1085,3442,3234,435,996,21001,21001,MACRON
21,Côte-d'Or,2,2ème circonscription,70982,15351,55631,897,312,54422,318,1016,15257,1476,12661,4017,11596,1011,2837,2668,419,1146,21002,21002,MACRON
21,Côte-d'Or,3,3ème circonscription,72033,15492,56541,942,305,55294,375,1202,15159,1262,13395,3688,12776,1103,2516,2239,411,1168,21003,21003,MACRON
21,Côte-d'Or,4,4ème circonscription,68376,14293,54083,878,365,52840,393,1225,12997,2129,15940,4196,8466,849,1871,2729,497,1548,21004,21004,LE PEN
21,Côte-d'Or,5,5ème circonscription,85480,18406,67074,1097,399,65578,416,1269,19039,2248,18582,5175,9357,1078,2796,3474,524,1620,21005,21005,MACRON
22,Côtes-d'Armor,1,1ère circonscription,91480,20230,71250,1167,521,69562,487,2294,22809,1638,13175,2983,15353,1703,4457,2939,626,1098,22001,22001,MACRON
22,Côtes-d'Armor,2,2ème circonscription,103154,19886,83268,1277,661,81330,571,2113,25873,2449,18339,4649,15104,1627,4060,4125,813,1607,22002,22002,MACRON
22,Côtes-d'Armor,3,3ème circonscription,88709,17554,71155,1189,645,69321,521,1888,22196,2617,17490,2806,11803,1515,2622,3858,638,1367,22003,22003,MACRON
22,Côtes-d'Armor,4,4ème circonscription,80861,16530,64331,905,602,62824,491,2717,16553,2661,14985,2600,14078,1474,2848,2500,934,983,22004,22004,MACRON
22,Côtes-d'Armor,5,5ème circonscription,107548,22397,85151,1184,611,83356,533,2616,26225,2584,15861,4281,17888,1960,5362,3813,884,1349,22005,22005,MACRON
23,Creuse,1,1ère circonscription,90946,21967,68979,1388,743,66848,490,2430,15542,4275,16772,3501,13679,1641,1906,4391,665,1556,23001,23001,LE PEN
24,Dordogne,1,1ère circonscription,77353,16688,60665,825,611,59229,302,2454,14515,2951,14995,3874,12349,1341,2144,2545,516,1243,24001,24001,LE PEN
24,Dordogne,2,2ème circonscription,84067,18394,65673,832,580,64261,314,2039,15295,4291,17758,4716,11857,1146,2265,2650,511,1419,24002,24002,LE PEN
24,Dordogne,3,3ème circonscription,67127,12507,54620,885,686,53049,350,1907,12369,3567,14224,2997,10610,1186,1492,2651,541,1155,24003,24003,LE PEN
24,Dordogne,4,4ème circonscription,89621,17267,72354,1094,1243,70017,328,2455,16353,5041,16350,4213,15238,1689,2662,3434,655,1599,24004,24004,MACRON
25,Doubs,1,1ère circonscription,75834,17071,58763,1082,379,57302,403,1105,16245,1403,11673,3681,14013,1087,3289,2648,507,1248,25001,25001,MACRON
25,Doubs,2,2ème circonscription,78338,16381,61957,961,420,60576,429,1288,17617,1530,11450,4167,14230,1276,3611,3137,521,1320,25002,25002,MACRON
25,Doubs,3,3ème circonscription,64414,15450,48964,936,394,47634,419,843,11953,1750,13792,3563,8388,796,1587,2672,404,1467,25003,25003,LE PEN
25,Doubs,4,4ème circonscription,65374,16907,48467,798,428,47241,418,911,10635,1263,14823,3756,9971,708,1356,1753,358,1289,25004,25004,LE PEN
25,Doubs,5,5ème circonscription,84419,18308,66111,1212,555,64344,400,854,19888,2742,14965,4319,8985,1035,3253,4897,555,2451,25005,25005,MACRON
26,Drôme,1,1ère circonscription,77421,19049,58372,846,370,57156,325,1187,15708,1490,11829,4234,13724,1080,3158,2792,341,1288,26001,26001,MACRON
26,Drôme,2,2ème circonscription,95581,22485,73096,1069,531,71496,386,1752,17237,2379,20415,5881,13929,1152,2828,3024,530,1983,26002,26002,LE PEN
26,Drôme,3,3ème circonscription,110419,20915,89504,1328,544,87632,492,2188,20554,3692,18229,6027,22942,1621,4798,4039,718,2332,26003,26003,MÉLENCHON
26,Drôme,4,4ème circonscription,98767,21840,76927,1334,453,75140,838,1625,18729,2384,20101,5868,14663,1458,3450,3349,520,2155,26004,26004,LE PEN
27,Eure,1,1ère circonscription,86341,22343,63998,929,356,62713,434,1176,16411,1533,20101,4550,11027,675,2138,2683,496,1489,27001,27001,LE PEN
27,Eure,2,2ème circonscription,78690,18501,60189,978,290,58921,440,1453,15813,1464,18794,3645,9738,780,2286,2582,520,1406,27002,27002,LE PEN
27,Eure,3,3ème circonscription,85486,20187,65299,1008,371,63920,468,1371,16759,1765,22094,3929,9403,761,2201,2948,556,1665,27003,27003,LE PEN
27,Eure,4,4ème circonscription,92417,23514,68903,1097,403,67403,430,1599,17421,1534,20733,4056,13623,1018,2527,2394,584,1484,27004,27004,LE PEN
27,Eure,5,5ème circonscription,89264,21918,67346,1073,369,65904,425,1457,16654,1472,21230,4750,11780,793,2325,2945,554,1519,27005,27005,LE PEN
28,Eure-et-Loir,1,1ère circonscription,90750,22794,67956,983,437,66536,372,1342,20513,1658,15302,4735,11988,1117,3236,4016,517,1740,28001,28001,MACRON
28,Eure-et-Loir,2,2ème circonscription,74844,21038,53806,784,284,52738,322,959,12638,1148,14909,3464,12744,538,1611,2800,382,1223,28002,28002,LE PEN
28,Eure-et-Loir,3,3ème circonscription,71129,18586,52543,912,368,51263,343,1047,14026,1390,15163,3175,8817,812,1732,2945,429,1384,28003,28003,LE PEN
28,Eure-et-Loir,4,4ème circonscription,67165,16542,50623,810,329,49484,382,919,12692,1498,16586,3429,6980,609,1325,3242,438,1384,28004,28004,LE PEN
29,Finistère,1,1ère circonscription,91816,18923,72893,1042,496,71355,420,1975,24625,2085,11355,3745,14865,1833,4879,3574,845,1154,29001,29001,MACRON
29,Finistère,2,2ème circonscription,78724,20940,57784,1213,42,56529,280,1473,17308,1124,9070,3165,14762,1566,3971,2590,542,678,29002,29002,MACRON
29,Finistère,3,3ème circonscription,92877,19946,72931,1171,333,71427,473,1779,23897,2207,13801,3386,14426,1656,4555,3393,686,1168,29003,29003,MACRON
29,Finistère,4,4ème circonscription,83766,17567,66199,929,428,64842,427,2016,21225,2332,11782,2562,14231,1727,3557,3282,743,958,29004,29004,MACRON
29,Finistère,5,5ème circonscription,97574,20060,77514,1153,376,75985,512,1825,27152,2395,14763,2958,14090,1829,4726,3968,747,1020,29005,29005,MACRON
29,Finistère,6,6ème circonscription,91039,19538,71501,1119,478,69904,515,2145,20763,3045,14023,3423,15038,1502,3926,3343,1007,1174,29006,29006,MACRON
29,Finistère,7,7ème circonscription,83077,17607,65470,974,502,63994,457,2008,19635,2540,11720,2861,14491,1363,3678,3349,759,1133,29007,29007,MACRON
29,Finistère,8,8ème circonscription,90828,20289,70539,1091,565,68883,543,2119,20289,2592,14376,3507,14688,1601,3908,3042,937,1281,29008,29008,MACRON
30,Gard,1,1ère circonscription,88975,24935,64040,824,358,62858,207,1485,13475,1672,17170,6141,15843,918,2113,2413,310,1111,30001,30001,LE PEN
30,Gard,2,2ème circonscription,94576,20954,73622,1047,436,72139,290,1540,15266,2670,24414,7014,13249,983,2349,2544,405,1415,30002,30002,LE PEN
30,Gard,3,3ème circonscription,95154,20652,74502,1031,451,73020,304,1696,17078,2663,21780,7335,12953,1120,2966,3106,490,1529,30003,30003,LE PEN
30,Gard,4,4ème circonscription,93991,21634,72357,1034,422,70901,332,2712,13868,2958,22449,6124,14487,1066,2286,2603,539,1477,30004,30004,LE PEN
30,Gard,5,5ème circonscription,98195,22418,75777,1088,479,74210,381,3071,14627,3344,19980,5627,18606,1494,2724,2327,586,1443,30005,30005,LE PEN
30,Gard,6,6ème circonscription,84147,22130,62017,816,350,60851,254,1619,13964,1855,15687,6238,13689,1004,2536,2467,376,1162,30006,30006,LE PEN
31,Haute-Garonne,1,1ère circonscription,83552,17270,66282,818,337,65127,207,1380,18173,2178,7991,4262,20803,1745,4657,2363,426,942,31001,31001,MÉLENCHON
31,Haute-Garonne,2,2ème circonscription,103430,21092,82338,1199,446,80693,313,1847,22072,3070,12539,5646,23483,2063,4901,2925,590,1244,31002,31002,MÉLENCHON
31,Haute-Garonne,3,3ème circonscription,79901,14525,65376,809,271,64296,185,1246,20701,2143,7551,5567,15775,1555,4623,3740,374,836,31003,31003,MACRON
31,Haute-Garonne,4,4ème circonscription,68037,15307,52730,576,1758,50396,150,1071,12909,1331,4559,3043,19477,1345,3778,1782,340,611,31004,31004,MÉLENCHON
31,Haute-Garonne,5,5ème circonscription,106151,20093,86058,1285,544,84229,353,1800,21898,4463,20990,6058,17731,1888,3844,2898,578,1728,31005,31005,MACRON
31,Haute-Garonne,6,6ème circonscription,114721,20775,93946,1281,533,92132,401,2072,27268,4096,17530,6106,20533,2668,5781,3362,569,1746,31006,31006,MACRON
31,Haute-Garonne,7,7ème circonscription,105963,21672,84291,1226,579,82486,421,1928,19788,4643,20457,5941,18722,2109,3798,2501,577,1601,31007,31007,LE PEN
31,Haute-Garonne,8,8ème circonscription,86008,18971,67037,923,516,65598,340,1625,13833,6808,16962,4636,13313,2168,2063,2096,444,1310,31008,31008,LE PEN
31,Haute-Garonne,9,9ème circonscription,79818,17456,62362,774,328,61260,287,1410,15095,2195,9441,3748,20344,1662,3792,1951,448,887,31009,31009,MÉLENCHON
31,Haute-Garonne,10,10ème circonscription,102740,16205,86535,1238,535,84762,349,1928,24975,4552,15234,5606,18686,2455,5362,3535,542,1538,31010,31010,MACRON
32,Gers,1,1ère circonscription,73596,14222,59374,888,429,58057,260,1696,14360,6102,12597,3728,11275,2009,1962,2466,425,1177,32001,32001,MACRON
32,Gers,2,2ème circonscription,73682,14045,59637,874,421,58342,269,1432,14610,5618,13418,4668,10078,1852,2128,2660,368,1241,32002,32002,MACRON
33,Gironde,1,1ère circonscription,103351,23721,79630,987,328,78315,217,1372,28709,2021,9157,5934,17364,1621,5373,4825,661,1061,33001,33001,MACRON
33,Gironde,2,2ème circonscription,71935,16310,55625,636,207,54782,129,855,18004,1167,3707,3773,17034,1334,5044,2668,539,528,33002,33002,MACRON
33,Gironde,3,3ème circonscription,88554,20982,67572,916,328,66328,270,1934,17975,2086,8469,3342,21725,1764,5046,2110,738,869,33003,33003,MÉLENCHON
33,Gironde,4,4ème circonscription,97743,24447,73296,1044,479,71773,293,2005,18226,2555,15974,4075,19622,1821,3048,2178,746,1230,33004,33004,MÉLENCHON
33,Gironde,5,5ème circonscription,120515,25330,95185,1307,559,93319,451,2385,24575,4511,26187,6262,17504,1704,3608,3321,1087,1724,33005,33005,LE PEN
33,Gironde,6,6ème circonscription,107025,20513,86512,1195,437,84880,301,1939,28596,2938,14815,5174,17736,2259,5271,3622,759,1470,33006,33006,MACRON
33,Gironde,7,7ème circonscription,79438,17038,62400,837,313,61250,247,1614,19973,2176,8904,3392,14739,1653,4311,2734,551,956,33007,33007,MACRON
33,Gironde,8,8ème circonscription,119401,25758,93643,1225,492,91926,298,1937,28963,4329,21380,8023,13448,1549,3967,5272,759,2001,33008,33008,MACRON
33,Gironde,9,9ème circonscription,101590,18832,82758,1260,537,80961,398,2199,21244,5102,20084,4976,16046,1880,3495,3019,838,1680,33009,33009,MACRON
33,Gironde,10,10ème circonscription,82865,17416,65449,870,422,64157,296,1429,16341,3168,18307,4607,11891,1253,2326,2649,583,1307,33010,33010,LE PEN
33,Gironde,11,11ème circonscription,98441,22071,76370,1089,562,74719,462,2008,15635,3481,27265,4364,13223,1353,2130,2410,794,1594,33011,33011,LE PEN
33,Gironde,12,12ème circonscription,87690,16596,71094,1001,483,69610,317,1845,17938,4191,17293,4399,14443,1407,3058,2767,679,1273,33012,33012,MACRON
34,Hérault,1,1ère circonscription,89342,21474,67868,958,351,66559,262,1229,16103,1731,14736,6528,17486,1299,3189,2540,410,1046,34001,34001,MÉLENCHON
34,Hérault,2,2ème circonscription,64894,18338,46556,483,221,45852,137,785,9894,735,4568,2810,20684,1019,2876,1510,327,507,34002,34002,MÉLENCHON
34,Hérault,3,3ème circonscription,91551,17848,73703,1165,412,72126,226,1312,19972,2169,14015,6297,16907,1624,4617,3221,458,1308,34003,34003,MACRON
34,Hérault,4,4ème circonscription,118680,23299,95381,1362,603,93416,384,2040,21054,3636,23716,8034,22045,1784,4606,3444,766,1907,34004,34004,LE PEN
34,Hérault,5,5ème circonscription,98589,21355,77234,1014,500,75720,375,2206,14028,4283,24017,6100,16316,1486,2484,2296,585,1544,34005,34005,LE PEN
34,Hérault,6,6ème circonscription,93302,23490,69812,1021,397,68394,301,1707,13341,2580,23957,7085,12746,1011,1716,2388,394,1168,34006,34006,LE PEN
34,Hérault,7,7ème circonscription,108511,26700,81811,1006,632,80173,351,2108,16430,2769,25939,8516,15380,1309,2412,2938,543,1478,34007,34007,LE PEN
34,Hérault,8,8ème circonscription,93616,21783,71833,999,492,70342,294,1600,15574,2168,18225,6243,17572,1397,3182,2351,454,1282,34008,34008,LE PEN
34,Hérault,9,9ème circonscription,88880,21479,67401,859,396,66146,250,1178,15910,1997,16561,6138,15683,1221,2975,2542,456,1235,34009,34009,LE PEN
35,Ille-et-Vilaine,1,1ère circonscription,92977,20847,72130,1095,390,70645,394,1701,23478,1255,8418,2778,19910,2079,6402,2654,576,1000,35001,35001,MACRON
35,Ille-et-Vilaine,2,2ème circonscription,97485,18787,78698,1168,394,77136,415,1580,27920,1391,8602,3852,18880,2243,6884,3670,593,1106,35002,35002,MACRON
35,Ille-et-Vilaine,3,3ème circonscription,91520,18542,72978,1248,488,71242,536,1520,24226,1745,13830,3020,15269,1666,4591,2849,707,1283,35003,35003,MACRON
35,Ille-et-Vilaine,4,4ème circonscription,95367,19264,76103,1339,498,74266,539,1621,23244,2082,16439,3259,15763,1563,4521,2776,765,1694,35004,35004,MACRON
35,Ille-et-Vilaine,5,5ème circonscription,109324,22134,87190,1487,642,85061,626,1540,32093,2334,16714,3387,14721,1716,5265,4067,781,1817,35005,35005,MACRON
35,Ille-et-Vilaine,6,6ème circonscription,89879,18559,71320,1204,642,69474,520,1574,24280,2044,15741,2874,12251,1287,3776,3029,643,1455,35006,35006,MACRON
35,Ille-et-Vilaine,7,7ème circonscription,104816,23907,80909,1062,516,79331,462,1705,28322,2096,15516,5183,13417,1375,4671,4497,680,1407,35007,35007,MACRON
35,Ille-et-Vilaine,8,8ème circonscription,90268,19387,70881,908,296,69677,291,1455,22319,1038,6537,3110,22299,2044,6503,2652,631,798,35008,35008,MACRON
36,Indre,1,1ère circonscription,77726,20962,56764,1063,558,55143,456,1698,14876,2082,14941,3522,10168,1065,1808,2868,475,1184,36001,36001,LE PEN
36,Indre,2,2ème circonscription,88374,20444,67930,1388,688,65854,629,2004,16622,2902,19575,3916,10786,1399,1918,3721,680,1702,36002,36002,LE PEN
37,Indre-et-Loire,1,1ère circonscription,70550,20399,50151,639,228,49284,230,990,14921,847,5826,3332,15218,1031,3203,2539,434,713,37001,37001,MÉLENCHON
37,Indre-et-Loire,2,2ème circonscription,91935,20600,71335,1249,433,69653,498,1641,21320,1945,16766,4092,13038,1309,3466,3316,616,1646,37002,37002,MACRON
37,Indre-et-Loire,3,3ème circonscription,99213,22702,76511,1289,523,74699,563,2022,23737,2118,16846,4251,14292,1398,3404,3588,657,1823,37003,37003,MACRON
37,Indre-et-Loire,4,4ème circonscription,92072,22182,69890,1155,501,68234,531,1728,20904,1925,15575,3783,13930,1284,2998,3285,674,1617,37004,37004,MACRON
37,Indre-et-Loire,5,5ème circonscription,86732,19653,67079,1105,354,65620,421,1454,20621,1685,15540,4473,11534,1194,3174,3551,501,1472,37005,37005,MACRON
38,Isère,1,1ère circonscription,85135,17721,67414,749,213,66452,200,1084,22238,967,6781,4457,18166,1512,6272,3543,402,830,38001,38001,MACRON
38,Isère,2,2ème circonscription,78251,19007,59244,924,287,58033,318,1661,14980,1235,11695,3602,16554,1126,3539,1912,442,969,38002,38002,MÉLENCHON
38,Isère,3,3ème circonscription,60060,15957,44103,552,175,43376,205,1115,10694,696,6531,2432,15497,916,3107,1271,354,558,38003,38003,MÉLENCHON
38,Isère,4,4ème circonscription,91598,19467,72131,1138,320,70673,402,1713,19391,1995,15085,4741,16342,1481,4541,3006,594,1382,38004,38004,MACRON
38,Isère,5,5ème circonscription,105572,21208,84364,1353,372,82639,399,2019,22986,2076,16644,5337,19199,1748,6408,3440,659,1724,38005,38005,MACRON
38,Isère,6,6ème circonscription,88676,20359,68317,1195,329,66793,348,1233,16776,1753,20612,5946,11511,960,2730,2839,409,1676,38006,38006,LE PEN
38,Isère,7,7ème circonscription,95707,20824,74883,1405,621,72857,449,1610,18166,2483,22104,5497,12608,1201,2852,3376,506,2005,38007,38007,LE PEN
38,Isère,8,8ème circonscription,82027,18219,63808,1094,380,62334,306,1226,16710,1661,16943,5085,11646,1159,2839,2860,419,1480,38008,38008,LE PEN
38,Isère,9,9ème circonscription,100145,21804,78341,1448,366,76527,461,1673,21150,2167,17552,4997,16565,1469,4756,3318,567,1852,38009,38009,MACRON
38,Isère,10,10ème circonscription,98269,24110,74159,1132,415,72612,391,1360,17442,1992,20852,5356,15386,1164,3334,3010,474,1851,38010,38010,LE PEN
39,Jura,1,1ère circonscription,64847,13848,50999,887,441,49671,351,1160,12750,2105,12618,3221,10058,956,2176,2392,444,1440,39001,39001,MACRON
39,Jura,2,2ème circonscription,55574,12657,42917,812,285,41820,284,800,10360,2107,10020,2894,8605,716,1999,2213,411,1411,39002,39002,MACRON
39,Jura,3,3ème circonscription,70176,15129,55047,926,385,53736,418,1206,13029,2006,15541,3542,10219,963,2213,2819,488,1292,39003,39003,LE PEN
40,Landes,1,1ère circonscription,107989,22785,85204,1384,477,83343,417,2358,21989,7164,20274,5712,14492,2709,2678,3214,663,1673,40001,40001,MACRON
40,Landes,2,2ème circonscription,122214,24557,97657,1434,533,95690,366,2978,27285,8048,19263,6659,17698,2707,4091,4048,718,1829,40002,40002,MACRON
40,Landes,3,3ème circonscription,99134,18312,80822,1215,590,79017,332,2840,20185,9096,19109,4446,12358,3655,1859,3131,594,1412,40003,40003,MACRON
41,Loir-et-Cher,1,1ère circonscription,82628,21128,61500,1008,424,60068,386,1444,17405,1599,14142,3945,12062,1317,2856,3075,495,1342,41001,41001,MACRON
41,Loir-et-Cher,2,2ème circonscription,80308,19534,60774,1047,475,59252,391,1507,15891,1946,18550,4744,8545,861,1790,3094,471,1462,41002,41002,LE PEN
41,Loir-et-Cher,3,3ème circonscription,81782,18688,63094,1126,478,61490,469,1556,17184,1938,17520,4014,9770,987,2451,3417,561,1623,41003,41003,LE PEN
42,Loire,1,1ère circonscription,64077,16457,47620,698,251,46671,245,1108,12168,933,9509,3415,13374,847,2085,1902,330,755,42001,42001,MÉLENCHON
42,Loire,2,2ème circonscription,50594,14458,36136,430,186,35520,227,892,9064,643,5839,2637,11346,702,1900,1544,256,470,42002,42002,MÉLENCHON
42,Loire,3,3ème circonscription,83105,19747,63358,1176,225,61957,335,1370,16509,1641,16209,4905,12359,1157,2718,2800,415,1539,42003,42003,MACRON
42,Loire,4,4ème circonscription,103498,23199,80299,1342,443,78514,520,2015,19216,2535,21643,5891,15933,1313,3443,3585,619,1801,42004,42004,LE PEN
42,Loire,5,5ème circonscription,101872,22065,79807,1493,896,77418,468,2005,22150,2997,20934,5540,12780,1374,2847,3784,534,2005,42005,42005,MACRON
42,Loire,6,6ème circonscription,110648,22666,87982,1525,599,85858,595,1627,24896,3179,23630,6318,12377,1577,3663,4924,613,2459,42006,42006,MACRON
43,Haute-Loire,1,1ère circonscription,101344,20396,80948,1651,639,78658,574,1848,18239,3811,22764,5541,13099,1395,3469,5247,712,1959,43001,43001,LE PEN
43,Haute-Loire,2,2ème circonscription,79362,16604,62758,1186,575,60997,446,1645,14178,4006,15865,3988,11233,1096,2327,4313,493,1407,43002,43002,LE PEN
44,Loire-Atlantique,1,1ère circonscription,76919,18144,58775,868,150,57757,192,1054,19880,943,5426,3828,14970,1419,5329,3548,387,781,44001,44001,MACRON
44,Loire-Atlantique,2,2ème circonscription,90879,20902,69977,865,254,68858,255,1180,20222,911,4818,4527,23322,1748,7188,3365,556,766,44002,44002,MÉLENCHON
44,Loire-Atlantique,3,3ème circonscription,96273,24347,71926,1154,281,70491,391,1767,21075,1231,9713,3337,21084,1819,6070,2410,623,971,44003,44003,MÉLENCHON
44,Loire-Atlantique,4,4ème circonscription,92919,21302,71617,1152,402,70063,386,1803,21215,1302,9528,2969,20457,2158,6033,2477,630,1105,44004,44004,MACRON
44,Loire-Atlantique,5,5ème circonscription,125352,25913,99439,1551,446,97442,510,2062,33584,2208,14937,4868,21466,2371,8333,4536,803,1764,44005,44005,MACRON
44,Loire-Atlantique,6,6ème circonscription,114979,26083,88896,1776,710,86410,648,1767,26305,2712,20694,3803,17212,1777,4771,3761,992,1968,44006,44006,MACRON
44,Loire-Atlantique,7,7ème circonscription,117012,24955,92057,1481,539,90037,551,2127,29924,2363,18554,6404,14960,1479,4751,6086,860,1978,44007,44007,MACRON
44,Loire-Atlantique,8,8ème circonscription,89668,23384,66284,1050,413,64821,543,2181,17900,1543,13169,3017,16427,1671,4246,2152,704,1268,44008,44008,MACRON
44,Loire-Atlantique,9,9ème circonscription,129388,27441,101947,1702,667,99578,678,2406,31677,2719,22079,5379,19080,1816,5857,4603,937,2347,44009,44009,MACRON
44,Loire-Atlantique,10,10ème circonscription,123304,23868,99436,1774,697,96965,558,1975,34827,2366,16784,4629,18999,2111,7494,4603,788,1831,44010,44010,MACRON
45,Loiret,1,1ère circonscription,77302,18949,58353,914,319,57120,278,1229,19326,1295,10004,3865,11876,1207,3252,3312,369,1107,45001,45001,MACRON
45,Loiret,2,2ème circonscription,86510,22121,64389,1076,376,62937,355,1498,18800,1369,14096,4387,13117,1160,3009,3376,481,1289,45002,45002,MACRON
45,Loiret,3,3ème circonscription,70803,16771,54032,942,386,52704,330,1298,14598,1678,15668,3545,8320,863,1850,2796,400,1358,45003,45003,LE PEN
45,Loiret,4,4ème circonscription,74595,20289,54306,825,388,53093,329,1237,13255,1482,17336,3861,8905,626,1498,2782,376,1406,45004,45004,LE PEN
45,Loiret,5,5ème circonscription,73331,18051,55280,878,348,54054,359,1126,14413,1457,16566,3500,9467,719,1782,2925,409,1331,45005,45005,LE PEN
45,Loiret,6,6ème circonscription,75009,18287,56722,877,331,55514,308,1142,16612,1202,12162,3720,11801,1081,3010,2895,398,1183,45006,45006,MACRON
46,Lot,1,1ère circonscription,72691,14613,58078,784,456,56838,308,1855,13963,3658,11516,3452,13301,1381,2496,3098,524,1286,46001,46001,MACRON
46,Lot,2,2ème circonscription,66587,12551,54036,983,501,52552,310,1704,13348,4374,9906,2671,12631,1385,2107,2550,452,1114,46002,46002,MACRON
47,Lot-et-Garonne,1,1ère circonscription,88161,18562,69599,1059,502,68038,347,1881,16523,4909,17512,5839,12661,1217,2554,2793,520,1282,47001,47001,LE PEN
47,Lot-et-Garonne,2,2ème circonscription,77282,17196,60086,855,494,58737,297,1687,13104,4485,17192,4943,10201,1078,1493,2458,457,1342,47002,47002,LE PEN
47,Lot-et-Garonne,3,3ème circonscription,75861,17149,58712,879,506,57327,245,1402,12941,4206,15586,4864,11182,1062,1639,2452,460,1288,47003,47003,LE PEN
48,Lozère,1,1ère circonscription,59812,11680,48132,741,395,46996,235,1343,10739,4722,10497,3148,9153,1045,1736,3039,426,913,48001,48001,MACRON
49,Maine-et-Loire,1,1ère circonscription,87670,21121,66549,1101,349,65099,367,1209,22688,1306,10293,3724,14262,1457,4789,3369,506,1129,49001,49001,MACRON
49,Maine-et-Loire,2,2ème circonscription,93612,21296,72316,1271,434,70611,520,1455,24779,1618,11853,3327,15326,1566,4858,3293,591,1425,49002,49002,MACRON
49,Maine-et-Loire,3,3ème circonscription,72321,17455,54866,1030,409,53427,418,1122,15943,1479,15708,2783,8378,918,2340,2572,512,1254,49003,49003,MACRON
49,Maine-et-Loire,4,4ème circonscription,76045,17419,58626,1014,392,57220,402,1010,19528,1676,14387,3186,8565,921,2798,2960,474,1313,49004,49004,MACRON
49,Maine-et-Loire,5,5ème circonscription,79259,18988,60271,1100,443,58728,408,1052,23584,1462,10814,2657,9572,1229,3346,2861,421,1322,49005,49005,MACRON
49,Maine-et-Loire,6,6ème circonscription,98733,22277,76456,1433,549,74474,550,1281,28057,2080,14539,3105,13022,1425,4529,3440,658,1788,49006,49006,MACRON
49,Maine-et-Loire,7,7ème circonscription,81623,18310,63313,1123,407,61783,406,1233,22484,1415,11839,2922,11491,1285,3975,3043,501,1189,49007,49007,MACRON
50,Manche,1,1ère circonscription,87713,21104,66609,1125,447,65037,531,1413,21688,2016,17275,3068,9621,1212,2698,3398,614,1503,50001,50001,MACRON
50,Manche,2,2ème circonscription,96973,22676,74297,1262,607,72428,524,1544,25532,2327,16744,3586,10962,1190,3020,4348,635,2016,50002,50002,MACRON
50,Manche,3,3ème circonscription,110674,25593,85081,1391,539,83151,681,2144,26529,3043,21268,4171,13192,1498,3342,4380,832,2071,50003,50003,MACRON
50,Manche,4,4ème circonscription,89253,24087,65166,969,355,63842,513,2267,18893,2035,14483,3165,13165,1953,2813,2620,639,1296,50004,50004,MACRON
51,Marne,1,1ère circonscription,73920,20903,53017,659,303,52055,320,910,15805,1000,13372,3702,10089,727,2308,2498,343,981,51001,51001,MACRON
51,Marne,2,2ème circonscription,74347,20162,54185,669,309,53207,314,975,16868,1095,13381,3924,9484,780,2275,2802,361,948,51002,51002,MACRON
51,Marne,3,3ème circonscription,79952,21754,58198,845,333,57020,392,1155,15927,1554,18258,3948,8482,669,1785,3052,411,1387,51003,51003,LE PEN
51,Marne,4,4ème circonscription,76591,20267,56324,759,386,55179,360,1256,15473,1484,16856,3889,8751,764,1858,2779,406,1303,51004,51004,LE PEN
51,Marne,5,5ème circonscription,75834,17924,57910,894,371,56645,392,1011,14399,1788,21889,4038,6052,602,1335,3226,373,1540,51005,51005,LE PEN
52,Haute-Marne,1,1ère circonscription,69939,17352,52587,819,459,51309,381,967,12842,1999,16623,3352,7753,793,1706,2964,426,1503,52001,52001,LE PEN
52,Haute-Marne,2,2ème circonscription,59450,15921,43529,670,360,42499,315,866,9044,1328,17708,3098,5475,512,874,1877,321,1081,52002,52002,LE PEN
53,Mayenne,1,1ère circonscription,73560,17646,55914,1064,443,54407,430,1106,19276,1372,11419,2841,9600,1282,2722,2794,432,1133,53001,53001,MACRON
53,Mayenne,2,2ème circonscription,78840,18165,60675,1254,488,58933,404,1154,22425,1515,12543,2970,8787,1139,2888,3339,479,1290,53002,53002,MACRON
53,Mayenne,3,3ème circonscription,72322,17001,55321,1165,588,53568,439,1053,19054,1786,13414,2231,7221,1047,2324,3103,461,1435,53003,53003,MACRON
54,Meurthe-et-Moselle,1,1ère circonscription,81726,21364,60362,817,313,59232,313,1106,18150,1200,10765,3899,14809,1328,3510,2600,522,1030,54001,54001,MACRON
54,Meurthe-et-Moselle,2,2ème circonscription,67282,17634,49648,671,247,48730,231,906,16388,890,7320,3286,12152,1079,2777,2564,338,799,54002,54002,MACRON
54,Meurthe-et-Moselle,3,3ème circonscription,80563,25005,55558,741,354,54463,374,1717,13096,1262,16354,3515,12745,817,1441,1341,564,1237,54003,54003,LE PEN
54,Meurthe-et-Moselle,4,4ème circonscription,97301,24588,72713,1058,494,71161,571,1520,17789,2071,24205,4611,11596,1085,2455,2960,652,1646,54004,54004,LE PEN
54,Meurthe-et-Moselle,5,5ème circonscription,78151,18402,59749,889,406,58454,416,1125,15255,1707,18600,4279,9625,1078,2292,2210,544,1323,54005,54005,LE PEN
54,Meurthe-et-Moselle,6,6ème circonscription,87034,23926,63108,916,432,61760,468,1587,14574,1609,19999,3928,12965,975,2113,1712,594,1236,54006,54006,LE PEN
55,Meuse,1,1ère circonscription,75355,18252,57103,840,434,55829,396,1053,13806,1965,19309,4215,7970,845,1899,2453,473,1445,55001,55001,LE PEN
55,Meuse,2,2ème circonscription,59450,15840,43610,669,257,42684,306,904,10733,1535,15279,3132,5589,638,1231,1950,410,977,55002,55002,LE PEN
56,Morbihan,1,1ère circonscription,114329,23754,90575,1345,436,88794,399,1826,32840,1986,14592,6036,14978,1632,6301,5801,692,1711,56001,56001,MACRON
56,Morbihan,2,2ème circonscription,112017,22578,89439,1404,566,87469,547,2219,28289,2659,18246,5190,16389,1426,5447,4419,820,1818,56002,56002,MACRON
56,Morbihan,3,3ème circonscription,96283,19951,76332,1406,655,74271,543,1673,23440,2749,19791,3681,11918,1192,3568,3425,733,1558,56003,56003,MACRON
56,Morbihan,4,4ème circonscription,111288,22632,88656,1569,583,86504,606,1848,27977,2986,21841,4590,14870,1425,3945,3539,836,2041,56004,56004,MACRON
56,Morbihan,5,5ème circonscription,81577,21269,60308,1042,300,58966,337,1826,19006,1323,10696,3496,12879,1271,4074,2617,477,964,56005,56005,MACRON
56,Morbihan,6,6ème circonscription,93478,20336,73142,1193,579,71370,520,2137,21188,2696,17690,3602,13166,1321,3701,3037,818,1494,56006,56006,MACRON
57,Moselle,1,1ère circonscription,92618,26645,65973,1010,380,64583,372,1276,17414,1289,17364,4665,14594,907,2728,2306,534,1134,57001,57001,MACRON
57,Moselle,2,2ème circonscription,76100,20972,55128,851,345,53932,309,901,16726,1275,13027,4144,10357,874,2449,2389,414,1067,57002,57002,MACRON
57,Moselle,3,3ème circonscription,75560,21384,54176,751,278,53147,311,955,16230,1283,12117,3978,11024,821,2703,2179,428,1118,57003,57003,MACRON
57,Moselle,4,4ème circonscription,80854,19321,61533,936,433,60164,482,833,14216,2229,21993,4620,7709,813,1905,2860,500,2004,57004,57004,LE PEN
57,Moselle,5,5ème circonscription,72444,19773,52671,803,357,51511,429,619,12533,2038,18521,4185,6771,757,1474,1999,426,1759,57005,57005,LE PEN
57,Moselle,6,6ème circonscription,66720,20871,45849,538,296,45015,309,541,9286,1005,16229,3389,10249,485,925,1340,333,924,57006,57006,LE PEN
57,Moselle,7,7ème circonscription,89286,23817,65469,961,438,64070,458,951,14075,1900,23262,5104,11551,824,1791,2057,509,1588,57007,57007,LE PEN
57,Moselle,8,8ème circonscription,91057,29535,61522,918,393,60211,402,1361,13224,1224,18931,3832,15399,945,1686,1382,578,1247,57008,57008,LE PEN
57,Moselle,9,9ème circonscription,101275,27981,73294,1175,433,71686,427,1313,22662,1920,17810,5452,12505,1108,3270,2788,621,1810,57009,57009,MACRON
58,Nièvre,1,1ère circonscription,74491,19917,54574,1003,331,53240,348,2108,13929,1623,15029,3386,10010,1028,1908,2353,458,1060,58001,58001,LE PEN
58,Nièvre,2,2ème circonscription,79695,18933,60762,954,607,59201,485,2173,14757,2483,17809,3992,9920,1132,1644,2819,552,1435,58002,58002,LE PEN
59,Nord,1,1ère circonscription,63513,18568,44945,449,252,44244,210,955,10859,528,5782,1942,18487,879,2735,1117,301,449,59001,59001,MÉLENCHON
59,Nord,2,2ème circonscription,86242,24464,61778,765,342,60671,368,1672,15848,797,9690,2691,22132,1244,3452,1596,428,753,59002,59002,MÉLENCHON
59,Nord,3,3ème circonscription,92248,29188,63060,745,364,61951,440,1742,12797,1245,24180,3725,12783,674,1127,1763,379,1096,59003,59003,LE PEN
59,Nord,4,4ème circonscription,100845,26363,74482,947,372,73163,316,1690,26522,1156,13218,4532,15008,1172,4655,3359,448,1087,59004,59004,MACRON
59,Nord,5,5ème circonscription,101258,24673,76585,1155,402,75028,442,2361,22344,1299,21342,4372,13752,1223,3560,2570,494,1269,59005,59005,MACRON
59,Nord,6,6ème circonscription,93408,20099,73309,1050,365,71894,342,2091,25306,1478,17162,4540,11033,1203,3679,3304,402,1354,59006,59006,MACRON
59,Nord,7,7ème circonscription,73343,21099,52244,661,276,51307,216,1087,16207,840,10218,3087,13289,649,2422,2124,297,871,59007,59007,MACRON
59,Nord,8,8ème circonscription,68145,25447,42698,528,283,41887,285,674,8785,507,9590,1788,17236,460,1041,741,274,506,59008,59008,MÉLENCHON
59,Nord,9,9ème circonscription,91917,26160,65757,739,317,64701,222,1312,23668,877,8877,4425,15224,853,3872,4073,348,950,59009,59009,MACRON
59,Nord,10,10ème circonscription,82005,27221,54784,749,335,53700,271,1141,15528,824,14068,3199,13283,655,1911,1634,321,865,59010,59010,MACRON
59,Nord,11,11ème circonscription,93910,27590,66320,875,373,65072,410,1900,18497,1021,14365,3621,17193,1402,3236,2067,444,916,59011,59011,MACRON
59,Nord,12,12ème circonscription,92886,25243,67643,898,414,66331,440,3193,14360,1408,26238,4002,10550,719,1453,2193,444,1331,59012,59012,LE PEN
59,Nord,13,13ème circonscription,87000,27086,59914,1077,381,58456,539,1641,13209,1123,19552,2867,14349,915,1533,1305,508,915,59013,59013,LE PEN
59,Nord,14,14ème circonscription,99208,24634,74574,1200,505,72869,594,1853,19919,1831,25474,4458,10535,1141,1979,2956,616,1513,59014,59014,LE PEN
59,Nord,15,15ème circonscription,97732,23744,73988,1121,562,72305,545,1865,20550,1838,23811,4106,10992,1125,2423,2928,579,1543,59015,59015,LE PEN
59,Nord,16,16ème circonscription,83608,23818,59790,832,372,58586,361,3405,10956,897,23573,3000,12046,702,1304,1079,404,859,59016,59016,LE PEN
59,Nord,17,17ème circonscription,73465,20723,52742,718,285,51739,291,1756,11516,853,18392,3025,11167,684,1472,1483,290,810,59017,59017,LE PEN
59,Nord,18,18ème circonscription,90892,25795,65097,912,412,63773,451,1879,14919,1428,25665,4139,9036,821,1392,2376,409,1258,59018,59018,LE PEN
59,Nord,19,19ème circonscription,80114,23252,56862,668,372,55822,370,3776,9908,820,23681,2817,10766,627,972,1018,320,747,59019,59019,LE PEN
59,Nord,20,20ème circonscription,81402,25246,56156,604,355,55197,259,6849,10638,781,20389,3055,9603,439,1196,1060,250,678,59020,59020,LE PEN
59,Nord,21,21ème circonscription,80765,23620,57145,723,337,56085,301,3060,13802,908,17860,3777,11321,628,1548,1724,309,847,59021,59021,LE PEN
60,Oise,1,1ère circonscription,82996,21090,61906,965,415,60526,499,1343,14446,1460,22610,3581,10011,605,1766,2321,536,1348,60001,60001,LE PEN
60,Oise,2,2ème circonscription,88749,21439,67310,1016,1150,65144,475,1252,15358,1576,24443,4523,10244,616,1877,2667,496,1617,60002,60002,LE PEN
60,Oise,3,3ème circonscription,73605,20063,53542,744,503,52295,328,1300,10940,1021,15387,3296,14969,529,1382,1645,386,1112,60003,60003,LE PEN
60,Oise,4,4ème circonscription,93322,22573,70749,1087,886,68776,325,1209,20002,1519,17947,6953,11077,645,3028,4103,427,1541,60004,60004,MACRON
60,Oise,5,5ème circonscription,73122,18603,54519,826,328,53365,369,1047,13197,1231,16488,4025,10472,559,2129,2218,382,1248,60005,60005,LE PEN
60,Oise,6,6ème circonscription,75769,18666,57103,801,360,55942,433,1352,14138,1257,18235,4180,9519,613,1931,2541,408,1335,60006,60006,LE PEN
60,Oise,7,7ème circonscription,76558,19647,56911,885,360,55666,430,1551,11962,1115,17763,3775,13154,684,1672,1955,413,1192,60007,60007,LE PEN
61,Orne,1,1ère circonscription,68427,17153,51274,880,352,50042,399,1044,16439,1515,12584,2910,7823,866,2030,2766,447,1219,61001,61001,MACRON
61,Orne,2,2ème circonscription,66030,16122,49908,817,278,48813,330,960,13713,1621,15116,3232,6847,561,1594,3166,378,1295,61002,61002,LE PEN
61,Orne,3,3ème circonscription,71081,17660,53421,889,437,52095,474,1257,15853,1759,14104,2768,8323,941,1889,2906,509,1312,61003,61003,MACRON
62,Pas-de-Calais,1,1ère circonscription,104900,23046,81854,1199,594,80061,661,2190,20427,2172,31760,4785,9611,1079,1781,3450,499,1646,62001,62001,LE PEN
62,Pas-de-Calais,2,2ème circonscription,86900,20812,66088,879,549,64660,435,1947,19701,1434,17710,3591,11706,1175,2786,2571,406,1198,62002,62002,MACRON
62,Pas-de-Calais,3,3ème circonscription,83138,25430,57708,680,385,56643,388,3291,10079,781,24699,2365,11477,756,972,834,369,632,62003,62003,LE PEN
62,Pas-de-Calais,4,4ème circonscription,89785,20977,68808,1014,690,67104,498,1585,22376,1820,21106,4050,7967,875,1458,3618,485,1266,62004,62004,MACRON
62,Pas-de-Calais,5,5ème circonscription,90480,25783,64697,816,456,63425,428,1917,18132,1283,21192,3243,10761,1130,1888,1903,531,1017,62005,62005,LE PEN
62,Pas-de-Calais,6,6ème circonscription,93543,20130,73413,986,576,71851,618,1795,18461,2008,27152,3935,9882,1202,1665,3020,528,1585,62006,62006,LE PEN
62,Pas-de-Calais,7,7ème circonscription,93900,27962,65938,861,478,64599,457,1811,14901,1476,24741,3838,11030,843,1611,2139,473,1279,62007,62007,LE PEN
62,Pas-de-Calais,8,8ème circonscription,92056,23585,68471,921,607,66943,574,2228,17082,1521,25198,3193,10381,1109,1643,2226,468,1320,62008,62008,LE PEN
62,Pas-de-Calais,9,9ème circonscription,79991,20117,59874,793,412,58669,363,2391,15854,1241,21121,3255,8426,795,1753,1955,373,1142,62009,62009,LE PEN
62,Pas-de-Calais,10,10ème circonscription,88852,24653,64199,830,464,62905,490,2163,12616,1126,30047,2611,9161,816,1169,1246,443,1017,62010,62010,LE PEN
62,Pas-de-Calais,11,11ème circonscription,93941,27004,66937,742,428,65767,451,2343,11527,989,29691,2779,13585,720,1278,1086,469,849,62011,62011,LE PEN
62,Pas-de-Calais,12,12ème circonscription,96237,26820,69417,880,511,68026,524,2485,13454,1159,31399,3119,10754,1119,1291,1259,444,1019,62012,62012,LE PEN
63,Puy-de-Dôme,1,1ère circonscription,83704,21168,62536,1081,423,61032,406,1909,17254,1719,11176,3504,16418,1488,3143,2506,546,963,63001,63001,MACRON
63,Puy-de-Dôme,2,2ème circonscription,89841,18197,71644,1439,617,69588,561,2559,18411,3860,17041,3918,12891,1729,2955,3530,663,1470,63002,63002,MACRON
63,Puy-de-Dôme,3,3ème circonscription,89550,18507,71043,1206,415,69422,380,1915,22208,3150,11243,4310,14116,1599,4368,4410,541,1182,63003,63003,MACRON
63,Puy-de-Dôme,4,4ème circonscription,100895,20526,80369,1642,550,78177,575,2860,21934,3354,17396,4393,16293,1847,3777,3420,730,1598,63004,63004,MACRON
63,Puy-de-Dôme,5,5ème circonscription,104113,22471,81642,1570,704,79368,634,3470,20327,4053,21326,4499,14816,1553,2786,3486,709,1709,63005,63005,LE PEN
64,Pyrénées-Atlantiques,1,1ère circonscription,68649,14601,54048,765,329,52954,194,1291,15767,4274,9245,3505,10997,1341,2883,2144,363,950,64001,64001,MACRON
64,Pyrénées-Atlantiques,2,2ème circonscription,82766,15840,66926,958,397,65571,227,1455,19234,7002,12322,4217,11979,1654,3193,2662,429,1197,64002,64002,MACRON
64,Pyrénées-Atlantiques,3,3ème circonscription,83795,17187,66608,953,438,65217,253,1693,16451,9345,13503,3555,12593,1698,2365,2130,485,1146,64003,64003,MACRON
64,Pyrénées-Atlantiques,4,4ème circonscription,80672,16539,64133,981,444,62708,359,1941,14105,13022,10134,3109,11262,1456,2548,2603,1218,951,64004,64004,MACRON
64,Pyrénées-Atlantiques,5,5ème circonscription,98913,22210,76703,1049,412,75242,299,1992,21711,6531,12611,5562,15143,1672,4440,3188,890,1203,64005,64005,MACRON
64,Pyrénées-Atlantiques,6,6ème circonscription,105134,23757,81377,1110,469,79798,345,1798,24342,8072,11953,5929,14056,1455,4538,4439,1597,1274,64006,64006,MACRON
65,Hautes-Pyrénées,1,1ère circonscription,87881,19877,68004,1018,435,66551,329,2377,16116,7311,14333,4012,14029,1819,2407,2120,520,1178,65001,65001,MACRON
65,Hautes-Pyrénées,2,2ème circonscription,89562,19718,69844,1046,461,68337,307,2162,17576,7450,15605,4702,12420,1496,2465,2440,483,1231,65002,65002,MACRON
66,Pyrénées-Orientales,1,1ère circonscription,72300,18749,53551,608,440,52503,232,1189,11382,1731,15831,5020,11319,965,1808,1732,318,976,66001,66001,LE PEN
66,Pyrénées-Orientales,2,2ème circonscription,103346,24608,78738,973,621,77144,357,1687,15283,3068,28646,7565,12848,1182,1972,2587,488,1461,66002,66002,LE PEN
66,Pyrénées-Orientales,3,3ème circonscription,84783,21019,63764,933,537,62294,348,1605,12448,3266,18781,5207,13383,1360,2217,1981,550,1148,66003,66003,LE PEN
66,Pyrénées-Orientales,4,4ème circonscription,101647,23328,78319,1014,678,76627,375,2028,16056,3625,24672,6990,14006,1506,2591,2515,639,1624,66004,66004,LE PEN
67,Bas-Rhin,1,1ère circonscription,61463,15388,46075,414,170,45491,154,538,14044,640,4029,2968,16760,855,2839,1767,328,569,67001,67001,MÉLENCHON
67,Bas-Rhin,2,2ème circonscription,71519,18931,52588,607,248,51733,265,715,15361,940,7483,2960,16703,985,3365,1713,366,877,67002,67002,MÉLENCHON
67,Bas-Rhin,3,3ème circonscription,70021,18530,51491,573,270,50648,235,711,15538,897,8199,3201,14803,851,2835,1974,369,1035,67003,67003,MACRON
67,Bas-Rhin,4,4ème circonscription,97274,21784,75490,1049,384,74057,322,839,26064,1669,16542,5645,12185,1059,3740,3573,435,1984,67004,67004,MACRON
67,Bas-Rhin,5,5ème circonscription,105914,24951,80963,1230,574,79159,629,972,23943,2520,23109,5389,11015,1052,3965,3191,635,2739,67005,67005,MACRON
67,Bas-Rhin,6,6ème circonscription,97315,22767,74548,1128,477,72943,508,912,22013,2380,20893,5249,10161,953,3680,3184,563,2447,67006,67006,MACRON
67,Bas-Rhin,7,7ème circonscription,85662,20673,64989,1099,448,63442,554,809,17563,1966,20664,4590,7531,878,2814,3130,492,2451,67007,67007,LE PEN
67,Bas-Rhin,8,8ème circonscription,94476,23542,70934,1156,510,69268,572,710,20077,1926,24331,5072,6866,855,2549,3015,500,2795,67008,67008,LE PEN
67,Bas-Rhin,9,9ème circonscription,95068,23658,71410,1079,353,69978,448,809,22466,1714,20633,5384,9031,860,2786,3265,470,2112,67009,67009,MACRON
68,Haut-Rhin,1,1ère circonscription,77944,20960,56984,794,365,55825,343,646,15933,1543,15213,4136,9511,751,2910,2626,422,1791,68001,68001,MACRON
68,Haut-Rhin,2,2ème circonscription,92458,21905,70553,1098,508,68947,459,901,20579,2347,18779,4728,10110,863,3896,3034,547,2704,68002,68002,MACRON
68,Haut-Rhin,3,3ème circonscription,86827,21950,64877,1000,387,63490,356,609,18641,2087,17626,5672,8541,714,3011,2958,418,2857,68003,68003,MACRON
68,Haut-Rhin,4,4ème circonscription,103815,25158,78657,1253,569,76835,497,1041,18942,2344,25609,6230,11330,1034,3472,2845,651,2840,68004,68004,LE PEN
68,Haut-Rhin,5,5ème circonscription,76710,22161,54549,1080,162,53307,276,644,15875,1156,11090,4227,12388,720,2943,2231,334,1423,68005,68005,MACRON
68,Haut-Rhin,6,6ème circonscription,93984,25727,68257,1157,395,66705,334,808,17278,1586,18620,5291,14358,799,2731,2300,470,2130,68006,68006,LE PEN
69,Rhône,1,1ère circonscription,71473,14253,57220,705,212,56303,205,975,17388,925,6059,3985,17758,1086,4002,2753,343,824,69001,69001,MÉLENCHON
69,Rhône,2,2ème circonscription,71975,12171,59804,674,193,58937,198,883,18153,809,4260,4561,20056,1187,4726,3144,390,570,69002,69002,MÉLENCHON
69,Rhône,3,3ème circonscription,71683,13560,58123,690,196,57237,232,1013,16565,759,5170,3700,20233,1290,4674,2562,391,648,69003,69003,MÉLENCHON
69,Rhône,4,4ème circonscription,77537,12841,64696,729,216,63751,193,970,23093,922,5759,5816,15320,1235,4705,4707,288,743,69004,69004,MACRON
69,Rhône,5,5ème circonscription,89593,17746,71847,909,272,70666,218,1019,26403,1244,10389,6885,12208,1134,4229,5270,390,1277,69005,69005,MACRON
69,Rhône,6,6ème circonscription,88484,24518,63966,873,257,62836,265,1201,16233,954,7381,4381,23803,1355,3975,2001,458,829,69006,69006,MÉLENCHON
69,Rhône,7,7ème circonscription,70364,21464,48900,605,274,48021,233,876,11781,719,7422,3269,18028,833,1978,1889,275,718,69007,69007,MÉLENCHON
69,Rhône,8,8ème circonscription,104503,20171,84332,1316,387,82629,367,1321,26290,2308,17935,7430,13694,1203,4110,5532,435,2004,69008,69008,MACRON
69,Rhône,9,9ème circonscription,96017,20623,75394,1300,349,73745,334,1261,21955,1994,17827,6600,12831,1089,3447,4224,413,1770,69009,69009,MACRON
69,Rhône,10,10ème circonscription,98838,18226,80612,1161,335,79116,315,1232,27067,1866,15496,6533,12725,1383,4526,5312,408,2253,69010,69010,MACRON
69,Rhône,11,11ème circonscription,96067,19748,76319,1226,397,74696,359,1554,21584,1784,17811,6101,14804,1176,3686,3756,418,1663,69011,69011,MACRON
69,Rhône,12,12ème circonscription,81648,16398,65250,816,251,64183,278,1278,22153,1203,9492,5781,13159,1134,3599,4588,346,1172,69012,69012,MACRON
69,Rhône,13,13ème circonscription,88159,20737,67422,967,310,66145,282,1095,19038,1246,15643,6109,14029,1026,2867,3195,377,1238,69013,69013,MACRON
69,Rhône,14,14ème circonscription,74885,23124,51761,737,276,50748,295,1260,10540,839,9819,3017,20388,764,1383,1330,335,778,69014,69014,MÉLENCHON
70,Haute-Saône,1,1ère circonscription,88119,18718,69401,1206,768,67427,567,1348,16010,2394,22581,4806,10332,1098,2274,3602,645,1770,70001,70001,LE PEN
70,Haute-Saône,2,2ème circonscription,89596,20321,69275,1158,805,67312,604,1488,14194,2426,24037,4869,10757,1247,2018,3152,650,1870,70002,70002,LE PEN
71,Saône-et-Loire,1,1ère circonscription,74159,17047,57112,1109,348,55655,299,1240,17115,1590,12441,3878,10596,1060,2806,2829,403,1398,71001,71001,MACRON
71,Saône-et-Loire,2,2ème circonscription,77096,17458,59638,1233,495,57910,385,1519,16283,2414,15917,3961,9003,1075,1613,3464,435,1841,71002,71002,MACRON
71,Saône-et-Loire,3,3ème circonscription,81158,19091,62067,1211,501,60355,394,1455,16420,2153,17021,4530,9889,1433,2114,3026,493,1427,71003,71003,LE PEN
71,Saône-et-Loire,4,4ème circonscription,82769,19254,63515,1209,523,61783,465,1471,15536,2153,19697,4131,10075,1150,1910,2968,526,1701,71004,71004,LE PEN
71,Saône-et-Loire,5,5ème circonscription,87810,22519,65291,1161,533,63597,436,1734,17279,1876,16894,4186,12773,1319,2287,2923,512,1378,71005,71005,MACRON
72,Sarthe,1,1ère circonscription,73093,17742,55351,1201,299,53851,355,1117,16446,1324,12709,3299,9935,998,2947,3192,399,1130,72001,72001,MACRON
72,Sarthe,2,2ème circonscription,83014,22899,60115,1501,284,58330,453,1533,15991,1291,15496,2869,12637,1165,2677,2608,503,1107,72002,72002,MACRON
72,Sarthe,3,3ème circonscription,86479,21739,64740,1266,616,62858,492,1450,16542,1777,20074,3516,10293,1081,2312,3203,571,1547,72003,72003,LE PEN
72,Sarthe,4,4ème circonscription,80884,20340,60544,1314,449,58781,420,1438,16341,1501,16469,3038,10654,1121,2857,3142,538,1262,72004,72004,LE PEN
72,Sarthe,5,5ème circonscription,87838,22734,65104,1412,450,63242,430,1370,18556,1653,17486,3496,10725,1044,2748,3792,494,1448,72005,72005,MACRON
73,Savoie,1,1ère circonscription,92953,19459,73494,1194,425,71875,349,1315,20460,2306,16424,5830,12936,1247,4597,3956,464,1991,73001,73001,MACRON
73,Savoie,2,2ème circonscription,76053,17535,58518,895,367,57256,269,1361,14644,2173,14009,4109,10617,840,3386,3550,507,1791,73002,73002,MACRON
73,Savoie,3,3ème circonscription,74202,15295,58907,945,357,57605,296,1491,14315,1949,15115,4140,10680,1092,3221,3311,427,1568,73003,73003,LE PEN
73,Savoie,4,4ème circonscription,77501,16640,60861,897,342,59622,291,1369,15270,1653,11185,3966,15625,1239,4438,2791,451,1344,73004,73004,MÉLENCHON
74,Haute-Savoie,1,1ère circonscription,108221,21958,86263,1409,453,84401,324,1144,28182,2278,16256,6210,13876,1386,6664,4917,534,2630,74001,74001,MACRON
74,Haute-Savoie,2,2ème circonscription,99727,21433,78294,1188,366,76740,308,1172,24438,2316,13650,5772,14603,1379,6070,4296,561,2175,74002,74002,MACRON
74,Haute-Savoie,3,3ème circonscription,87640,18632,69008,1176,362,67470,286,978,18343,2373,16064,5385,12359,1032,4444,3131,592,2483,74003,74003,MACRON
74,Haute-Savoie,4,4ème circonscription,87885,22963,64922,1008,310,63604,278,765,18844,1799,12418,5201,13646,901,4045,3019,497,2191,74004,74004,MACRON
74,Haute-Savoie,5,5ème circonscription,101119,24262,76857,1163,443,75251,400,1147,22741,2533,16122,6017,13070,1120,4857,3669,637,2938,74005,74005,MACRON
74,Haute-Savoie,6,6ème circonscription,81073,20136,60937,974,290,59673,284,791,17874,2072,13234,4768,10508,788,3868,3317,411,1758,74006,74006,MACRON
75,Paris,1,1ère circonscription,97799,19432,78367,898,416,77053,183,872,31799,943,5258,7031,17783,1351,5286,5556,389,602,75001,75001,MACRON
75,Paris,2,2ème circonscription,74549,14110,60439,556,156,59727,116,821,25930,739,2783,6170,11423,1080,4212,5699,233,521,75002,75002,MACRON
75,Paris,3,3ème circonscription,71219,15422,55797,619,231,54947,148,836,20330,645,2953,3579,16570,1186,4611,3314,274,501,75003,75003,MACRON
75,Paris,4,4ème circonscription,74018,15070,58948,504,171,58273,55,371,26755,615,3200,9793,6849,554,2472,6982,121,506,75004,75004,MACRON
75,Paris,5,5ème circonscription,78763,16797,61966,565,199,61202,158,1063,21304,574,2513,3326,21354,1604,6180,2390,342,394,75005,75005,MÉLENCHON
75,Paris,6,6ème circonscription,80319,17434,62885,680,193,62012,220,1267,16939,610,2813,2893,26927,1683,5756,1974,442,488,75006,75006,MÉLENCHON
75,Paris,7,7ème circonscription,79551,15918,63633,635,177,62821,145,1192,22884,644,2739,3776,19659,1795,6193,2911,393,490,75007,75007,MACRON
75,Paris,8,8ème circonscription,83848,18271,65577,765,1541,63271,196,1261,20151,797,4074,4594,20603,1691,5156,3663,415,670,75008,75008,MÉLENCHON
75,Paris,9,9ème circonscription,70328,15717,54611,671,287,53653,232,1248,16010,758,3678,3412,19505,1424,3821,2523,392,650,75009,75009,MÉLENCHON
75,Paris,10,10ème circonscription,69820,15846,53974,641,233,53100,206,1116,16296,712,3590,3369,18546,1447,4006,2851,367,594,75010,75010,MÉLENCHON
75,Paris,11,11ème circonscription,72832,14079,58753,582,199,57972,153,1065,22689,724,2728,4363,14735,1376,5104,4226,291,518,75011,75011,MACRON
75,Paris,12,12ème circonscription,76504,15284,61220,536,166,60518,103,712,25842,773,3411,6661,10494,1010,4055,6627,175,655,75012,75012,MACRON
75,Paris,13,13ème circonscription,77820,16678,61142,684,223,60235,156,892,23258,859,4140,5398,13605,1240,4285,5438,249,715,75013,75013,MACRON
75,Paris,14,14ème circonscription,75745,15491,60254,466,186,59602,57,368,27809,633,3497,9747,5656,492,2258,8440,126,519,75014,75014,MACRON
75,Paris,15,15ème circonscription,78647,18551,60096,682,252,59162,227,1352,14428,651,3423,3124,27057,1442,4530,1914,459,555,75015,75015,MÉLENCHON
75,Paris,16,16ème circonscription,74499,19782,54717,507,227,53983,221,1068,13037,513,2845,3617,24931,1239,4001,1694,381,436,75016,75016,MÉLENCHON
75,Paris,17,17ème circonscription,61693,17560,44133,457,241,43435,171,756,9284,397,2349,2472,22199,956,2920,1233,350,348,75017,75017,MÉLENCHON
75,Paris,18,18ème circonscription,70071,15226,54845,580,169,54096,144,1007,18075,552,2435,2763,19476,1331,5422,2129,333,429,75018,75018,MÉLENCHON
76,Seine-Maritime,1,1ère circonscription,65926,17201,48725,637,195,47893,165,1000,15370,739,5935,2971,14068,1112,3268,2324,363,578,76001,76001,MACRON
76,Seine-Maritime,2,2ème circonscription,95009,19925,75084,1157,375,73552,377,1615,25119,1500,17288,4540,12384,1186,3646,3880,501,1516,76002,76002,MACRON
76,Seine-Maritime,3,3ème circonscription,69701,20535,49166,704,286,48176,360,2138,11130,725,10160,2006,16382,1101,2035,988,482,669,76003,76003,MÉLENCHON
76,Seine-Maritime,4,4ème circonscription,86745,24264,62481,1072,418,60991,466,2046,14805,1150,17270,3013,15921,1427,1848,1382,606,1057,76004,76004,LE PEN
76,Seine-Maritime,5,5ème circonscription,94939,22110,72829,1217,439,71173,584,1940,19390,1615,22375,3482,13351,1286,2469,2504,653,1524,76005,76005,LE PEN
76,Seine-Maritime,6,6ème circonscription,109738,26676,83062,1273,466,81323,644,2702,21515,1961,28833,4265,12645,1015,2064,3343,610,1726,76006,76006,LE PEN
76,Seine-Maritime,7,7ème circonscription,86451,23578,62873,1336,123,61414,345,2042,19981,1204,12831,3431,13855,995,2911,2268,483,1068,76007,76007,MACRON
76,Seine-Maritime,8,8ème circonscription,65385,21756,43629,931,45,42653,250,2198,9378,726,10764,1813,13577,565,1367,986,379,650,76008,76008,MÉLENCHON
76,Seine-Maritime,9,9ème circonscription,95403,22237,73166,1167,368,71631,594,2214,19164,1965,23821,3395,11942,1074,2393,2742,682,1645,76009,76009,LE PEN
76,Seine-Maritime,10,10ème circonscription,109955,23865,86090,1488,443,84159,648,2001,23846,2003,28529,4445,12011,1378,2784,3864,718,1932,76010,76010,LE PEN
77,Seine-et-Marne,1,1ère circonscription,70749,19198,51551,702,288,50561,257,927,13292,1025,10586,3998,13466,650,2170,2729,340,1121,77001,77001,MÉLENCHON
77,Seine-et-Marne,2,2ème circonscription,79578,18258,61320,924,272,60124,293,1119,16053,1513,13533,5393,12273,694,3060,4281,414,1498,77002,77002,MACRON
77,Seine-et-Marne,3,3ème circonscription,76911,18647,58264,996,316,56952,350,1203,12609,1255,15476,4011,13996,702,2402,3088,426,1434,77003,77003,LE PEN
77,Seine-et-Marne,4,4ème circonscription,88433,21007,67426,1093,443,65890,408,1266,13754,1518,22088,5200,11919,585,1937,5005,512,1698,77004,77004,LE PEN
77,Seine-et-Marne,5,5ème circonscription,87770,21554,66216,1053,1004,64159,325,1150,16524,1433,17549,4909,13369,723,2448,3634,460,1635,77005,77005,LE PEN
77,Seine-et-Marne,6,6ème circonscription,81158,20935,60223,1056,324,58843,317,1059,12561,1243,16391,4089,15725,566,1932,3263,455,1242,77006,77006,LE PEN
77,Seine-et-Marne,7,7ème circonscription,87147,20532,66615,1023,312,65280,288,1567,15585,1275,15602,4897,18244,716,2349,3112,415,1230,77007,77007,MÉLENCHON
77,Seine-et-Marne,8,8ème circonscription,94569,22504,72065,1185,356,70524,331,1322,21143,1357,12313,4909,19254,864,3305,3807,430,1489,77008,77008,MACRON
77,Seine-et-Marne,9,9ème circonscription,85866,21575,64291,1098,302,62891,305,1242,16909,1370,14399,4725,15043,706,2840,3286,430,1636,77009,77009,MACRON
77,Seine-et-Marne,10,10ème circonscription,81035,21407,59628,906,343,58379,286,1124,15669,987,8820,3292,20664,871,2497,2773,396,1000,77010,77010,MÉLENCHON
77,Seine-et-Marne,11,11ème circonscription,66087,17555,48532,1021,185,47326,280,864,11109,821,8981,2470,17016,776,1778,1850,322,1059,77011,77011,MÉLENCHON
78,Yvelines,1,1ère circonscription,83285,17146,66139,788,276,65075,188,892,21798,1117,5963,8147,13667,840,3983,7172,271,1037,78001,78001,MACRON
78,Yvelines,2,2ème circonscription,85933,16008,69925,877,287,68761,220,1074,24649,1358,7502,7090,12209,919,4827,7361,303,1249,78002,78002,MACRON
78,Yvelines,3,3ème circonscription,83249,16913,66336,751,241,65344,180,821,25755,1136,7193,7635,9950,674,3516,7208,258,1018,78003,78003,MACRON
78,Yvelines,4,4ème circonscription,79851,16244,63607,737,234,62636,193,881,24827,1069,6508,5222,11896,827,4222,5667,313,1011,78004,78004,MACRON
78,Yvelines,5,5ème circonscription,75287,16757,58530,701,205,57624,196,815,21191,942,6319,4935,12409,736,3490,5342,297,952,78005,78005,MACRON
78,Yvelines,6,6ème circonscription,75603,17543,58060,515,374,57171,167,768,21373,919,6391,5229,12288,687,3144,5021,272,912,78006,78006,MACRON
78,Yvelines,7,7ème circonscription,80234,19412,60822,921,287,59614,275,1123,19102,1206,9498,4154,14768,836,3442,3710,400,1100,78007,78007,MACRON
78,Yvelines,8,8ème circonscription,74215,20778,53437,734,309,52394,279,933,11172,902,10775,2912,19856,522,1604,2174,338,927,78008,78008,MÉLENCHON
78,Yvelines,9,9ème circonscription,92669,21481,71188,1021,361,69806,366,1217,19041,1528,15123,5125,17810,719,2713,4329,435,1400,78009,78009,MACRON
78,Yvelines,10,10ème circonscription,91213,18162,73051,1049,305,71697,261,1327,23587,1647,11605,6656,13688,947,4169,5758,442,1610,78010,78010,MACRON
78,Yvelines,11,11ème circonscription,68878,16249,52629,692,318,51619,227,995,14845,882,6741,3307,17059,629,2368,3392,313,861,78011,78011,MÉLENCHON
78,Yvelines,12,12ème circonscription,70828,15015,55813,815,233,54765,222,875,18722,981,7780,3995,12985,710,2992,4162,321,1020,78012,78012,MACRON
79,Deux-Sèvres,1,1ère circonscription,90470,19303,71167,1272,562,69333,475,1642,24096,1994,12630,2852,14910,1699,4210,2827,683,1315,79001,79001,MACRON
79,Deux-Sèvres,2,2ème circonscription,98007,21113,76894,1359,938,74597,655,1696,22692,2779,18539,3236,14600,1465,3418,3067,831,1619,79002,79002,MACRON
79,Deux-Sèvres,3,3ème circonscription,84737,18987,65750,1208,668,63874,514,1200,21658,2241,16734,2715,9610,1176,2446,3363,620,1597,79003,79003,MACRON
80,Somme,1,1ère circonscription,83939,23842,60097,911,623,58563,452,1592,16168,1271,17711,3044,12959,734,1546,1752,401,933,80001,80001,LE PEN
80,Somme,2,2ème circonscription,77398,20666,56732,764,461,55507,350,1321,18721,943,10574,3171,13669,725,2622,2180,377,854,80002,80002,MACRON
80,Somme,3,3ème circonscription,82602,18888,63714,1155,683,61876,610,2048,16354,1926,22759,3544,8159,767,1151,2813,440,1305,80003,80003,LE PEN
80,Somme,4,4ème circonscription,84900,19442,65458,1123,775,63560,547,1392,17781,1649,22411,3728,9251,864,1685,2422,517,1313,80004,80004,LE PEN
80,Somme,5,5ème circonscription,81217,19849,61368,884,1072,59412,527,1353,14083,1582,24569,3398,8305,656,1044,2213,471,1211,80005,80005,LE PEN
81,Tarn,1,1ère circonscription,84945,18571,66374,953,573,64848,334,1449,16343,5066,15452,4590,12487,1746,2351,3117,496,1417,81001,81001,MACRON
81,Tarn,2,2ème circonscription,109393,22800,86593,1268,774,84551,459,2296,18651,5736,20478,5446,20204,2303,3270,3123,764,1821,81002,81002,LE PEN
81,Tarn,3,3ème circonscription,103840,21447,82393,1230,720,80443,382,1568,18931,6208,20613,5946,15739,1769,3059,3774,569,1885,81003,81003,LE PEN
82,Tarn-et-Garonne,1,1ère circonscription,92727,19842,72885,1062,569,71254,341,1666,16083,4302,18516,6067,14757,1581,2604,3211,485,1641,82001,82001,LE PEN
82,Tarn-et-Garonne,2,2ème circonscription,95979,19783,76196,1107,523,74566,338,1962,15654,5271,23667,5705,13124,1488,2231,2783,572,1771,82002,82002,LE PEN
83,Var,1,1ère circonscription,71825,20603,51222,709,222,50291,198,912,12764,1277,11934,7256,9413,551,1946,2604,284,1152,83001,83001,MACRON
83,Var,2,2ème circonscription,91773,24766,67007,938,314,65755,226,1209,15122,2091,19997,8338,11038,715,2257,2727,413,1622,83002,83002,LE PEN
83,Var,3,3ème circonscription,103747,25268,78479,1020,452,77007,256,1379,20231,2243,21328,10197,11116,791,3124,4164,420,1758,83003,83003,LE PEN
83,Var,4,4ème circonscription,112039,29447,82592,1037,427,81128,286,1167,19527,2456,26094,11888,10060,656,2337,3954,491,2212,83004,83004,LE PEN
83,Var,5,5ème circonscription,101179,25588,75591,883,413,74295,231,986,18193,1725,24516,10067,9196,634,2304,4220,394,1829,83005,83005,LE PEN
83,Var,6,6ème circonscription,126880,30569,96311,1249,524,94538,313,1760,20739,3233,31509,11615,13869,949,3582,3713,626,2630,83006,83006,LE PEN
83,Var,7,7ème circonscription,104713,28665,76048,906,342,74800,284,1625,18540,1970,21485,10229,11702,634,2516,3676,392,1747,83007,83007,LE PEN
83,Var,8,8ème circonscription,108748,26306,82442,1061,465,80916,304,1634,17219,2789,26424,9739,12878,773,2978,3284,558,2336,83008,83008,LE PEN
84,Vaucluse,1,1ère circonscription,73360,21563,51797,658,255,50884,218,1069,10403,1209,11448,4125,16824,710,2115,1619,308,836,84001,84001,MÉLENCHON
84,Vaucluse,2,2ème circonscription,85602,20254,65348,933,361,64054,230,1248,15218,1990,18571,6550,11818,784,3054,2688,411,1492,84002,84002,LE PEN
84,Vaucluse,3,3ème circonscription,78463,18543,59920,804,387,58729,225,1237,11971,1968,19999,6147,10478,643,2053,2239,379,1390,84003,84003,LE PEN
84,Vaucluse,4,4ème circonscription,90080,21110,68970,1110,359,67501,274,1408,14590,2389,21907,7614,11514,778,2196,2827,449,1555,84004,84004,LE PEN
84,Vaucluse,5,5ème circonscription,84102,20180,63922,845,380,62697,274,1285,14703,2287,17488,6037,12415,854,2710,2545,476,1623,84005,84005,LE PEN
85,Vendée,1,1ère circonscription,118122,26087,92035,1545,790,89700,579,1722,32759,2474,20269,4672,13745,1628,4629,4461,794,1968,85001,85001,MACRON
85,Vendée,2,2ème circonscription,111779,24173,87606,1455,698,85453,539,1824,28651,2742,19926,5333,13421,1646,4163,4462,769,1977,85002,85002,MACRON
85,Vendée,3,3ème circonscription,134805,30898,103907,1455,676,101776,570,2072,35077,2933,24450,8116,13488,1371,4533,6059,697,2410,85003,85003,MACRON
85,Vendée,4,4ème circonscription,102337,20344,81993,1729,647,79617,547,1212,33373,2518,15288,3761,10506,1431,4083,4294,789,1815,85004,85004,MACRON
85,Vendée,5,5ème circonscription,83920,19045,64875,1128,584,63163,412,1323,19727,2372,17347,3781,9364,1168,2345,3258,572,1494,85005,85005,MACRON
86,Vienne,1,1ère circonscription,80217,17446,62771,1123,526,61122,396,1703,18754,1768,12256,2803,14570,1377,3196,2425,627,1247,86001,86001,MACRON
86,Vienne,2,2ème circonscription,79056,16219,62837,1006,488,61343,366,1518,19151,1727,10044,3286,15527,1405,3924,2683,583,1129,86002,86002,MACRON
86,Vienne,3,3ème circonscription,72854,15830,57024,1027,499,55498,533,1711,15374,2423,15327,2993,9721,986,1860,2596,635,1339,86003,86003,MACRON
86,Vienne,4,4ème circonscription,73884,18809,55075,897,489,53689,420,1480,14552,1823,16587,2857,9344,774,1747,2255,470,1380,86004,86004,LE PEN
87,Haute-Vienne,1,1ère circonscription,84048,18351,65697,1156,660,63881,438,2608,17001,2830,13880,3480,14930,1880,2499,2756,559,1020,87001,87001,MACRON
87,Haute-Vienne,2,2ème circonscription,97835,19226,78609,1464,999,76146,531,3064,20553,4237,17561,3997,15242,2099,2912,3859,679,1412,87002,87002,MACRON
87,Haute-Vienne,3,3ème circonscription,81859,17907,63952,1167,694,62091,488,2358,17397,2906,13916,3319,12965,1675,2466,2929,549,1123,87003,87003,MACRON
88,Vosges,1,1ère circonscription,76583,20050,56533,894,425,55214,346,944,15109,1645,16442,3555,9561,862,2267,2587,444,1452,88001,88001,LE PEN
88,Vosges,2,2ème circonscription,72321,18163,54158,873,609,52676,411,1048,12099,1800,18801,3656,8122,773,1745,2148,510,1563,88002,88002,LE PEN
88,Vosges,3,3ème circonscription,63779,15238,48541,904,426,47211,415,924,12514,1834,13414,2893,8034,797,2007,2224,562,1593,88003,88003,LE PEN
88,Vosges,4,4ème circonscription,65230,15463,49767,760,414,48593,397,931,11710,1924,16989,3080,6938,682,1543,2385,470,1544,88004,88004,LE PEN
89,Yonne,1,1ère circonscription,74972,16833,58139,860,353,56926,368,1297,14970,1701,15760,4152,10454,829,2294,3247,462,1392,89001,89001,LE PEN
89,Yonne,2,2ème circonscription,73405,17507,55898,854,399,54645,410,1355,13212,1844,17554,3769,9356,718,1603,2859,485,1480,89002,89002,LE PEN
89,Yonne,3,3ème circonscription,89580,23209,66371,1001,430,64940,425,1371,14435,1811,21850,5020,11791,739,2020,3216,540,1722,89003,89003,LE PEN
90,Territoire de Belfort,1,1ère circonscription,47406,11489,35917,640,259,35018,277,755,8426,999,10110,2865,6678,537,1357,1790,318,906,90001,90001,LE PEN
90,Territoire de Belfort,2,2ème circonscription,46318,10749,35569,602,331,34636,283,730,8342,1001,8951,2718,7923,515,1441,1532,285,915,90002,90002,LE PEN
91,Essonne,1,1ère circonscription,71894,21996,49898,721,363,48814,264,906,10518,754,7828,2320,21128,563,1525,1780,377,851,91001,91001,MÉLENCHON
91,Essonne,2,2ème circonscription,91510,20865,70645,1091,412,69142,386,1541,17244,1686,18204,5220,14788,747,2879,4132,561,1754,91002,91002,LE PEN
91,Essonne,3,3ème circonscription,98234,21462,76772,1255,404,75113,405,1939,20822,1746,16074,5152,17452,959,3865,4295,578,1826,91003,91003,MACRON
91,Essonne,4,4ème circonscription,98220,20773,77447,1218,398,75831,349,1673,23572,1730,14505,5417,16405,1053,4255,4575,552,1745,91004,91004,MACRON
91,Essonne,5,5ème circonscription,68179,13307,54872,638,200,54034,194,1137,19789,934,4871,3376,13521,975,4005,4040,330,862,91005,91005,MACRON
91,Essonne,6,6ème circonscription,82748,19089,63659,849,337,62473,274,1361,18655,1111,8469,3842,19189,943,3745,3373,427,1084,91006,91006,MÉLENCHON
91,Essonne,7,7ème circonscription,73017,19182,53835,810,319,52706,251,1144,13293,960,9119,3533,17081,716,2209,2923,360,1117,91007,91007,MÉLENCHON
91,Essonne,8,8ème circonscription,75803,19369,56434,797,319,55318,223,1153,14665,928,8789,3845,15459,734,2795,2817,370,3540,91008,91008,MÉLENCHON
91,Essonne,9,9ème circonscription,78393,18934,59459,870,335,58254,265,1256,15707,1032,10385,4040,17138,730,2611,3091,423,1576,91009,91009,MÉLENCHON
91,Essonne,10,10ème circonscription,61502,17223,44279,705,318,43256,220,1370,10238,729,7618,2539,15149,524,1673,2020,328,848,91010,91010,MÉLENCHON
92,Hauts-de-Seine,1,1ère circonscription,65200,18497,46703,801,206,45696,221,1144,9361,470,4483,1697,24426,429,1358,1344,258,505,92001,92001,MÉLENCHON
92,Hauts-de-Seine,2,2ème circonscription,69068,13416,55652,795,216,54641,169,837,20313,737,3747,3966,15404,761,3784,4042,245,636,92002,92002,MACRON
92,Hauts-de-Seine,3,3ème circonscription,82192,16920,65272,1131,135,64006,174,871,25978,911,5382,5416,13240,865,4148,5917,254,850,92003,92003,MACRON
92,Hauts-de-Seine,4,4ème circonscription,80000,19324,60676,959,167,59550,204,1226,18187,800,5542,3473,22248,683,3090,3057,304,736,92004,92004,MÉLENCHON
92,Hauts-de-Seine,5,5ème circonscription,75230,16236,58994,677,232,58085,189,786,21245,790,4445,5776,15609,695,3223,4433,276,618,92005,92005,MACRON
92,Hauts-de-Seine,6,6ème circonscription,75664,13954,61710,702,205,60803,113,501,26230,862,4898,8358,8945,531,2582,6911,201,671,92006,92006,MACRON
92,Hauts-de-Seine,7,7ème circonscription,87577,17457,70120,858,231,69031,150,893,29596,1081,5910,6461,11657,790,4218,7170,233,872,92007,92007,MACRON
92,Hauts-de-Seine,8,8ème circonscription,67791,12784,55007,758,110,54139,155,774,22144,858,4187,4528,10890,775,3843,4990,250,745,92008,92008,MACRON
92,Hauts-de-Seine,9,9ème circonscription,63115,11573,51542,841,0,50701,83,486,23629,683,3246,5680,7014,544,2971,5642,153,570,92009,92009,MACRON
92,Hauts-de-Seine,10,10ème circonscription,79139,15830,63309,1249,89,61971,162,1026,24014,949,4768,4699,14950,1084,4443,4728,337,811,92010,92010,MACRON
92,Hauts-de-Seine,11,11ème circonscription,70156,15494,54662,656,304,53702,242,1886,15521,760,4624,2935,19594,951,3685,2426,388,690,92011,92011,MÉLENCHON
92,Hauts-de-Seine,12,12ème circonscription,92940,19067,73873,1018,327,72528,261,1460,25308,1252,7758,4948,18278,1209,4927,5599,423,1105,92012,92012,MACRON
92,Hauts-de-Seine,13,13ème circonscription,89595,18238,71357,1396,72,69889,183,1280,25968,1107,5822,4824,17385,1201,4831,5972,382,934,92013,92013,MACRON
93,Seine-Saint-Denis,1,1ère circonscription,66497,20200,46297,503,343,45451,232,877,9051,437,3650,1826,24999,552,1841,1251,314,421,93001,93001,MÉLENCHON
93,Seine-Saint-Denis,2,2ème circonscription,54675,18566,36109,507,275,35327,199,764,5517,342,3290,1143,21763,355,761,626,248,319,93002,93002,MÉLENCHON
93,Seine-Saint-Denis,3,3ème circonscription,75048,18893,56155,810,336,55009,252,1105,15541,928,7544,3263,19204,724,2502,2624,390,932,93003,93003,MÉLENCHON
93,Seine-Saint-Denis,4,4ème circonscription,64751,22303,42448,698,201,41549,199,859,6505,396,5262,1772,24075,286,544,1040,220,391,93004,93004,MÉLENCHON
93,Seine-Saint-Denis,5,5ème circonscription,64548,22265,42283,604,324,41355,207,890,7789,473,6088,2073,20893,280,721,1229,230,482,93005,93005,MÉLENCHON
93,Seine-Saint-Denis,6,6ème circonscription,57423,17978,39445,432,236,38777,318,850,6799,364,3061,1680,22042,489,1713,879,259,323,93006,93006,MÉLENCHON
93,Seine-Saint-Denis,7,7ème circonscription,79806,21386,58420,738,231,57451,281,1778,10372,583,4172,2115,31611,829,3607,1054,557,492,93007,93007,MÉLENCHON
93,Seine-Saint-Denis,8,8ème circonscription,61152,16734,44418,834,168,43416,173,879,11066,715,6599,3148,15244,513,1855,2285,283,656,93008,93008,MÉLENCHON
93,Seine-Saint-Denis,9,9ème circonscription,73220,20444,52776,633,302,51841,311,1256,10439,631,4920,3058,25604,747,2527,1414,399,535,93009,93009,MÉLENCHON
93,Seine-Saint-Denis,10,10ème circonscription,68904,21305,47599,637,260,46702,231,753,9296,714,6224,2655,22480,396,1194,1912,247,600,93010,93010,MÉLENCHON
93,Seine-Saint-Denis,11,11ème circonscription,62978,20094,42884,605,309,41970,175,844,7686,522,5770,1807,22188,295,763,1197,247,476,93011,93011,MÉLENCHON
93,Seine-Saint-Denis,12,12ème circonscription,64927,19759,45168,606,259,44303,178,787,10057,700,7963,3429,16529,424,1324,1970,269,673,93012,93012,MÉLENCHON
94,Val-de-Marne,1,1ère circonscription,84314,18485,65829,884,325,64620,194,1608,22307,1097,7203,5900,15428,828,3976,4773,313,993,94001,94001,MACRON
94,Val-de-Marne,2,2ème circonscription,65115,17699,47416,624,327,46465,244,1172,10360,623,5455,2857,21100,578,1491,1646,309,630,94002,94002,MÉLENCHON
94,Val-de-Marne,3,3ème circonscription,73200,19152,54048,913,307,52828,224,1145,13047,855,9340,3384,18335,550,1676,2678,308,1286,94003,94003,MÉLENCHON
94,Val-de-Marne,4,4ème circonscription,73434,16897,56537,879,291,55367,234,1141,16984,1001,8920,4221,14541,608,2682,3606,316,1113,94004,94004,MACRON
94,Val-de-Marne,5,5ème circonscription,89753,22546,67207,1005,254,65948,200,1494,21608,974,7457,5544,18103,758,3742,4714,340,1014,94005,94005,MACRON
94,Val-de-Marne,6,6ème circonscription,81755,17424,64331,798,265,63268,217,1328,22196,837,4561,5833,16862,1141,5077,4020,364,832,94006,94006,MACRON
94,Val-de-Marne,7,7ème circonscription,65949,17467,48482,730,260,47492,234,1147,13809,794,6028,2899,15756,744,2343,2670,314,754,94007,94007,MÉLENCHON
94,Val-de-Marne,8,8ème circonscription,77989,16711,61278,832,297,60149,282,1170,19541,1033,6701,5979,15087,909,3871,4174,412,990,94008,94008,MACRON
94,Val-de-Marne,9,9ème circonscription,53579,14659,38920,545,285,38090,214,1104,9023,538,4760,2118,15855,613,1748,1297,279,541,94009,94009,MÉLENCHON
94,Val-de-Marne,10,10ème circonscription,66555,17572,48983,622,292,48069,220,1981,10853,580,4735,2246,21991,743,2358,1345,415,602,94010,94010,MÉLENCHON
94,Val-de-Marne,11,11ème circonscription,64443,16797,47646,669,215,46762,241,1664,11681,612,4439,2449,19369,804,2940,1599,360,604,94011,94011,MÉLENCHON
95,Val-d'Oise,1,1ère circonscription,82122,18744,63378,997,325,62056,308,1296,16209,1333,13874,4672,15479,760,2846,3501,456,1322,95001,95001,MACRON
95,Val-d'Oise,2,2ème circonscription,77842,18684,59158,892,353,57913,272,1216,15986,1117,11455,4366,15326,688,2677,3197,411,1202,95002,95002,MACRON
95,Val-d'Oise,3,3ème circonscription,93965,22499,71466,1089,368,70009,277,1482,19880,1350,12634,4775,19481,833,3254,4257,460,1326,95003,95003,MACRON
95,Val-d'Oise,4,4ème circonscription,75211,18415,56796,845,274,55677,263,1138,16691,1054,8412,4026,15924,692,2881,3273,335,988,95004,95004,MACRON
95,Val-d'Oise,5,5ème circonscription,68637,20266,48371,572,249,47550,220,926,10202,599,6255,2109,23241,470,1247,1497,255,529,95005,95005,MÉLENCHON
95,Val-d'Oise,6,6ème circonscription,75004,19594,55410,749,267,54394,228,954,16310,920,7333,4289,16904,657,2420,3250,296,833,95006,95006,MÉLENCHON
95,Val-d'Oise,7,7ème circonscription,68851,18507,50344,719,289,49336,193,903,13093,822,8091,5447,14643,568,1913,2529,315,819,95007,95007,MÉLENCHON
95,Val-d'Oise,8,8ème circonscription,54208,18154,36054,510,285,35259,174,413,6437,383,4992,2238,18337,313,440,940,197,395,95008,95008,MÉLENCHON
95,Val-d'Oise,9,9ème circonscription,70142,20049,50093,810,426,48857,219,897,10550,780,10791,3279,17775,428,1120,1891,326,801,95009,95009,MÉLENCHON
95,Val-d'Oise,10,10ème circonscription,67547,17941,49606,844,228,48534,238,835,12808,743,7244,2363,18556,685,1912,2068,301,781,95010,95010,MÉLENCHON
ZA,Guadeloupe,1,1ère circonscription,76035,42997,33038,656,959,31423,287,141,3774,177,5302,473,19185,452,278,776,176,402,ZA001,ZA001,MÉLENCHON
ZA,Guadeloupe,2,2ème circonscription,87612,48372,39240,775,970,37495,291,210,5457,331,7223,1023,19709,521,685,1224,212,609,ZA002,ZA002,MÉLENCHON
ZA,Guadeloupe,3,3ème circonscription,84220,44691,39529,674,876,37979,274,168,5121,316,6508,1039,21402,596,591,1127,196,641,ZA003,ZA003,MÉLENCHON
ZA,Guadeloupe,4,4ème circonscription,68156,38532,29624,614,822,28188,232,149,3785,209,5171,563,15566,697,373,852,129,462,ZA004,ZA004,MÉLENCHON
ZB,Martinique,1,1ère circonscription,80037,44808,35229,1154,823,33252,432,195,5092,302,4811,1033,17655,970,461,1254,260,787,ZB001,ZB001,MÉLENCHON
ZB,Martinique,2,2ème circonscription,80281,45409,34872,1111,924,32837,414,195,5909,317,4775,685,16727,903,505,1364,277,766,ZB002,ZB002,MÉLENCHON
ZB,Martinique,3,3ème circonscription,60281,34779,25502,840,531,24131,274,152,3902,209,2734,619,13229,895,414,856,203,644,ZB003,ZB003,MÉLENCHON
ZB,Martinique,4,4ème circonscription,83995,49592,34403,896,778,32729,327,205,5140,334,4175,816,17681,1167,598,1257,237,792,ZB004,ZB004,MÉLENCHON
ZC,Guyane,1,1ère circonscription,56628,32823,23805,556,377,22872,176,143,3312,331,4195,1008,11236,380,611,725,295,460,ZC001,ZC001,MÉLENCHON
ZC,Guyane,2,2ème circonscription,46365,32931,13434,269,176,12989,121,103,1789,185,2139,565,6907,155,329,272,167,257,ZC002,ZC002,MÉLENCHON
ZD,La Réunion,1,1ère circonscription,85236,37505,47731,965,729,46037,385,352,9994,653,9715,2277,17266,1043,1421,1567,333,1031,ZD001,ZD001,MÉLENCHON
ZD,La Réunion,2,2ème circonscription,98707,47870,50837,1100,1203,48534,488,435,8924,659,9765,1666,21980,714,1199,1250,401,1053,ZD002,ZD002,MÉLENCHON
ZD,La Réunion,3,3ème circonscription,96040,41754,54286,1207,1462,51617,532,394,8044,734,15524,1962,19446,775,933,1409,390,1474,ZD003,ZD003,MÉLENCHON
ZD,La Réunion,4,4ème circonscription,108575,44701,63874,1354,1648,60872,690,469,10168,848,14971,2220,25513,868,1296,1818,496,1515,ZD004,ZD004,MÉLENCHON
ZD,La Réunion,5,5ème circonscription,87334,44067,43267,778,1047,41442,520,275,7686,476,12677,1236,15482,519,509,931,269,862,ZD005,ZD005,MÉLENCHON
ZD,La Réunion,6,6ème circonscription,81747,39895,41852,756,765,40331,419,727,7312,499,10987,1413,15161,688,862,1089,294,880,ZD006,ZD006,MÉLENCHON
ZD,La Réunion,7,7ème circonscription,117900,57367,60533,1201,1399,57933,504,422,10414,975,12131,2296,24756,942,1774,1674,522,1523,ZD007,ZD007,MÉLENCHON
ZM,Mayotte,1,1ère circonscription,42446,25697,16749,427,555,15767,195,87,3091,140,5925,285,4340,167,127,1022,146,242,ZM001,ZM001,LE PEN
ZM,Mayotte,2,2ème circonscription,49741,29327,20414,495,636,19283,235,119,2845,219,9033,197,4058,151,168,1788,182,288,ZM002,ZM002,LE PEN
ZN,Nouvelle-Calédonie,1,1ère circonscription,96762,61832,34930,764,219,33947,209,194,14194,529,5712,3603,4198,471,1407,1875,227,1328,ZN001,ZN001,MACRON
ZN,Nouvelle-Calédonie,2,2ème circonscription,122011,83975,38036,1013,470,36553,356,205,14367,502,7561,2832,5513,492,754,2269,333,1369,ZN002,ZN002,MACRON
ZP,Polynésie française,1,1ère circonscription,71957,45693,26264,551,1153,24560,310,125,11014,240,4397,1710,2862,317,874,1824,165,722,ZP001,ZP001,MACRON
ZP,Polynésie française,2,2ème circonscription,67010,49254,17756,457,476,16823,237,103,6605,160,3661,923,2353,265,530,1247,143,596,ZP002,ZP002,MACRON
ZP,Polynésie française,3,3ème circonscription,66609,47174,19435,482,306,18647,261,140,6487,210,3647,1650,2775,283,746,1654,143,651,ZP003,ZP003,MACRON
ZS,Saint-Pierre-et-Miquelon,1,Saint-Pierre-et-Miquelon,5045,2272,2773,47,25,2701,22,19,534,108,459,80,1105,75,116,51,50,82,ZS001,ZS001,MÉLENCHON
ZW,Wallis et Futuna,1,1ère circonscription,9528,4125,5403,27,17,5359,98,34,2115,78,579,118,501,118,72,1354,48,244,ZW001,ZW001,MACRON
ZX,Saint-Martin/Saint-Barthélemy,1,1ère circonscription,24414,15812,8602,150,84,8368,41,48,2070,208,1445,1107,2354,92,247,354,63,339,ZX001,ZX001,MÉLENCHON
ZZ,Français établis hors de France,1,1ère circonscription,237907,161601,76306,460,312,75534,147,425,35415,683,2970,5873,16285,2355,7139,2810,503,929,ZZ001,ZZ001,MACRON
ZZ,Français établis hors de France,2,2ème circonscription,75356,57157,18199,116,176,17907,54,120,8222,173,1002,1621,4069,430,1125,727,117,247,ZZ002,ZZ002,MACRON
ZZ,Français établis hors de France,3,3ème circonscription,146874,96470,50404,264,272,49868,151,331,24802,421,1292,2543,11011,1556,4955,1935,337,534,ZZ003,ZZ003,MACRON
ZZ,Français établis hors de France,4,4ème circonscription,146858,81205,65653,345,164,65144,176,531,27878,820,3452,4255,15689,1584,6654,2674,474,957,ZZ004,ZZ004,MACRON
ZZ,Français établis hors de France,5,5ème circonscription,104058,70338,33720,249,95,33376,90,279,12945,446,2985,3988,6509,1124,2621,1600,197,592,ZZ005,ZZ005,MACRON
ZZ,Français établis hors de France,6,6ème circonscription,148654,83136,65518,390,270,64858,194,353,29659,1094,4611,5456,11690,1328,5464,3099,540,1370,ZZ006,ZZ006,MACRON
ZZ,Français établis hors de France,7,7ème circonscription,122158,69559,52599,247,208,52144,130,389,26600,579,1730,2678,9813,1687,5792,1758,349,639,ZZ007,ZZ007,MACRON
ZZ,Français établis hors de France,8,8ème circonscription,130065,106455,23610,150,109,23351,76,195,10083,225,1227,4884,3241,597,1306,1084,133,300,ZZ008,ZZ008,MACRON
ZZ,Français établis hors de France,9,9ème circonscription,121122,81344,39778,298,178,39302,109,205,15038,493,1923,2441,15636,466,1219,1256,135,381,ZZ009,ZZ009,MÉLENCHON
ZZ,Français établis hors de France,10,10ème circonscription,103910,63575,40335,365,191,39779,90,214,17920,531,3306,4413,8407,612,1622,1971,163,530,ZZ010,ZZ010,MACRON
ZZ,Français établis hors de France,11,11ème circonscription,98784,60615,38169,309,172,37688,83,224,16395,499,1882,5100,7044,750,2877,2042,197,595,ZZ011,ZZ011,MACRON
